state,county,year,month,month_name,date,hazard,title,narrative,households_HH,individuals,figure_measure,figure_scope,figure_context,all_figures_found,other_counties_named,source,link,location_basis,possible_duplicate_of
Jonglei,Fangak,2026,10,Oct,2026-10-07,Flood,MSF Launches Community Paramedicine in Fangak,"(FAKAK COUNTY) – Communities in Fangak County, Jonglei State, are facing severe difficulties in accessing healthcare after years of flooding, displacement and insecurity, according to Médecins Sans Frontières, also known as Doctors Without Borders. Médecins Sans Frontières reported in October 2026 that since 2019 communities across Fangak County have faced a cycle of flooding, displacement and insecurity. Recurrent floods have submerged homes, farmland and grazing areas,...",,110000,reported,county named in same sentence,"In May 2025, the Médecins Sans Frontières hospital in Old Fangak, which served more than 110,000 people, was bombed by Government forces during an aerial attack that killed seven people and injured 27 others, including patients and aid staff.","110,000 ind (reported); 25,146 ind (reported)",,Radio Yei,https://radioyei.org/news/health/msf-launches-community-paramedicine-in-fangak/,title,
Jonglei,Fangak,2026,10,Oct,2026-10-07,Flood,"Floods, conflict cut Fangak communities off from healthcare","Communities in Fangak County, Jonglei State, continue to face flooding, displacement and insecurity, with many residents forced to live on isolated islands and higher ground, Médecins Sans Frontières (MSF) has said. In a statement posted on its Facebook page on Tuesday, the medical charity said recurrent flooding since 2019 has destroyed homes, farmland and livestock, while conflict has further displaced communities and disrupted access to healthcare. The organization said...",,25000,reported,wider / not specified,"The programme currently serves more than 25,000 people across Dhornor, Kuerbuay, Kuerdeng and Payiat, providing outpatient consultations, maternal healthcare, treatment and referrals.","25,000 ind (reported)",,Eye Radio,https://eyeradio.org/floods-conflict-cut-fangak-communities-off-from-healthcare/,title,
Western Equatoria,Ibba,2026,10,Oct,2026-10-06,Flood,"Ibba Cut Off by Floods and Insecurity, UNMISS Warns","Heavy rains and insecurity have left communities in Ibba County even more isolated than before, the mission reported in October 2026. Large sections of the road are badly damaged, with deep potholes, mud and flooding forcing vehicles to regularly slow down to almost walking pace.",,,,,,,Yambio; Maridi; Wau,Radio Yei,https://radioyei.org/news/security/ibba-cut-off-by-floods-and-insecurity-unmiss-warns/,title,
Northern Bahr el Ghazal,Aweil Centre,2026,10,Oct,2026-10-06,Drought,"Warrap Declares Humanitarian Emergency as 210,000 Need Aid","Below average rainfall has caused crop losses, degraded pasture and reduced water availability, undermining household food production and livelihoods, according to the South Sudan Humanitarian Update as of 30th September 2026. Findings from a September 2026 Emergency Food Security Assessment conducted by state authorities and Food Security and Livelihoods Cluster partners indicate that prolonged dry spells and drought like conditions affected nearly 1.3 million people across...",5800,161269,reported,county named in same sentence,"The funding will assist an estimated 161,269 people in six priority counties: Lafon, Budi, Kapoeta East, Kapoeta North, Kapoeta South and Aweil Centre. | Meanwhile, tensions among armed groups in Unity State disrupted health and nutrition services for nearly 5,800 households in Panyijiar County.","1,300,000 ind (affected); 564,929 ind (affected); 210,000 ind (displaced); 12,800 ind (affected); 2,850 HH (reported); 17,100 ind (reported); 24,000 ind (displaced); 17,000 ind (displaced)",Malakal; Panyikang; Ulang; Aweil South; Rubkona; Nyirol; Maiwut,Radio Yei,https://radioyei.org/news/states/warrap-declares-humanitarian-emergency-as-210000-need-aid/,body,
,,2026,10,Oct,2026-10-06,Flood,South Sudan warns of possible Nile flooding as Lake Victoria water levels expected to rise,"The Ministry of Water Resources and Irrigation has warned of a potential increase in Nile water levels and associated flooding following forecasts of rising water levels in Lake Victoria. The Ministry says communities living along riverbanks and floodplains should begin preparing for possible flooding as increased flows from the Lake Victoria Basin could eventually affect the White Nile system in South Sudan. According to a new public notice issued by the Ministry, the...",,,,,,,,Eye Radio,https://eyeradio.org/south-sudan-warns-of-possible-nile-flooding-as-lake-victoria-water-levels-expected-to-rise/,not found,
Upper Nile,Maban,2026,10,Oct,2026-10-05,Flood,Maban Dialogue Sets Out Practical Steps Against Drought and Floods,"(MABAN, SOUTH SUDAN) – Communities in South Sudan’s Upper Nile region have drawn up practical plans to prepare for and manage climate shocks, warning that flooding and drought are undermining efforts to build lasting peace. After examining different types of climate disasters, including drought and flooding, community representatives worked together to identify practical solutions.",,,,,,,,Radio Yei,https://radioyei.org/news/environment/maban-dialogue-sets-out-practical-steps-against-drought-and-floods/,title,
Unity,Rubkona,2026,10,Oct,2026-10-05,Flood,"Bentiu Flood Crisis Could Submerge 50,000, UN Warns","(BENTIU, UNITY STATE) – South Sudan’s government is being urged to take the lead in responding to a climate crisis that threatens to cause catastrophe in Bentiu, where flooding has submerged about 70% of the land. The United Nations Mission in South Sudan says the situation in Unity State has moved from a cyclical flood emergency to a permanent hydrological crisis. For years, residents have suffered the effects of rising water levels caused by persistent and extraordinary...",,50000,affected,wider / not specified,"If the work of the UN and the International Organization for Migration were to be affected, and if a breach in the dykes was not repaired within ten hours, we estimate that 50,000 people will be submerged,” he said.","300,000 ind (reported); 50,000 ind (affected)",,Radio Yei,https://radioyei.org/news/environment/bentiu-flood-crisis-could-submerge-50000-un-warns/,title,
Northern Bahr el Ghazal,Aweil Centre,2026,10,Oct,2026-10-03,Heavy rainfall,Northern Bahr el Ghazal records 40 hepatitis E cases amid heavy rains,"Luka Lual Aliue, the ministry’s Health Education Focal Point, stated that the cases were identified during epidemiological weeks 38 and 39 as heavy seasonal rains intensified across the state.",,,,,,,,Eye Radio,https://eyeradio.org/northern-bahr-el-ghazal-records-40-hepatitis-e-cases-amid-heavy-rains/,body,
Central Equatoria,Juba,2026,10,Oct,2026-10-01,Flood,Flooding disrupts movement between Kapuri and Juba after bridge overflows,"Flash floods triggered by heavy overnight rains disrupted movement between Kapuri and Juba this morning after rising water submerged the bridge linking the area to the capital, leaving travellers stranded, according to residents. He said he was unable to travel to work because of the flooding. When it rains, how long are we going to continue like this?” he said.",,,,,,,,Eye Radio,https://eyeradio.org/flooding-disrupts-movement-between-kapuri-and-juba-after-bridge-overflows/,title,
Eastern Equatoria,Lafon,2026,9,Sep,2026-09-23,Drought,"South Sudan: Rapid Drought Impact Assessment in Lafon County, Eastern Equatoria (September 2026)",• A large-deficit harvest in 2025 and a prolonged dry spell from May 2026 precipitated an exceptionally severe lean season in Lafon County in 2026.,,,,,,,,ReliefWeb (REACH Initiative),https://reliefweb.int/report/south-sudan/south-sudan-rapid-drought-impact-assessment-lafon-county-eastern-equatoria-september-2026,title,
Central Equatoria,Juba,2026,9,Sep,2026-09-22,Flood,Gov’t Warns of Possible Nile Flooding as Lake Victoria Levels Rise,"JUBA—The governmenthas warned communities along the Nile, including people living in low-lying areas of Juba, to prepare for possible flooding as rising water levels in Lake Victoria are expected to increase downstream river flows. Ministry of Water Resources and Irrigation said Uganda had notified South Sudan that Lake Victoria could reach record-high levels following forecasts of above-normal rainfall across its basin. Higher water releases through the Nile could bring...",,,,,,,,Radio Yei,https://radioyei.org/news/govt-warns-of-possible-nile-flooding-as-lake-victoria-levels-rise/,body,
Northern Bahr el Ghazal,Aweil Centre,2026,9,Sep,2026-09-22,Drought,Dry spell puts 70 percent of Northern Bahr el Ghazal population at risk of food shortages,"A prolonged dry spell could leave about 70 percent of the population in Northern Bahr el Ghazal facing food shortages later this year and early next year, according to a rapid food-security assessment conducted by the state government and humanitarian partners. The assessment, carried out under the Food Security and Livelihoods Cluster, examined the impact of the prolonged dry spell on crops, livestock and food security across the state. Daniel said the dry spell has mainly...",,,,,,,Aweil East,Eye Radio,https://eyeradio.org/dry-spell-puts-70-percent-of-northern-bahr-el-ghazal-population-at-risk-of-food-shortages/,body,
Central Equatoria,,2026,9,Sep,2026-09-19,Flood,South Sudan urges IGAD to strengthen cross-border information sharing on Nile flows,"The Ministry of Humanitarian Affairs and Disaster Management says stronger regional coordination will be critical for timely response to potential flooding, drought and other climate-related emergencies during the October–December 2026 period. Chan said South Sudan remains highly vulnerable to climate-related hazards, with several states facing the possibility of flooding that could affect an estimated 1.3 million people and trigger widespread displacement. He identified...",,1300000,displaced,state named in same sentence,"“South Sudan remains highly vulnerable to climate-related hazards, such as floods in locations like Jonglei, Unity, Upper Nile, Warrap, Northern Bahr el Ghazal, Lakes and Central Equatoria, with potential impact on an estimated 1.3 million people, extensive displacement,” Chan said.","1,300,000 ind (displaced); 1,300,000 ind (displaced)",,Eye Radio,https://eyeradio.org/south-sudan-urges-igad-to-strengthen-cross-border-information-sharing-on-nile-flows/,state only,
Eastern Equatoria,Torit,2026,9,Sep,2026-09-16,Drought,Governor Lobong appeals for aid as dry spell worsen crisis,Eastern Equatoria Governor Louis Lobong Lojore is calling for urgent humanitarian assistance as a prolonged dry spell leaves communities facing shortages of food and water and livestock struggling to find pasture.,,,,,,,Mayom,Eye Radio,https://eyeradio.org/governor-lobong-appeals-for-aid-as-dry-spell-worsen-crisis/,body,
Central Equatoria,Yei,2026,9,Sep,2026-09-10,Drought,Drought Threatens Yei’s Second Planting Season,"( YEI RIVER COUNTY ) – Farmers in Yei River County are facing a difficult second planting season following a prolonged dry spell that has persisted throughout August and September, raising concerns over reduced crop yields and potential food shortages later this year. Speaking to Access Radio, the County Director of Agriculture, Asiki Isaac, said the lack of rainfall has severely disrupted planting activities, leaving many farmers frustrated as the ideal planting period...",,,,,,,,Radio Yei,https://radioyei.org/news/business/agriculture/drought-threatens-yeis-second-planting-season/,title,
Eastern Equatoria,Magwi,2026,9,Sep,2026-09-09,Drought,Mission 21 Aids 500 Drought-Hit Families in Pageri as Famine Risk Grows,"(PAGERI, MAGWI COUNTY) —Mission 21 has provided food, household supplies and farming tools to 500 drought-affected returnee households in Pageri Payam, Magwi County, as worsening dry conditions threaten food security and livelihoods. Mission 21 also supported the rehabilitation of community boreholes as part of efforts to improve access to safe water and strengthen the community’s resilience amid worsening drought conditions. Mambo said the assistance had arrived at a...",500,,reported,wider / not specified,"The 500 households received beans, salt, maize flour, cooking oil, mosquito nets, mats and farming tools, including hoes, pangas and other implements for clearing farmland.",500 HH (reported),,Radio Yei,https://radioyei.org/news/mission-21-aids-500-drought-hit-families-in-pageri-as-famine-risk-grows/,body,
Warrap,,2026,9,Sep,2026-09-07,Drought,Warrap declares state of disaster over “unprecedented dry spell”,"The Government of Warrap State has declared a disaster and humanitarian emergency across all counties, as severe drought threatens food security and raises fears of acute food insecurity. In a statement issued on September 4, the state government said Warrap is facing an unprecedented dry spell caused by severe rainfall deficits. “State Government agencies including Warrap State Relief and Rehabilitation Commission (RRC), in coordination with the State Ministry of...",,,,,,,,Eye Radio,https://eyeradio.org/warrap-declares-state-of-disaster-over-unprecedented-dry-spell/,state only,
Northern Bahr el Ghazal,Aweil East,2026,9,Sep,2026-09-07,Drought,‘All the crops are dead’: Aweil East appeals for urgent drought relief,"Authorities in Aweil East County of Northern Bahr el Ghazal State are appealing for urgent humanitarian assistance following a prolonged dry spell that has destroyed crops, dried up water sources and left thousands of people facing food insecurity. The dry spell has affected all seven Payams of Aweil East County, according to the Relief and Rehabilitation Commission (RRC), with local officials warning that the situation could worsen if immediate assistance is not provided....",,129000,affected,county named in same sentence,"Mawich said an estimated 129,000 people had been affected by the dry spell in Aweil East County, while more than 87,000 people were reportedly facing food insecurity.","129,000 ind (affected); 87,000 ind (affected)",Aweil Centre,Eye Radio,https://eyeradio.org/all-the-crops-are-dead-aweil-east-appeals-for-urgent-drought-relief/,title,
,,2026,9,Sep,2026-09-05,Drought,"OPINION: Urgent call for early action on drought, food security and climate resilience in South Sudan","“Early Warning Must Lead to Early Action” – I wish to draw the attention of the people of South Sudan, our national and state authorities, development and humanitarian partners, civil society, the private sector and our international partners to the increasingly serious drought, food-security and climate-related risks facing our communities. Recent assessments and early-warning information from FAO, WFP and other humanitarian partners indicate exceptionally high levels of...",,,,,,,,Eye Radio,https://eyeradio.org/opinion-urgent-call-for-early-action-on-drought-food-security-and-climate-resilience-in-south-sudan/,not found,
Lakes,Cueibet,2026,9,Sep,2026-09-04,Drought,CEPO warns dry spell threatens food security in Lakes State,"A civil society group in Lakes State has raised concern over a severe dry spell that is damaging crops across several counties. The organization warned that continued crop failure could worsen food insecurity, increase malnutrition and push more families into crisis.",,,,,,,Wulu,Eye Radio,https://eyeradio.org/cepo-warns-dry-spell-threatens-food-security-in-lakes-state/,body,
Eastern Equatoria,Kapoeta South,2026,9,Sep,2026-09-03,Drought,Hunger claims 3 lives in Eastern Equatoria as drought destroys crops,"The Governor of Eastern Equatoria State says three people have died of hunger this week as a prolonged drought continues to devastate communities across the state. He raised the alarm during a visit to a sorghum farm in Kapoeta South County, where he said the drought has severely affected crops. The drought has also affected pastoralists, with livestock moving across borders and into neighbouring areas in search of water and pasture.",,,,,,,Torit,Eye Radio,https://eyeradio.org/hunger-claims-3-lives-in-eastern-equatoria-as-drought-destroys-crops/,body,
Eastern Equatoria,Magwi,2026,9,Sep,2026-09-03,Drought,Magwi Commissioner warns of poor harvest after prolonged dry spell,"The Commissioner of Magwi County, Lam Francis Gabriel, says a prolonged dry spell has affected crops in many parts of the country, with farmers expecting a poor harvest this season. Speaking to Eye Radio on Thursday, Commissioner Gabriel said most parts of Magwi County have experienced high temperatures and little rainfall over the past few months. He said the dry spell has affected crops and is likely to reduce the harvest this year.",,,,,,,,Eye Radio,https://eyeradio.org/magwi-commissioner-warns-of-poor-harvest-after-prolonged-dry-spell/,title,
,,2026,9,Sep,2026-09-01,Flood,El Niño threatens more than two-thirds of children in Eastern and Southern Africa,"Intensifying drought, extreme heat and flooding threaten children’s nutrition, health, access to safe water and sanitation, education and safety. For example, in Somalia, flooding could directly affect up to 2.5 million people under the most severe scenario mapping, driving displacement and impacting children’s access to food, healthcare, safe water and education; in Ethiopia, tens of thousands of children are likely to be affected, particularly in areas already facing...",,2500000,displaced,wider / not specified,"For example, in Somalia, flooding could directly affect up to 2.5 million people under the most severe scenario mapping, driving displacement and impacting children’s access to food, healthcare, safe water and education; in Ethiopia, tens of thousands of children are likely to be affected, particularly in areas already facing severe food insecurity and vulnerability; and in South Sudan, drought, extreme heat and localized flooding threaten to deepen food insecurity and malnutrition, increase dis","2,500,000 ind (displaced)",,ReliefWeb (UN Children's Fund),https://reliefweb.int/report/kenya/el-nino-threatens-more-two-thirds-children-eastern-and-southern-africa,not found,
Jonglei,Pibor,2026,9,Sep,2026-09-01,Drought,"South Sudan: Food Security Outlook Update: Conflict and drought to drive Emergency and risk of Famine during harvest, August 2026 - January 2027","- **South Sudan will remain one of the top food insecure countries** [**globally and in the region through January 2027**](https://fews.net/global/food-assistance-outlook-brief/august-2026/print)due to conflict and El Niño-driven drought, seasonal floods, deteriorating economic conditions,and erosion of purchasing capacity. Concern is also rising for extreme outcomes in Lafon amid additional reports of hunger-related deaths following crop failure. In the most severely...",,,,,,,Nyirol; Akobo; Ulang; Guit,ReliefWeb (Famine Early Warning System Network),https://reliefweb.int/report/south-sudan/south-sudan-food-security-outlook-update-conflict-and-drought-drive-emergency-and-risk-famine-during-harvest-august-2026-january-2027,body,
Warrap,,2026,8,Aug,2026-08-31,Flood,South Sudan’s nutrition crisis: Holding the line between hunger and hope,"These include conflict and displacement, rising food and fuel prices, disrupted markets, disease outbreaks, flooding, poor access to clean water and sanitation, and reduced humanitarian access. For 19-year-old Yom Akol, who is pregnant and was found to be malnourished, distance and flooding are constant concerns. During rainy season, we are cut off… There is nowhere to pass because of floods.”",,7800000,in need,wider / not specified,"Between April and July 2026, an estimated 7.8 million people—56 percent of the analysed population—are expected to face Crisis-level food insecurity or worse, according to the Integrated Food Security Phase Classification (IPC).","7,800,000 ind (in need); 2,000,000 ind (in need)",,Eye Radio,https://eyeradio.org/south-sudans-nutrition-crisis-holding-the-line-between-hunger-and-hope/,state only,
,,2026,8,Aug,2026-08-26,Drought,Agriculture Minister calls for more drought funding,"The Minister of Agriculture and Food Security, Clement Juma Mbugoniwia, has called on global leaders to increase direct funding for drought-affected fragile states. He made the call as South Sudan faces severe floods and prolonged droughts that have affected more than 7 million people. Minister Clement was speaking at the Ministerial Dialogue on Drought Resilience during the 17th session of the United Nations Convention to Combat Desertification Conference of the Parties,...",,7000000,affected,wider / not specified,He made the call as South Sudan faces severe floods and prolonged droughts that have affected more than 7 million people.,"7,000,000 ind (affected)",,Eye Radio,https://eyeradio.org/agriculture-minister-calls-for-more-drought-funding/,not found,
,,2026,8,Aug,2026-08-25,Flood,El Niño to supercharge East Africa flooding - 3 million displaced by end of year in worst-case scenario,"**Nairobi, 25 August 2026** – A powerful El Niño weather event is expected to supercharge annual flooding during rainy season in East Africa beginning in October and force up to three million people to flee by the end of year in the worst-case scenario, according to modeling by the Danish Refugee Council. [**The report**](https://drc.ngo/media/wbge2uie/el_nino_displacement_outlook_august-2026.pdf), El Niño Through a Displacement Lens: Mobility Outlook in East Africa,...",1228,240000,affected,wider / not specified,"DRC is seeking 4.3M EUR globally to protect 240,000 people thought anticipatory action ahead of peak El Nino impacts, alongside 8.6M EUR to enable rapid emergency response where the impacts exceed countries' capacity to cope. | Over the coming month, DRC will provide cash assistance to 1,228 households (approximately 7,378 individuals) while implementing cross-border peacebuilding activities reaching 7,030 people, including community dialogue, mobile peace monitors and safe-passage agreements to","700 HH (reported); 4,400 ind (reported); 1,228 HH (reported); 7,378 ind (reported); 7,030 ind (reported); 240,000 ind (affected); 240,000 ind (reported)",,ReliefWeb (Danish Refugee Council),https://reliefweb.int/report/somalia/el-nino-supercharge-east-africa-flooding-3-million-displaced-end-year-worst-case-scenario,not found,
Upper Nile,Malakal,2026,8,Aug,2026-08-20,Flood,Humanitarian Affairs Minister leads delegation to assess needs in Malakal,"The visit comes amid reports of severe flooding in parts of Upper Nile State. Relief and Rehabilitation Commission authorities in Manyo County say more than 380 houses and farms were recently destroyed by flooding following torrential rains. The flooding reportedly displaced hundreds of people, who sought shelter in schools and other facilities.",,,,,,,,Eye Radio,https://eyeradio.org/humanitarian-affairs-minister-leads-delegation-to-assess-needs-in-malakal/,title,
,,2026,8,Aug,2026-08-19,Flood,"FSNWG Special Report - Strengthening El Niño Conditions: Implications for Rainfall, Flood Risk and Food Security in Eastern Africa (19 August 2026)","- In the western parts of the region, where El Niño is associated with below-average rainfall during the June-September season, parts of central and northern Ethiopia, the pastoral belt of Sudan, most of Eritrea and Djibouti, Karamoja in Uganda, and western and northwestern Kenya have already had a very poor start to the season, raising concerns over reduced agricultural production and productivity. - In the eastern sector of the region, a 'strong' El Niño, combined with a...",,,,,,,,ReliefWeb (Food and Agriculture Organization of the United Nations),https://reliefweb.int/report/somalia/fsnwg-special-report-strengthening-el-nino-conditions-implications-rainfall-flood-risk-and-food-security-eastern-africa-19-august-2026,not found,
Eastern Equatoria,,2026,8,Aug,2026-08-19,Flood,"Government rehabilitates flood dykes, water points in four states","The government is rehabilitating water points and strengthening flood protection infrastructure in four states to improve access to safe water and help communities cope with climate-related shocks. In Jonglei State, rehabilitation of weak sections along the Aduar–Jalle dyke is almost complete. The work is focused on damaged and eroded sections of the dyke to strengthen flood protection for communities and livelihoods.",,,,,,,,Eye Radio,https://eyeradio.org/government-rehabilitates-flood-dykes-water-points-in-four-states/,state only,
,,2026,8,Aug,2026-08-19,Flood,From dry spell to flood risk: What South Sudan’s weather could look Like through December,"JUBA, South Sudan — South Sudan could face a drier August and September before rainfall increases in parts of the country from October to December, according to the latest forecasts from the IGAD Climate Prediction and Applications Centre (ICPAC). The shift could bring relief for crops, pasture and water supplies—but also raise the risk of flooding. The contrast could bring a mix of risks and opportunities for communities across the country: pressure on crops, livestock and...",,,,,,,,Eye Radio,https://eyeradio.org/from-dry-spell-to-flood-risk-what-south-sudans-weather-could-look-like-through-december/,not found,
,,2026,8,Aug,2026-08-05,Flood,World Food Programme ramps up preparedness and response plans as El Niño threatens to push tens of millions into acute hunger,"Severe floods and droughts can quickly push communities from coping to crisis. Drought, flooding and extreme temperatures are already putting communities at risk. WFP and its partners are taking early action now, preparing for floods, droughts, and storms before they hit, to reduce humanitarian needs.",,16000000,affected,wider / not specified,- **Latin America and the Caribbean** could see one of the sharpest rises in food insecurity with more than **16 million people** affected.,"16,000,000 ind (affected); 18,000,000 ind (reported); 8,200,000 ind (affected); 6,000,000 ind (affected)",,ReliefWeb (World Food Programme),https://reliefweb.int/report/world/world-food-programme-ramps-preparedness-and-response-plans-el-nino-threatens-push-tens-millions-acute-hunger,not found,
Eastern Equatoria,Torit,2026,8,Aug,2026-08-04,Heavy rainfall,"Meteorological Department Warns of Heavy Rain, Dangerous Heat This Week","(JUBA)- Heavy rain is expected to hit parts of Eastern and Western Equatoria states this week, while several other parts of the country are forecast to experience dangerously high heat levels, the South Sudan Meteorological Department has stated in its weekly forecast. Meanwhile, most other parts of the country are expected to receive between 100 and 200 millimeters (4 to 8 inches) of rainfall. The downpours could flood low-lying areas, damage roads and make it harder for...",,,,,,,,Radio Yei,https://radioyei.org/news/meteorological-department-warns-of-heavy-rain-dangerous-heat-stress-this-week/,body,
Eastern Equatoria,,2026,8,Aug,2026-08-04,Drought,"Drought, crop failure fuel hunger concerns in Eastern Equatoria","Worsening drought conditions and crop failures are raising concerns over food shortages in Eastern Equatoria State, with authorities urging communities to continue farming despite challenges including a lack of seeds. “This issue of hunger and drought is now disturbing everybody. Ahaji urged farmers to continue cultivation following recent rainfall in some areas, saying increased local production remains the main hope for addressing food shortages.",,1460000,affected,state named in same sentence,"OCHA also warned that emerging drought conditions are affecting communities in Eastern Equatoria, Central Equatoria, Jonglei State, and the Greater Pibor Administrative Area, with more than 1.46 million people at risk.","1,200 ind (displaced); 1,460,000 ind (affected)",,Eye Radio,https://eyeradio.org/drought-crop-failure-fuel-hunger-concerns-in-eastern-equatoria/,state only,
Eastern Equatoria,Lafon,2026,7,Jul,2026-07-22,Drought,"Severe drought devastates farms in Lafon & Imehejek, families flee amid food shortages","A farmer in Eastern Equatoria State has appealed for government intervention after a prolonged drought destroyed crops and left communities in parts of Lafon and Imehejek area facing food shortages. Efuk Barsabas, a farmer and agriculturalist from Lafon County, told Eye Radio that the dry spell, which lasted from May to mid-July, destroyed crops that were nearing harvest, including sorghum, finger millet, maize and sweet potatoes. He said the drought affected Oming, Olongo,...",,1000,reported,wider / not specified,"According to Barsabas, nearly 1,000 people have left for neighbouring Uganda and Kenya, while others have moved to Torit and Juba in search of food and better living conditions.","1,000 ind (reported)",Torit,Eye Radio,https://eyeradio.org/severe-drought-devastates-farms-in-lafon-imehejek-families-flee-amid-food-shortages/,title,
Eastern Equatoria,,2026,7,Jul,2026-07-13,Drought,"WFP Takes Early Action Against Drought, Protecting Over 65,000 South Sudanese Families","JUBA, South Sudan – The United Nations World Food Programme (WFP), in partnership with the Government of South Sudan, has activated the country’s first-ever drought anticipatory action plan, providing early assistance to more than 65,000 people in Eastern Equatoria State as the threat of severe drought intensifies. By acting before the full effects of the drought are felt, WFP aims to help families protect their assets, maintain food security and strengthen resilience...",,65000,reported,state named in same sentence,"JUBA, South Sudan – The United Nations World Food Programme (WFP), in partnership with the Government of South Sudan, has activated the country’s first-ever drought anticipatory action plan, providing early assistance to more than 65,000 people in Eastern Equatoria State as the threat of severe drought intensifies.","65,000 ind (reported); 52,751 ind (reported); 65,000 ind (reported)",,Radio Yei,https://radioyei.org/news/environment/wfp-takes-early-action-against-drought-protecting-over-65000-south-sudanese-families/,state only,
Eastern Equatoria,Kapoeta North,2026,7,Jul,2026-07-13,Drought,"WFP supports Budi, Kapoeta North families with drought cash transfers","The United Nations World Food Programme, WFP, and the Government of South Sudan have activated the country’s first-ever drought anticipatory action plan, providing cash transfers and early warning support to more than 65,000 people in Budi and Kapoeta North counties of Eastern Equatoria State facing severe climate-induced food insecurity. The intervention is targeting more than 65,000 people in Budi and Kapoeta North counties of Eastern Equatoria State through cash transfers...",,65000,in need,county named in same sentence,"The United Nations World Food Programme, WFP, and the Government of South Sudan have activated the country’s first-ever drought anticipatory action plan, providing cash transfers and early warning support to more than 65,000 people in Budi and Kapoeta North counties of Eastern Equatoria State facing severe climate-induced food insecurity.","65,000 ind (in need); 65,000 ind (reported); 52,700 ind (reported); 65,000 ind (reported)",Budi,Eye Radio,https://eyeradio.org/wfp-supports-budi-kapoeta-north-families-with-drought-cash-transfers/,title,https://reliefweb.int/report/south-sudan/wfp-triggers-historic-anticipatory-action-plan-shield-people-severe-drought-impact-south-sudan
Eastern Equatoria,Kapoeta North,2026,7,Jul,2026-07-10,Drought,WFP triggers historic anticipatory action plan to shield people from severe drought impact in South Sudan,"**JUBA, South Sudan** – The United Nations World Food Programme (WFP) and Government of South Sudan have activated the country’s first-ever drought anticipatory action plan, directly shielding over 65,000 people in Budi and Kapoeta North counties from severe, climate-induced food insecurity. WFP triggered the anticipatory action plan in Eastern Equatoria as drought risk intensifies and is now delivering cash transfers and early warning communications to help families prepare...",,65000,in need,county named in same sentence,"**JUBA, South Sudan** – The United Nations World Food Programme (WFP) and Government of South Sudan have activated the country’s first-ever drought anticipatory action plan, directly shielding over 65,000 people in Budi and Kapoeta North counties from severe, climate-induced food insecurity.","65,000 ind (in need); 52,751 ind (reported); 65,000 ind (reported)",Budi,ReliefWeb (World Food Programme),https://reliefweb.int/report/south-sudan/wfp-triggers-historic-anticipatory-action-plan-shield-people-severe-drought-impact-south-sudan,body,
Central Equatoria,,2026,7,Jul,2026-07-08,Flood,"Parts of South Sudan face drought, flood risks as below-normal rainfall forecast","South Sudanese living in drought-prone and flood-risk areas have been urged to prepare for possible extreme weather conditions, as authorities warn that below-normal rainfall and rising temperatures could affect food production, livestock and public health in the coming months, according to South Sudan Meteorological Services and the IGAD Climate Prediction and Applications Centre (ICPAC) The climatic institutions forecast below-average rainfall across much of the country...",,,,,,,,Eye Radio,https://eyeradio.org/parts-of-south-sudan-face-drought-flood-risks-as-below-normal-rainfall-forecast/,state only,
Eastern Equatoria,,2026,7,Jul,2026-07-04,Drought,Eastern Equatoria and Lakes Farmers Beat Drought to Deliver Bumper Harvest,"(JUBA) – Farming cooperatives in Eastern Equatoria and Lakes States have produced over 329,850 kilogrammes of harvest despite drought, heavy rainfall and unstable market conditions, showing how rural groups can improve livelihoods through sustainable agriculture.",,,,,,,,Radio Yei,https://radioyei.org/news/business/agriculture/eastern-equatoria-and-lakes-farmers-beat-drought-to-deliver-bumper-harvest/,state only,
Unity,Rubkona,2026,7,Jul,2026-07-01,Flood,Bentiu Parade Honours Peacekeepers Serving in Tough Conditions,"(BENTIU, Unity State) – More than 770 United Nations peacekeepers serving in South Sudan have received the UN Medal of Honour for their work protecting civilians in Unity State, a region hit by conflict, displacement and severe flooding. Major General Wu also thanked the Pakistan Military Engineering Taskforce for its vital role in shielding thousands of civilians from severe floods. The Commanding Officer of the taskforce, Lieutenant Colonel Usman Tariq Bangash, explained...",,100000,displaced,wider / not specified,"This work has helped over 100,000 displaced people and residents of Bentiu town and has made it easier for humanitarians to reach those in need.","100 ind (reported); 100,000 ind (displaced)",,Radio Yei,https://radioyei.org/news/security/bentiu-parade-honours-peacekeepers-serving-in-tough-conditions/,title,
Jonglei,Akobo,2026,6,Jun,2026-06-30,Flood,Below Average Rains Forecast for South Sudan This Season,"(JUBA) – Seasonal forecasts point to a high chance of below-average rainfall and above-average temperatures across much of South Sudan during the June to September rainy season, the National Flood Taskforce reported on 25 June. River monitoring shows water levels remain below seasonal norms in several locations, including Juba, Bor and Mangalla, pointing to a slower onset of flooding than in recent years. However, the outlook signals elevated drought and water stress risks,...",,32000,affected,county named in same sentence,"This blockage is affecting over 32,000 people registered to receive cash assistance in Akobo.","1,500 ind (reported); 7,800,000 ind (reported); 93,200 ind (reported); 75,000 ind (reported); 45,200 ind (reported); 11,200 ind (displaced); 13,401 ind (reported); 5,000 ind (reported)",Juba; Malakal; Rubkona; Ulang; Renk; Pochalla; Pibor,Radio Yei,https://radioyei.org/news/environment/below-average-rains-forecast-for-south-sudan-this-season/,body,
Eastern Equatoria,Magwi,2026,6,Jun,2026-06-18,Drought,Magwi farmers warn of food insecurity as dry spell withers crops in,"MAGWI COUNTY, June 18, 2026 — The head of farmers in Magwi County, Eastern Equatoria State, says prolonged dry spell and extreme heat have destroyed crop production, raising concerns over food security and livelihoods in the area. Cooperative leader Ochano said maize and sorghum crops have completely dried up due to the absence of rainfall and intense sunshine.",,,,,,,,Eye Radio,https://eyeradio.org/magwi-farmers-warn-of-food-insecurity-as-dry-spell-withers-crops-in/,title,
Central Equatoria,Yei,2026,6,Jun,2026-06-15,Flood,Yei Authorities Advance Kanjoro Bridge Project to Prevent Flood Tragedies,"( YEI RIVER COUNTY ) – Leaders in Yei River County have taken a major step toward addressing long-standing flood-related accidents in Kanjoro, as plans for a new bridge gain momentum.",,,,,,,,Radio Yei,https://radioyei.org/news/business/infrastructure/yei-authorities-advance-kanjoro-bridge-project-to-prevent-flood-tragedies/,title,
Jonglei,Akobo,2026,6,Jun,2026-06-09,Flood,"Children survive on leaves, water lilies as hunger deepens in Jonglei – Save the Children","Children in parts of Jonglei State are surviving on leaves, water lilies, and wild plants as escalating violence, flooding, and food shortages push communities closer to famine, Save the Children has warned. Mothers are reportedly walking for hours through flooded swamps in search of anything edible, while some families are surviving on seeds meant for planting and water lilies collected from wetlands. The worsening hunger crisis, flooding, and insecurity are driving the...",,7800000,in need,wider / not specified,"According to the IPC, more than 7.8 million people across South Sudan are experiencing acute food insecurity, while about 2.2 million children under the age of five require treatment for acute malnutrition.","7,800,000 ind (in need); 2,200,000 ind (in need); 700,000 ind (in need); 60 ind (reported)",,Eye Radio,https://eyeradio.org/children-survive-on-leaves-water-lilies-as-hunger-deepens-in-jonglei-save-the-children/,body,
Central Equatoria,Juba,2026,6,Jun,2026-06-06,Flood,South Sudanese Christian youth launch Climate YES movement to confront climate crisis,"In South Sudan, the group will unite young people across states and counties to push for stronger environmental policies, raise awareness and promote practical action against climate-related challenges such as flooding, drought, heat waves and displacement. He said the country is already experiencing severe climate shocks, including rising temperatures, widespread deforestation and recurrent flooding that continues to displace communities. He argued that weak environmental...",,,,,,,Malakal; Wau,Radio Yei,https://radioyei.org/access-radio/south-sudanese-christian-youth-launch-climate-yes-movement-to-confront-climate-crisis/,body,
Jonglei,Twic East,2026,6,Jun,2026-06-04,Flood,"South Sudan: Research Terms of Reference - Infrastructure Mapping in Flood Affected County – Twic East, May 2026 (SSD2602, V2)","Over the past years, South Sudan has experienced recurrent and increasingly severe flooding, widely regarded as the worst in decades.1 These floods have had devastating consequences for livelihoods, food security, shelter, and access to essential services across the country. According to the United Nations Office for the Coordination of Humanitarian Affairs (OCHA), flooding has affected over one million people annually in recent years, destroying crops, displacing...",,200000,reported,wider / not specified,"It has an estimated population of 200,000 people, who have often experienced acute effects of flooding over the past years.","200,000 ind (reported)",,ReliefWeb (REACH Initiative),https://reliefweb.int/report/south-sudan/south-sudan-research-terms-reference-infrastructure-mapping-flood-affected-county-twic-east-may-2026-ssd2602-v2,title,
Jonglei,Nyirol,2026,5,May,2026-05-25,Flood,"Pigi County IDPs face severe flooding, lack of shelter – Commissioner","Authorities in Pigi County of Jonglei State say the area is facing a severe lack of services for internally displaced persons due to recurrent flooding in recent years. According to County Commissioner Suliman Deng Thon, rivers including the Atar River, Fulus River and the Sobat River often overflow, causing flash floods that displace communities. “The main problem is flooding; the river overflows into the towns.",,,,,,,,Eye Radio,https://eyeradio.org/pigi-county-idps-face-severe-flooding-lack-of-shelter-commissioner/,body,
,,2026,5,May,2026-05-24,Drought,Climate experts warn of crop failure amid forecast of reduced rainfall,"South Sudan climate experts are warning that the country could face severe food insecurity this year due to an anticipated shortfall in rainfall across much of the region during the upcoming agricultural season. Climate scientist Ogeith Obuol Majok said forecasts indicate that South Sudan and neighboring countries are likely to experience significantly reduced rainfall between June and September, raising concerns over crop failure and worsening hunger. “We expect a...",,,,,,,,Eye Radio,https://eyeradio.org/climate-experts-warn-of-crop-failure-amid-forecast-of-reduced-rainfall/,not found,
Unity,Panyijiar,2026,5,May,2026-05-21,Flood,Alert - South Sudan: Increasing humanitarian needs in Unity State amid flooding and access constraints (May 2026),"• Annual flooding remains a major risk in Unity State and is expected to have severe impacts in the second half of 2026, although not at the extreme levels seen in 2021. Spatial analysis from 2025 estimated that 283,000 people across five counties were affected by flooding as of 30 September 2025. While below 2021 levels, annual flooding is expected to again be widespread in 2026, typically peaking between September and November, and to continue disrupting lives and...",,283000,affected,wider / not specified,"Spatial analysis from 2025 estimated that 283,000 people across five counties were affected by flooding as of 30 September 2025.","283,000 ind (affected)",Rubkona,ReliefWeb (REACH Initiative),https://reliefweb.int/report/south-sudan/alert-south-sudan-increasing-humanitarian-needs-unity-state-amid-flooding-and-access-constraints-may-2026,body,
Upper Nile,,2026,5,May,2026-05-20,Drought,"IGAD Climate Centre: Less rain, higher temperatures expected in coming months","A regional climate centre has warned that South Sudan is likely to receive less rainfall and experience higher temperatures between June and September this year. The Intergovernmental Authority on Development’s Climate Prediction and Applications Centre (ICPAC), said South Sudan is expected to record below-average rainfall and hotter conditions during the June to September 2026 rainy season. ICPAC projects that reduced rainfall will affect most parts of the Greater Horn of...",,,,,,,,Eye Radio,https://eyeradio.org/igad-climate-centre-less-rain-higher-temperatures-expected-in-coming-months/,state only,
Central Equatoria,Juba,2026,5,May,2026-05-13,Flood,How Floods and Conflict Are Driving South Sudan’s Youth Toward World’s Deadliest Migration Route,"Gathiang’s journey began in his birthplace of Duk County, Jonglei State, where years of recurrent flooding had steadily eroded his family’s livelihood. Like many households in Duk County, his family depended on farming and livestock, but repeated floods since 2019 submerged their gardens and grazing land, while communal fighting and insecurity made it increasingly difficult to recover. South Sudan has endured years of armed conflict while also experiencing some of the worst...",,753000,displaced,wider / not specified,"Between January and December 2025, the International Organization for Migration (IOM) documented more than 753,000 internally displaced persons, with flooding accounting for nearly one third of all new displacement.","14 ind (reported); 753,000 ind (displaced); 32,000 ind (reported)",Duk; Wau,Radio Yei,https://radioyei.org/news/how-floods-and-conflict-are-driving-south-sudans-youth-toward-worlds-deadliest-migration-route/,body,
Jonglei,Twic East,2026,5,May,2026-05-10,Flood,Dozens feared missing after attack on Jonglei’s Miny Island,"Deng Dau said the incident occurred on May 5 on Miny Island in Twic County, west of River Atem describing it as a vulnerable flood-affected area where civilians had been sheltering. The camp had around 50 people who were living there because of flooding and displacement. The lawmaker warned that continued insecurity along the waterways risks further displacement of civilians already affected by flooding and conflict.",,50,displaced,wider / not specified,The camp had around 50 people who were living there because of flooding and displacement.,50 ind (displaced); 50 ind (reported); 40 ind (reported),,Eye Radio,https://eyeradio.org/dozens-feared-missing-after-attack-on-jongleis-miny-island/,body,
Central Equatoria,Juba,2026,5,May,2026-05-02,Flood,"Audio Briefing: Friday 1st May, 2025 – Salaries, Flood Risks and Trade Reforms","https://radioyei.org/wp-content/uploads/2026/05/Audio-Briefing-Friday-1st-May-2025-Salaries-Flood-Risks-and-Trade-Reforms.mp3 (JUBA) – Civil servants in parts of South Sudan are going months without pay, while experts warn that poor flood management continues to affect communities, as the government rolls out new reforms in trade and public services. Concerns over flooding are also growing.",,,,,,,Yambio,Radio Yei,https://radioyei.org/news/listen-live/audio-briefing-friday-1st-may-2025-salaries-flood-risks-and-trade-reforms/,body,
Jonglei,,2026,5,May,2026-05-01,Flood,Experts Call for Better Flood Management and Sustainable Use of Sudd Wetlands,"JUBA)- Environmental experts have called for urgent action to improve flood management and protect South Sudan’s vast wetland ecosystems, as communities continue to grapple with the devastating effects of seasonal flooding. Speaking during a workshop organised by the White Nile and Sudd Centre in collaboration with Wake Forest University, Acting Executive Director Tong Deng Anei said the initiative brought together delegates from flood-affected regions to discuss practical...",,,,,,,,Radio Yei,https://radioyei.org/access-radio/experts-call-for-better-flood-management-and-sustainable-use-of-sudd-wetlands/,state only,
Warrap,,2026,4,Apr,2026-04-28,Flood,"Environment Ministry, Partners launch $50M climate resilience project","The project, titled Enhancing Climate Resilience in Flood-Prone Areas in North-Western South Sudan , targets Northern Bahr el Ghazal and Warrap states. These regions have faced persistent seasonal flooding that has displaced populations and destroyed livelihoods. “This project is aimed at building resilience of the vulnerable communities in the two states… because of the persistent floods in those areas,” said Batali.",,1700000,reported,wider / not specified,"Speaking at the launch in Juba on Tuesday, David Batali Oliver, the Acting Undersecretary in the Ministry of Environment and Forestry, stated that the initiative will benefit approximately 1.7 million people.","1,700,000 ind (reported)",,Eye Radio,https://eyeradio.org/environment-ministry-partners-launch-50m-climate-resilience-project/,state only,
Upper Nile,Malakal,2026,4,Apr,2026-04-20,Heavy rainfall,"Heavy rainfall destroys homes in Malakal, leaves one dead, 13 injured – official","A heavy downpour accompanied by strong winds on Saturday caused significant destruction in southern Malakal, Upper Nile State, killing one person and injuring 13 others, according to state authorities.",,,,,,,,Eye Radio,https://eyeradio.org/heavy-rainfall-destroys-homes-in-malakal-leaves-one-dead-13-injured-official/,title,
Jonglei,Bor South,2026,4,Apr,2026-04-09,Flood,Jonglei ramps up flood defences as rainy season begins,"The Jonglei state government has launched a series of measures to protect communities from floods ahead of the 2026 rainy season, officials said. Information Minister Nyamar Lony Thicot told Eye Radio on Thursday that a flood management committee, comprising government officials, community leaders, and humanitarian partners, has begun repairing dykes, opening drainage channels, and installing water pumps in Bor town and other vulnerable areas. “The Flood Management...",,,,,,,,Eye Radio,https://eyeradio.org/jonglei-ramps-up-flood-defences-as-rainy-season-begins/,body,
Upper Nile,Melut,2026,4,Apr,2026-04-05,Flood,Melut County and oil companies to repair flood-damaged roads,The Commissioner visited the southern part of the county to assess damage caused by seasonal floods.,,,,,,,Malakal,Eye Radio,https://eyeradio.org/melut-county-and-oil-companies-to-repair-flood-damaged-roads/,title,
,,2026,4,Apr,2026-04-02,Flood,"Country Brief South Sudan - Climate Change, Mobility, and Conflict Dynamics (April 2026)","- **Flooding is the dominant climate hazard in places of origin**. Among the surveyed IDPs who were primarily displaced due to disasters, 91% were affected by flooding or storms, often reoccurring in consecutive years, while drought affected just seven percent but had severe localised impacts. Of the respondents who experienced flooding and storms (n=1,078), nearly a third (31%) endured impacts for over four years before displacement, showing long-term erosion of resilience.",,,,,,,,ReliefWeb (Mixed Migration Centre),https://reliefweb.int/report/south-sudan/country-brief-south-sudan-climate-change-mobility-and-conflict-dynamics-april-2026,not found,
Central Equatoria,Kajo-keji,2026,3,Mar,2026-03-26,Heavy rainfall,Nine People Left Dead After Heavy Rainfall in Kajo-Keji County,"The incident happened after heavy rainfall flooded the Irish Bridge, making it impossible for the driver to navigate safely.",,,,,,,,Radio Yei,https://radioyei.org/news/local/nine-people-left-dead-after-heavy-rainfall-in-kajo-keji-county/,title,
Central Equatoria,Kajo-keji,2026,3,Mar,2026-03-26,Flood,CES Governor Adil Extends Condolence Message Over Kajo-Keji Flood Tragedy,(KAJO-KEJI COUNTY) — The governor of Central Equatoria State Emmanuel Adil Anthony has on Thursday extended a condolence message to the families of nine people who died in flash waters following heavy rain down pour at Lu’bajo Stream on Wednesday.,,,,,,,,Radio Yei,https://radioyei.org/news/local/ces-governor-adil-extends-condolence-message-over-kajo-keji-flood-tragedy/,title,
Central Equatoria,Kajo-keji,2026,3,Mar,2026-03-26,Flood,Kajo-Keji commissioner calls for action as residents mourn flood deaths,"The Commissioner of Kajo-Keji County, Wani Jackson Mule, has urged the government to modernize the Lu’bajo bridge after a vehicle traveling in a funeral convoy from Juba to Bori Boma was swept off by floodwaters, killing nine people, including eight women and a child.",,,,,,,,Eye Radio,https://eyeradio.org/kajo-keji-commissioner-calls-for-action-as-residents-mourn-flood-deaths/,title,
Central Equatoria,Juba,2026,3,Mar,2026-03-25,Heavy rainfall,From extreme heat to heavy downpours: Climate shocks expose Juba’s vulnerability,"In Juba, a week of heavy rain has exposed the city’s growing vulnerability to climate shocks, following months of extreme heat that pushed temperatures into the high 30s and 40s. Flash floods submerged homes and roads, disrupting movement in densely populated areas such as Munuki and Hai Referendum. Residents say the scale of flooding was worsened by poor waste management, with plastic bottles and garbage blocking drainage channels and forcing water into homes.",,,,,,,,Eye Radio,https://eyeradio.org/from-extreme-heat-to-heavy-downpours-climate-shocks-expose-jubas-vulnerability/,title,
Central Equatoria,Kajo-keji,2026,3,Mar,2026-03-25,Heavy rainfall,Nine mourners die in Kajo-Keji bridge incident after heavy rains,"At least nine people, including eight women and one child, have died after their vehicle was swept off a flooded bridge in Kajo-Keji County following heavy rains. The victims were part of a convoy heading for burial arrangements when the Toyota Landcruiser occurred at the submerged Irish bridge, a type of low-level crossing prone to flooding during the rainy season. Local authorities say seasonal rains often render such crossings impassable, increasing the risk of accidents.",,,,,,,,Eye Radio,https://eyeradio.org/nine-mourners-die-in-kajo-keji-bridge-incident-after-heavy-rains/,title,
,,2026,3,Mar,2026-03-18,Flood,Japan Allocates 14.77 Million Dollars to South Sudan Aid,"The funding will support food aid, health services, education and other basic needs for vulnerable communities affected by flooding, food shortages and the impact of conflict. Officials say the support is intended to stabilise communities and improve access to essential services, while also strengthening resilience in areas prone to shocks such as floods and displacement. Further funding includes 166,666 US dollars through UNFPA for health and protection services, 146,666 US...",,,,,,,,Radio Yei,https://radioyei.org/news/national/japan-allocates-14-77-million-dollars-to-south-sudan-aid/,not found,
Jonglei,Fangak,2026,3,Mar,2026-03-11,Flood,South Sudan: Flooding and violence drive alarming acute malnutrition levels in Fangak County (March 2026),"• Starting in May 2025, armed violence and catastrophic flooding in Fangak fuelled one of the most severe food crises in South Sudan. Thereafter, a seventh consecutive year of devastating floods – beginning in August – forced 89,000 people from their homes and submerged 850km2 of land. In 2025, an upsurge of violence and devastating floods isolated households from food and lifesaving humanitarian services.",,89000,reported,wider / not specified,"Thereafter, a seventh consecutive year of devastating floods – beginning in August – forced 89,000 people from their homes and submerged 850km2 of land.","89,000 ind (reported); 281 ind (reported)",,ReliefWeb (REACH Initiative),https://reliefweb.int/report/south-sudan/south-sudan-flooding-and-violence-drive-alarming-acute-malnutrition-levels-fangak-county-march-2026,title,
,,2026,3,Mar,2026-03-06,Drought,"The drought-conflict reality for women and girls in Sudan, South Sudan and Somalia","In Sudan, South Sudan and Somalia, these words resonate in contexts where drought and conflict collide - driving displacement, hunger, and protection risks while stretching already fragile services for women and girls. Drivers of food insecurity are poor rainfall, conflict and insecurity displacement, high food prices and significantly reduced humanitarian aid. *In Somalia, Asha, a mother displaced by flooding, watched her children fall ill when she could not afford...",,5970000,affected,wider / not specified,"In South Sudan, approximately 5.97 million people face IPC Phase 3+, with 1.3 million in Phase 4 and persistent famine risk in worst-affected areas.","6,500,000 ind (in need); 1,840,000 ind (reported); 483,000 ind (reported); 5,970,000 ind (affected); 19,200,000 ind (reported)",,ReliefWeb (Inter-Agency Working Group East and Central Africa),https://reliefweb.int/report/sudan/drought-conflict-reality-women-and-girls-sudan-south-sudan-and-somalia,not found,
,,2026,2,Feb,2026-02-11,Drought,Concern responding as millions impacted by severe drought in Horn of Africa,"**Concern Worldwide teams are supporting communities in Kenya, Somalia and Ethiopia experiencing a severe drought – driven by climate change – which is causing widespread hardship for millions of people.** “Successive failed rains, combined with extreme temperatures have led to severe water shortages, crop failure, food shortages, rising malnutrition rates, and livestock deaths across large regions of the Horn of Africa,” Concern Worldwide’s Regional Director Amina Abdulla...",,36000000,in need,wider / not specified,"The UN Office for the Coordination of Humanitarian Affairs has warned that worsening food insecurity is expected to persist, with nearly 36 million people in Burundi, Kenya, Somalia, South Sudan, Sudan, Tanzania, and Uganda projected to face crisis levels of food insecurity (IPC 3 or higher) before the next rainy season commences in March or April.","36,000,000 ind (in need)",,ReliefWeb (Concern Worldwide),https://reliefweb.int/report/somalia/concern-responding-millions-impacted-severe-drought-horn-africa,not found,
,,2026,1,Jan,2026-01-30,Heavy rainfall,ICPAC forecasts heavy rains in South Sudan and the region from March to May,"The IGAD climate centre has forecast heavy rainfall in South Sudan and several other countries in the region between March and May. According to the seasonal outlook, South Sudan has a 45 percent chance of receiving above-average rainfall in most parts of the country, while the eastern and western regions face a 40 percent probability of near-normal rainfall. Elsewhere in the region, near-normal rainfall is expected in north-eastern and south-western Kenya, most of Somalia,...",,,,,,,,Eye Radio,https://eyeradio.org/icpac-forecasts-heavy-rains-in-south-sudan-and-the-region-from-march-to-may/,not found,
Unity,Rubkona,2026,1,Jan,2026-01-23,Flood,Flood dyke construction underway around Bentiu,"Construction of a 17.7-kilometre flood dyke is underway around Bentiu in Unity State to address persistent flooding. The dyke, being constructed by the International Organization for Migration (IOM) and known as Site E, stretches from south of Bentiu along the Kuerbuone–Nhial Diu road, passes through the Panthiany–Dhorbor area, and extends to the Thowmangor suburb in Rubkona County. The project is designed to enclose flood-prone areas and protect communities that have been...",150000,,reported,wider / not specified,"Once completed, the project is expected to recover about 33 kilometres of land, creating space to host 150,000 households.","150,000 HH (reported)",,Eye Radio,https://eyeradio.org/flood-dyke-construction-underway-around-bentiu/,title,
Upper Nile,Malakal,2026,1,Jan,2026-01-06,Flood,UNMISS Reviews Infrastructure Work Done in 2025,"(JUBA) – United Nations peacekeepers working with the United Nations Mission in South Sudan focused on building and repairing basic infrastructure in 2025 to help people stay connected, support trade and reduce the effects of floods across the country. Heavy rains and changing weather patterns made the work more difficult. In some areas, roads were damaged quickly and high water levels caused serious flooding.",,300000,displaced,wider / not specified,"These efforts helped limit the spread of flood water and are estimated to have helped keep about 300,000 people from being displaced.","300,000 ind (displaced)",,Radio Yei,https://radioyei.org/news/business/infrastructure/unmiss-reviews-infrastructure-work-done-in-2025/,body,
Warrap,Gogrial East,2025,12,Dec,2025-12-18,Flood,"Agro-pastoralists' adaptation to flooding and conflict in Gogrial East, Warrap State, South Sudan","In Gogrial East County, recurrent flooding and cattle raiding have disrupted livelihoods, exacerbated food insecurity, and strained social cohesion. This report explores the perspectives of agro-pastoralist men and women in Toch East and Pathuon West Payams on the impacts of flooding and conflict. - Flooding has increased in frequency and severity since 2018, leading to outbreaks of human and livestock diseases, reduced livestock production, destruction of farmland, and...",,,,,,,,ReliefWeb (Supporting Pastoralism and Agriculture in Recurrent and Protracted Crises),https://reliefweb.int/report/south-sudan/agro-pastoralists-adaptation-flooding-and-conflict-gogrial-east-warrap-state-south-sudan,title,
,,2025,12,Dec,2025-12-16,Flood,South Sudan — Event Tracking Report #92 - Flood Displacements (1 - 30 November 2025),"South Sudan is currently facing a severe humanitarian crisis characterised by extensive internal displacement. The underlying causes of these displacement dynamics are varied and include communal clashes, land disputes, insecurity, violence, disasters, and cross-border movements.",,,,,,,,ReliefWeb (International Organization for Migration),https://reliefweb.int/report/south-sudan/south-sudan-event-tracking-report-92-flood-displacements-1-30-november-2025,not found,
Unity,Rubkona,2025,12,Dec,2025-12-08,Flood,South Sudan - Rubkona County: Flood overview (December 2025),,,,,,,,,ReliefWeb (REACH Initiative),https://reliefweb.int/map/south-sudan/south-sudan-rubkona-county-flood-overview-december-2025,title,
,,2025,12,Dec,2025-12-08,Drought,"East Africa Seasonal Monitor: Widespread Severe October–December 2025 Rainfall Deficits Across the Eastern Horn of Africa, December 8, 2025","- Severe dry conditions experienced across **eastern Kenya**, **southeastern Ethiopia** & **southern Somalia**, with substantial rainfall deficits across much of the region. - Less than 60% to less than 30% of average October to mid-December rainfall is expected (Figure 1), marking it as one of the [**driest short-rains seasons on record**](https://data.chc.ucsb.edu/products/Early_Estimates/v3/Seasonal_Rainfall/with_forecast/africa_east/oct_to_dec/pngs/Rank_Current.png) in...",,,,,,,,ReliefWeb (Famine Early Warning System Network),https://reliefweb.int/report/burundi/east-africa-seasonal-monitor-widespread-severe-october-december-2025-rainfall-deficits-across-eastern-horn-africa-december-8-2025,not found,
Warrap,,2025,12,Dec,2025-12-03,Flood,South Sudan secures $50 Million for flood resilience project,"South Sudan has secured $50 million from the Green Climate Fund (GCF) to support a new climate adaptation project in the country’s flood-prone regions, the Ministry of Environment and Forestry announced on Wednesday. The project, titled “ Enhancing Climate Resilience in Flood-prone Areas in Northeastern South Sudan ,” will be implemented by the World Food Programme (WFP), UNHCR, and the Ministry of Environment, with activities set to begin in early 2026. It also prioritizes...",,,,,,,,Eye Radio,https://eyeradio.org/south-sudan-secures-50-million-for-flood-resilience-project/,state only,
Unity,Leer,2025,11,Nov,2025-11-25,Flood,Cargo plane carrying aid crashes in Leer County; three feared dead,"The aircraft, which was ferrying food assistance to flood-affected communities in southern Unity State, went down at approximately 8:30 AM as it approached the Leer airstrip. However, access is proving severely challenging due to heavy flooding in the area. “They need to reach the site by canal boat because the area is flooded with water.",,,,,,,,Eye Radio,https://eyeradio.org/cargo-plane-carrying-aid-crashes-in-leer-county-three-feared-dead/,title,
Upper Nile,Malakal,2025,11,Nov,2025-11-23,Flood,Water Ministry upgrades key Nile stations to strengthen flood detection in high-risk areas,"The Ministry of Water Resources and Irrigation says it has upgraded two major hydrological stations along the Nile River to improve the monitoring of water levels and rainfall. In a statement issued yesterday, the Ministry said the stations in Malakal and Anakdiar in Upper Nile State were reconditioned to improve accurate reading to enhance flood-level monitoring. The Ministry said the improvements will help ensure more timely flood warnings and strengthen support to...",,,,,,,,Eye Radio,https://eyeradio.org/water-ministry-upgrades-key-nile-stations-to-strengthen-flood-detection-in-high-risk-areas/,body,
,,2025,11,Nov,2025-11-19,Flood,South Sudan - Nasir County: Flood Impact Map: Education Facilities (November 2025),,,,,,,,,ReliefWeb (REACH Initiative),https://reliefweb.int/map/south-sudan/south-sudan-nasir-county-flood-impact-map-education-facilities-november-2025,not found,
,,2025,11,Nov,2025-11-19,Flood,South Sudan - Nasir County: Flood Impact Map: Water Facilities (November 2025),,,,,,,,,ReliefWeb (REACH Initiative),https://reliefweb.int/map/south-sudan/south-sudan-nasir-county-flood-impact-map-water-facilities-november-2025,not found,
,,2025,11,Nov,2025-11-19,Flood,South Sudan - Nasir County: Flood Risk Map: Administrative & Other Facilities (November 2025),,,,,,,,,ReliefWeb (REACH Initiative),https://reliefweb.int/map/south-sudan/south-sudan-nasir-county-flood-risk-map-administrative-other-facilities-november-2025,not found,
,,2025,11,Nov,2025-11-19,Flood,South Sudan - Nasir County: Flood Impact Map: Health Facilities (November 2025),,,,,,,,,ReliefWeb (REACH Initiative),https://reliefweb.int/map/south-sudan/south-sudan-nasir-county-flood-impact-map-health-facilities-november-2025,not found,
Western Bahr el Ghazal,Raja,2025,11,Nov,2025-11-19,Flood,Trucks stranded as flood damaged Sopo bridge linking Raja and Wau -official,"According to the Commissioner, the bridge was affected by heavy rain last week and water flowing from the Central Africa side. As you know, we are at the border with Central Africa where heavy rain happened that has affected the bridge.",,,,,,,Wau,Eye Radio,https://eyeradio.org/trucks-stranded-as-flood-damaged-sopo-bridge-linking-raja-and-wau-official/,title,
Upper Nile,Malakal,2025,11,Nov,2025-11-14,Flood,"Sudan, South Sudan Bishops Speak Out (Press Release)","They also highlighted the devastating impact of floods, which have submerged villages, schools, farms, and health facilities, adding to human suffering. Floods",,,,,,,,Radio Yei,https://radioyei.org/news/culture-and-religion/sudan-south-sudan-bishops-speak-out-press-release/,body,
Unity,Leer,2025,11,Nov,2025-11-13,Flood,South Sudan Flood Impact Mapping - Leer County (November 2025),"*This assessment applies an integrated spatial detection and proximity modelling approach to quantify the impact of floods on critical infrastructure and community services across affected counties. The analysis combines remotely sensed flood data with building and facility datasets to identify exposure levels, assess vulnerability, and inform targeted recovery planning. The flood impact maps can be accessed here: health facilities; education facilities; water points;...",,47000,affected,wider / not specified,"Spatial flood analysis for Guit County indicates that approximately 64% of the population (47,000 individuals) had been affected by floods in 2025 as of 30 September.","47,000 ind (affected)",Guit,ReliefWeb (REACH Initiative),https://reliefweb.int/report/south-sudan/south-sudan-flood-impact-mapping-leer-county-november-2025,title,
,,2025,11,Nov,2025-11-12,Flood,South Sudan — Event Tracking Report #90 - Flood Displacements (1 - 31 October 2025),"South Sudan is currently facing a severe humanitarian crisis characterised by extensive internal displacement. The underlying causes of these displacement dynamics are varied and include communal clashes, land disputes, insecurity, violence, disasters, and cross-border movements.",,,,,,,,ReliefWeb (International Organization for Migration),https://reliefweb.int/report/south-sudan/south-sudan-event-tracking-report-90-flood-displacements-1-31-october-2025,not found,
Upper Nile,Malakal,2025,11,Nov,2025-11-10,Flood,IOM Calls for Stronger Support for Displaced Families in South Sudan,"Her visit included Malakal and Bentiu, two locations that continue to experience pressure from repeated conflict, flooding, and new arrivals from neighbouring Sudan. In Bentiu, she saw progress among families who are slowly rebuilding homes and restoring basic services, although seasonal flooding and long periods of displacement continue to make life difficult. Continued displacement of families due to conflict, flooding, and the crisis in Sudan",,2000000,displaced,wider / not specified,Around 2 million people remain displaced inside the country.,"2,000,000 ind (displaced); 1,300,000 ind (reported); 2,000,000 ind (displaced)",Juba; Rubkona,Radio Yei,https://radioyei.org/news/national/iom-calls-for-stronger-support-for-displaced-families-in-south-sudan/,body,
Unity,,2025,11,Nov,2025-11-10,Flood,Flood-hit S. Sudan calls for urgent global action at Brazil climate summit,"Minister Napuon said South Sudan continues to experience severe climate impacts — including recurring floods, droughts, heat waves, and irregular rainfall patterns — which have intensified the country’s existing challenges of conflict and fragility.",,,,,,,,Eye Radio,https://eyeradio.org/flood-hit-s-sudan-calls-for-urgent-global-action-at-brazil-climate-summit/,state only,
Upper Nile,Fashoda,2025,11,Nov,2025-11-09,Flood,Catholic bishops visit Fashoda to support families hit by floods,"Catholic bishops from various dioceses in Upper Nile State on Saturday visited Fashoda County to show solidarity with families affected by ongoing floods in the area. The delegation, led by Bishop Stephen Nyodho of Malakal Diocese, visited Kodok, the headquarters of Fashoda County, to encourage the faithful not to lose hope despite the hardships caused by the flooding. We have a lot of issues of flooding around people at this place but at the end of the day the visit of the...",,,,,,,Malakal,Eye Radio,https://eyeradio.org/catholic-bishops-visit-fashoda-to-support-families-hit-by-floods/,title,
Jonglei,Duk,2025,11,Nov,2025-11-04,Flood,Duk health advocate appeals for boreholes as cholera outbreak worsens,"According to the appeal, the outbreak—ongoing since December 2024—has been fueled by widespread flooding that submerged most boreholes, leaving communities without access to clean drinking water. “With 80 percent of boreholes submerged and no WASH partner in the area, hygiene and sanitation have deteriorated, contributing to the spread of cholera,” he noted. The appeal has also been shared with several media outlets and humanitarian organizations to draw attention to the...",,20,reported,county named in same sentence,"A health advocate in Duk County, Jonglei State, has made an urgent appeal for the drilling of boreholes to curb a worsening cholera outbreak that has killed at least 20 people and infected hundreds since late last year.",20 ind (reported),,Eye Radio,https://eyeradio.org/duk-health-advocate-appeals-for-boreholes-as-cholera-outbreak-worsens/,title,
Jonglei,,2025,11,Nov,2025-11-04,Flood,"THRIVE Project celebrates innovation, resilience, and sustainability in South Sudan","A video presentation showcased one of THRIVE’s innovative practices, the creation of floating gardens in flood-prone Fashoda County, which has enabled households to produce food even during severe flooding. Speaking at the event, Silvester Nyangan, THRIVE’s Project Director, described the initiative as a community resilience-based programme aimed at helping flood- and conflict-affected communities sustain their livelihoods and adapt to shocks. Closing the event, a...",,,,,,,,Eye Radio,https://eyeradio.org/thrive-project-celebrates-innovation-resilience-and-sustainability-in-south-sudan/,state only,
Jonglei,Pibor,2025,10,Oct,2025-10-31,Flood,South Sudan: Flooding Situation Flash Update No. 9 (As of 31 October 2025),"- As of 31 October, flooding has affected an estimated 1,024,500 people in 29 counties across six states, with Jonglei and Unity accounting for nearly 87 per cent of those impacted. - As of 31 October, flooding has affected an estimated **1,024,500 people** in 29 counties across six states, with **Jonglei** and **Unity** accounting for nearly **87 per cent** of those impacted. Crop fields have been inundated, devastating harvests, while livestock pasture has been washed away...",1200,1024500,affected,state named in same sentence,"- As of 31 October, flooding has affected an estimated 1,024,500 people in 29 counties across six states, with Jonglei and Unity accounting for nearly 87 per cent of those impacted. | Authorities in **Fashoda County** report severe flooding affecting over **8,000 people** (1,200 households).","1,024,500 ind (affected); 100,000 ind (reported); 1,024,500 ind (affected); 355,000 ind (displaced); 631,789 ind (affected); 256,102 ind (affected); 85,789 ind (affected); 24,505 ind (affected)",Canal/Pigi; Renk,ReliefWeb (UN Office for the Coordination of Humanitarian Affairs),https://reliefweb.int/report/south-sudan/south-sudan-flooding-situation-flash-update-no-9-31-october-2025,body,
Upper Nile,Manyo,2025,10,Oct,2025-10-29,Flood,"“We pray to God to remove the birds,” say Manyo farmers as quelea flocks devour crops","Farmers in Manyo County, Upper Nile State, have raised the alarm over large swarms of quelea birds destroying their sorghum farms, a situation worsened by ongoing severe flooding in the area. They say the twin disasters threaten food security, as the birds are eating up sorghum grains; a key source of food and income for local families. The situation has been made worse by heavy flooding, which has left fields waterlogged and some areas completely submerged, making it...",,,,,,,,Eye Radio,https://eyeradio.org/we-pray-to-god-to-remove-the-birds-say-manyo-farmers-as-quelea-flocks-devour-crops/,title,
Upper Nile,Baliet,2025,10,Oct,2025-10-28,Flood,Floods destroy farmland and displace residents in Baliet County,"Commissioner Joseph Deng said the floods have swept through vast areas along the riverbanks, destroying crops that residents rely on as their main source of food and income. He said the floods, now in their second week, have displaced families, destroyed farms, and forced schools to close in three Payams of the county. “These floods have now been ongoing for the second week…they have caused destruction in three Payams in the county, damaging and destroying agricultural crops...",,,,,,,Malakal,Eye Radio,https://eyeradio.org/floods-destroy-farmland-and-displace-residents-in-baliet-county/,title,
Jonglei,Canal/Pigi,2025,10,Oct,2025-10-24,Flood,South Sudan: Flooding Situation Flash Update No. 8 (As of 24 October 2025),"- As of 24 October, flooding has affected 961,000 people in 26 counties across six states, with Jonglei and Unity accounting for over 92 per cent. - According to Centre for Humanitarian Data, as of 21 October, current flood exposure across South Sudan remains below the levels recorded during the major flood years of 2021, 2022, and 2024, yet it is still significantly above the historical average. - On 21 October, IOM and the Ministry of Water Resources and Irrigation signed...",19817,961000,affected,state named in same sentence,"- As of 24 October, flooding has affected 961,000 people in 26 counties across six states, with Jonglei and Unity accounting for over 92 per cent. | In **Leer County**, an estimated **63,000 individuals** (19,817 households) were reported affected by flooding in **16 payams**, including **23,000 people** (3,833 households) displaced and seeking refuge on higher ground.","961,000 ind (affected); 961,000 ind (affected); 335,000 ind (displaced); 624,300 ind (affected); 256,100 ind (affected); 29,400 ind (affected); 24,500 ind (affected); 15,800 ind (affected)",Fangak; Bor South; Pibor; Renk,ReliefWeb (UN Office for the Coordination of Humanitarian Affairs),https://reliefweb.int/report/south-sudan/south-sudan-flooding-situation-flash-update-no-8-24-october-2025,body,
Jonglei,,2025,10,Oct,2025-10-23,Flood,"South Sudan Food Security Outlook: Conflict and flooding drive Emergency outcomes, with risk of Famine in Nasir, October 2025 - May 2026","The key drivers are conflict, flood, and economic shocks, as well as a sustained, high returnee presence. - **Nasir (Upper Nile) and Fangak (Jonglei) are of highest concern, with some populations still experiencing Catastrophe (IPC Phase 5) in October.** Concurrent conflict incidents and flooding have disrupted crop production and access to wild foods, while severely constraining humanitarian access. - **A** [**risk of Famine (IPC Phase...",,8990000,in need,wider / not specified,"- **Food assistance needs remain extremely high in South Sudan at the start of the harvest in October, with 8.0-8.99 million people (55-60 percent of the population) in need of assistance.** While 1.6 million people received food and cash assistance monthly in the lean season, Crisis (IPC Phase 3) or worse outcomes persist in 67 counties, eight of which are in Emergency (IPC Phase 4).","8,990,000 ind (in need); 1,600,000 ind (in need)",,ReliefWeb (Famine Early Warning System Network),https://reliefweb.int/report/south-sudan/south-sudan-food-security-outlook-conflict-and-flooding-drive-emergency-outcomes-risk-famine-nasir-october-2025-may-2026,state only,
Unity,Guit,2025,10,Oct,2025-10-22,Flood,South Sudan - Guit County: Flood Impact Map: Health Facilities (October 2025),,,,,,,,,ReliefWeb (REACH Initiative),https://reliefweb.int/map/south-sudan/south-sudan-guit-county-flood-impact-map-health-facilities-october-2025,title,
Northern Bahr el Ghazal,Aweil Centre,2025,10,Oct,2025-10-21,Flood,OCHA: Ongoing flooding deepens already humanitarian crisis in South Sudan,"The UN Humanitarian Office says continued flooding caused by heavy rains and rising Nile River levels has worsened an already severe humanitarian crisis in South Sudan, increasing food insecurity, conflict, and disease outbreaks. In its flood snapshot released yesterday, OCHA said that as of 17 October, more than 927,000 people have been affected across 26 counties in six states, with Jonglei and Unity states accounting for over 91% of those impacted. In Jonglei State,...",,60000,affected,county named in same sentence,"In Northern Bahr el Ghazal, more than 60,000 people have been affected in Aweil East, Aweil North, Aweil South, Aweil West, Aweil Centre, and Aweil Town.","927,000 ind (affected); 335,000 ind (displaced); 145,000 ind (displaced); 89,000 ind (displaced); 60,000 ind (affected); 22,000 ind (affected)",,Eye Radio,https://eyeradio.org/ocha-ongoing-flooding-deepens-already-humanitarian-crisis-in-south-sudan/,body,https://reliefweb.int/report/south-sudan/south-sudan-flooding-situation-flash-update-no-7-17-october-2025
Jonglei,Bor South,2025,10,Oct,2025-10-21,Flood,"Jonglei State, Netherlands partner to strengthen flood resilience, water management","BOR, SOUTH SUDAN (Eye Radio) – Jonglei State and VNG International, a Netherlands-based organization, have joined forces to strengthen flood resilience and water management across the state. Governor Dr Riek Gai Kok received a VNG delegation on Monday, October 20, marking a key step in expanding joint initiatives to protect flood-vulnerable communities. According to the Governor’s Office, the visit aimed to evaluate ongoing flood mitigation measures and formalize the...",,,,,,,,Eye Radio,https://eyeradio.org/jonglei-state-netherlands-partner-to-strengthen-flood-resilience-water-management/,body,
Jonglei,Bor South,2025,10,Oct,2025-10-21,Flood,"Water Ministry, IOM ink $8.5M Bor flood resilience deal","JUBA, South Sudan (Eye Radio) — The Ministry of Water Resources and Irrigation has signed an $8.5 million agreement with the International Organization for Migration (IOM) to support comprehensive flood management and climate resilience efforts in Bor Town, Jonglei State. IOM will implement the initiative, which aims to significantly reduce flood risks and improve community resilience through sustainable infrastructure and local capacity building. Achier Manyuat John,...",,,,,,,,Eye Radio,https://eyeradio.org/water-ministry-iom-ink-8-5m-bor-flood-resilience-deal/,title,
Northern Bahr el Ghazal,Aweil Centre,2025,10,Oct,2025-10-17,Flood,South Sudan: Flooding Situation Flash Update No. 7 (As of 17 October 2025),"- As of 17 October, flooding has affected 927,182 people in 26 counties across six states, with Jonglei and Unity accounting for over 91 per cent. - Floodwaters, which has persisted since July, continues to damage homes, farmland, and critical infrastructure disrupting health and education services. Heavy rains and rising Nile River levels continue to cause widespread flooding across South Sudan, exacerbating an already dire humanitarian situation marked by food insecurity,...",,60000,affected,state named in same sentence,"In **Northern Bahr el Ghazal State**, the Relief and Rehabilitation Commission reports that over **60,000 people** have been affected by flooding across **Aweil East**, **Aweil North**, **Aweil South**, **Aweil West,** and **Aweil Center** counties as well as **Aweil Town**.","927,182 ind (affected); 927,182 ind (affected); 334,579 ind (displaced); 624,289 ind (affected); 222,656 ind (affected); 22,000 ind (affected); 145,000 ind (displaced); 10,880 ind (affected)",Fangak; Panyijiar; Koch; Aweil East; Mayendit,ReliefWeb (UN Office for the Coordination of Humanitarian Affairs),https://reliefweb.int/report/south-sudan/south-sudan-flooding-situation-flash-update-no-7-17-october-2025,body,
Unity,Mayendit,2025,10,Oct,2025-10-14,Flood,Mayendit County: Malaria cases soar as floods destroy health facilities,"Authorities in Mayendit County, Unity State, say cases of malaria have increased due to ongoing flooding that has submerged several health facilities. “Regarding malaria cases: yes, the water came, and due to the flooding, the number of cases has increased. He added that the floods have also damaged important health facilities across the county.",,,,,,,,Eye Radio,https://eyeradio.org/mayendit-county-malaria-cases-soar-as-floods-destroy-health-facilities/,title,
Unity,Rubkona,2025,10,Oct,2025-10-10,Flood,South Sudan: Flooding Situation Flash Update No. 6 (As of 10 October 2025),"- As of 9 October, flooding has affected 886,106 people in 26 counties across six states, with Jonglei and Unity accounting for over 91 per cent. - Flood-affected populations including women, children, persons with disabilities, and displaced communities are exposed to increased risks of violence, exploitation, and abuse, particularly in overcrowded shelters and unstable environments. Heavy rainfall and rising water levels of the River Nile continue to inundate multiple...",,886106,affected,state named in same sentence,"- As of 9 October, flooding has affected 886,106 people in 26 counties across six states, with Jonglei and Unity accounting for over 91 per cent.","886,106 ind (affected); 886,106 ind (affected); 287,300 ind (displaced); 624,289 ind (affected); 109,000 ind (displaced)",Canal/Pigi; Malakal; Wau,ReliefWeb (UN Office for the Coordination of Humanitarian Affairs),https://reliefweb.int/report/south-sudan/south-sudan-flooding-situation-flash-update-no-6-10-october-2025,body,
,,2025,10,Oct,2025-10-09,Flood,South Sudan — Event Tracking Report #89 - Flood Displacements (1 - 30 September 2025),"South Sudan is currently facing a severe humanitarian crisis characterised by extensive internal displacement. The underlying causes of these displacement dynamics are varied, and include communal clashes, land disputes, insecurity, violence, disasters, and cross-border movements.",,,,,,,,ReliefWeb (International Organization for Migration),https://reliefweb.int/report/south-sudan/south-sudan-event-tracking-report-89-flood-displacements-1-30-september-2025,not found,
,,2025,10,Oct,2025-10-08,Flood,"East Africa Seasonal Monitor: Mixed Rainfall Impacts and Growing Concerns for the Eastern Horn of Africa, October 8, 2025","- Intense rainfall occurring within short periods across Ethiopia, South Sudan, and Sudan has produced both beneficial and destructive impacts. While replenishing soil moisture and improving water availability, the heavy downpours have also triggered severe flooding, landslides, and hailstorms that have devastated already mature crops, destroyed property and infrastructure, displaced large populations, and claimed lives. - Across unimodal regions of Kenya and Uganda, the...",45000,100000,displaced,wider / not specified,"In South Sudan, floods have displaced more than **100,000 people** in J**onglei, Upper Nile**, and **Unity states**. | According to the Addis Standard newspaper, **Amhara, Meket Woreda**, floods, hail, and landslides damaged some **6,000 hectares** of farmland destroying already mature crop and affecting approximately **45,000 families**.","5,000 ind (displaced); 45,000 HH (affected); 100,000 ind (displaced)",,ReliefWeb (Famine Early Warning System Network),https://reliefweb.int/report/burundi/east-africa-seasonal-monitor-mixed-rainfall-impacts-and-growing-concerns-eastern-horn-africa-october-8-2025,not found,
Jonglei,,2025,10,Oct,2025-10-06,Flood,Pigi Commissioner pleads for aid as floods displace thousands,"The Commissioner of Pigi County in Jonglei State is appealing for emergency relief aid for more than five thousand people displaced by floods in the area. Thon said his office has managed to move the IDPs to a temporary site in Gugjak, but there is a need to relocate them further due to the ongoing threat of more flooding. We are cut off between Gok Jack and Odwar, which is a twenty-minute distance by motorboat, because there is no road other than the river…secondly, it is...",,,,,,,,Eye Radio,https://eyeradio.org/pigi-commissioner-pleads-for-aid-as-floods-displace-thousands/,state only,
Jonglei,Pibor,2025,10,Oct,2025-10-03,Flood,South Sudan: Flooding Situation Flash Update No. 5 (As of 3 October 2025),"- As of 1 October, an estimated 639,225 people have been affected by flooding across 26 counties in six states, with Jonglei and Unity accounting for over 88 per cent of the caseload. Reports include 19 flood-related deaths. Heavy rainfall and rising River Nile water levels have submerged several areas across the country.",2000,50000,affected,county named in same sentence,"In the **Greater Pibor Administrative Area**, local authorities report that **more than 50,000 people** have been affected by flooding across Pibor, Likuangole, Gumuruk, Verteth, and Pochalla counties. | An inter-agency rapid needs assessment confirmed that at least **14,600 individuals** (2,000 households) were affected by floods in Mathiang, Palam, and Malual Payams in Longochuk County.","639,225 ind (affected); 639,225 ind (affected); 380,277 ind (affected); 179,991 ind (affected); 10,578 ind (affected); 175,000 ind (displaced); 964 HH (affected); 5,800 ind (affected)",Mayendit; Rubkona; Panyijiar; Malakal; Fangak; Renk; Wau,ReliefWeb (UN Office for the Coordination of Humanitarian Affairs),https://reliefweb.int/report/south-sudan/south-sudan-flooding-situation-flash-update-no-5-3-october-2025,body,
Jonglei,Fangak,2025,10,Oct,2025-10-03,Flood,"OCHA: Floods kill 19, affect 640,000 across South Sudan","The United Nations Office for the Coordination of Humanitarian Affairs (OCHA) says floods have killed 19 people and affected nearly 640,000 others across South Sudan as of October 2. In Jonglei, an inter-agency team carried out a rapid assessment on October 1 in Kuernyang/Barbuoi Payam, Fangak County, after heavy rains on September 30 submerged the entire area. The floods have destroyed infrastructure in the payam, leaving the office, market, and public facilities including...",,44000,displaced,county named in same sentence,"OCHA said around 44,000 people were affected, including families already displaced by conflict in New Fangak.","19 ind (affected); 175,000 ind (displaced); 44,000 ind (displaced)",,Eye Radio,https://eyeradio.org/ocha-floods-kill-19-affect-640000-across-south-sudan/,body,
Upper Nile,Maban,2025,10,Oct,2025-10-02,Flood,South Sudan: Sixth year of flooding deepens one of world’s worst hunger crises,"**MABAN, South Sudan, 2 October 2025 –** The sixth year of flooding in South Sudan combined with aid cuts is exacerbating one of the world’s worst hunger crises with newly arrived refugees fleeing conflict in Sudan resorting to foraging for food and eating leaves to survive, Save the Children said. This year an estimated 1.4 million people – about one sixth of the population in the world’s newest country – face the threat of flooding, according to latest data, with...",,1200000,displaced,county named in same sentence,So far about 1.2 million people have fled across the border during 2.5 years of violence and Maban in Upper Nile state in northeast Sudan is home to the largest number of refugees in the country.,"1,400,000 ind (reported); 379,000 ind (displaced); 7,700,000 ind (reported); 2,300,000 ind (reported); 2,300,000 ind (reported); 1,200,000 ind (displaced); 83,000 ind (reported); 220,000 ind (reported)",,ReliefWeb (Save the Children),https://reliefweb.int/report/south-sudan/south-sudan-sixth-year-flooding-deepens-one-worlds-worst-hunger-crises,body,
Jonglei,Fangak,2025,10,Oct,2025-10-02,Flood,Flood-affected households receive relief assistance in Fangak County,"Caritas Diocese of Malakal has distributed relief items to 400 households affected by floods in Fangak County, Jonglei State. Omujwok described the humanitarian situation as dire, saying floodwaters have surrounded villages, forcing people to move by canoe while lacking access to clean water and healthcare.",400,,affected,county named in same sentence,"Caritas Diocese of Malakal has distributed relief items to 400 households affected by floods in Fangak County, Jonglei State.",400 HH (affected); 400 HH (reported),Malakal,Eye Radio,https://eyeradio.org/flood-affected-households-receive-relief-assistance-in-fangak-county/,title,
Jonglei,Pibor,2025,10,Oct,2025-10-02,Flood,Kiir orders urgent relief for flood-hit communities in Greater Pibor,"President Salva Kiir has directed the Minister of Humanitarian Affairs to urgently coordinate emergency relief for flood-affected communities in the Greater Pibor Administrative Area. According to the Presidential Press Unit, the directive came after a briefing from Area Chief Administrator Gola Boyoi Gola, who said thousands of families have been displaced by widespread flooding.",,,,,,,,Eye Radio,https://eyeradio.org/kiir-orders-urgent-relief-for-flood-hit-communities-in-greater-pibor/,title,
Central Equatoria,Lainya,2025,10,Oct,2025-10-01,Heavy rainfall,Lainya Residents Travel to Juba for Malaria Treatment,"County health director Julius Luate said poor sanitation, heavy rainfall and a shortage of mosquito nets were the main causes of the increase. Poor sanitation, heavy rain, no mosquito nets, limited awareness Poor sanitation, heavy rainfall, limited mosquito nets, lack of public health awareness",,,,,,,Juba; Yei,Radio Yei,https://radioyei.org/news/health/lainya-residents-travel-to-juba-for-malaria-treatment/,title,
Unity,,2025,10,Oct,2025-10-01,Flood,"Akoka County hit by floods, authorities seek assistance","Authorities in Akoka County, Upper Nile State, say torrential floods have submerged homes, leaving residents in dire conditions after being forced to leave their homes. Andrew Monychol, the County Executive Director, says hundreds of people have sought shelter on higher grounds in the bushes to escape the flooding. “In the past two days there has been heavy rainfall and as you can see now I am standing in the middle of the water and with no means available here to help the...",,,,,,,,Eye Radio,https://eyeradio.org/akoka-county-hit-by-floods-authorities-seek-assistance/,state only,
Unity,Panyijiar,2025,9,Sep,2025-09-29,Flood,South Sudan - Panyijiar County: Flood overview (September 2025),,,,,,,,,ReliefWeb (REACH Initiative),https://reliefweb.int/map/south-sudan/south-sudan-panyijiar-county-flood-overview-september-2025,title,
Unity,Mayendit,2025,9,Sep,2025-09-29,Flood,South Sudan - Mayendit County: Flood overview (September 2025),,,,,,,,,ReliefWeb (REACH Initiative),https://reliefweb.int/map/south-sudan/south-sudan-mayendit-county-flood-overview-september-2025,title,
Jonglei,Fangak,2025,9,Sep,2025-09-29,Flood,South Sudan - Fangak County: Flood overview (September 2025),,,,,,,,,ReliefWeb (REACH Initiative),https://reliefweb.int/map/south-sudan/south-sudan-fangak-county-flood-overview-september-2025,title,
Jonglei,Twic East,2025,9,Sep,2025-09-29,Flood,South Sudan - Twic East County: Flood overview (September 2025),,,,,,,,,ReliefWeb (REACH Initiative),https://reliefweb.int/map/south-sudan/south-sudan-twic-east-county-flood-overview-september-2025,title,
Unity,Koch,2025,9,Sep,2025-09-29,Flood,South Sudan - Koch County: Flood overview (September 2025),,,,,,,,,ReliefWeb (REACH Initiative),https://reliefweb.int/map/south-sudan/south-sudan-koch-county-flood-overview-september-2025,title,
Jonglei,Ayod,2025,9,Sep,2025-09-29,Flood,South Sudan - Ayod County: Flood overview (September 2025),,,,,,,,,ReliefWeb (REACH Initiative),https://reliefweb.int/map/south-sudan/south-sudan-ayod-county-flood-overview-september-2025,title,
Jonglei,Duk,2025,9,Sep,2025-09-29,Flood,South Sudan - Duk County: Flood overview (September 2025),,,,,,,,,ReliefWeb (REACH Initiative),https://reliefweb.int/map/south-sudan/south-sudan-duk-county-flood-overview-september-2025,title,
Unity,Leer,2025,9,Sep,2025-09-29,Flood,South Sudan - Leer County: Flood overview (September 2025),,,,,,,,,ReliefWeb (REACH Initiative),https://reliefweb.int/map/south-sudan/south-sudan-leer-county-flood-overview-september-2025,title,
Unity,Guit,2025,9,Sep,2025-09-29,Flood,South Sudan - Guit County: Flood overview (September 2025),,,,,,,,,ReliefWeb (REACH Initiative),https://reliefweb.int/map/south-sudan/south-sudan-guit-county-flood-overview-september-2025,title,
Central Equatoria,Juba,2025,9,Sep,2025-09-27,Flood,Red Cross Briefs Central Equatoria Governor on Flood Aid,"They briefed the Governor on work being carried out in areas affected by flooding along the Nile, particularly in Mangalla and Lado Payam. He said 1,200 households had already received non food relief supplies as part of flood support. Mangalla and Lado Payam (flood prone zones)",1200,,reported,wider / not specified,"He said 1,200 households had already received non food relief supplies as part of flood support.","1,200 HH (reported); 1,200 HH (reported)",,Radio Yei,https://radioyei.org/news/environment/red-cross-briefs-central-equatoria-governor-on-flood-aid/,body,
Jonglei,Pibor,2025,9,Sep,2025-09-27,Flood,Pibor town facing permanent relocation as flooding worsens – Official,"PIBOR, Greater Pibor Administrative Area (Eye Radio) – Authorities in the Greater Pibor Administrative Area (GPAA) have revealed a possible long-term plan to permanently relocate Pibor town to higher ground as the region grapples with continuous, devastating floods. GPAA Minister of Information, Jacob Werchum, confirmed the plan, stating that the relentless flooding has exposed Pibor as a highly flood-prone area. The Minister noted that the heavy rain that fell yesterday has...",13907,70000,displaced,county named in same sentence,"The Relief and Rehabilitation Commission (RRC) for the Greater Pibor area made an urgent appeal last week, citing severe flooding that has displaced over 70,000 people. | David Ngiro Yankon, the RRC chairperson, specified that 13,907 households have been forced from their homes.","70,000 ind (displaced); 13,907 HH (reported)",,Eye Radio,https://eyeradio.org/pibor-town-facing-permanent-relocation-as-flooding-worsens-official/,title,https://eyeradio.org/greater-pibor-appeals-for-aid-as-floods-displace-70000-warns-of-health-crisis/
Upper Nile,Malakal,2025,9,Sep,2025-09-26,Flood,South Sudan: Flooding Situation Flash Update No. 4 (As of 26 September 2025),"- Floodwaters have damaged homes, farmland, and infrastructure, disrupting livelihoods and limiting access to services and humanitarian supply routes. Flooding continues to impact communities and heighten protection risks across South Sudan, particularly for children. Floodwaters have damaged homes, farmland, and infrastructure, disrupting livelihoods and limiting access to services and humanitarian supply routes.",9545,5784,affected,county named in same sentence,"**In Malakal County**, flooding has affected **an estimated 5,784 people** across five bomas in **Wau Shilluk**, according to preliminary IRNA findings on 19 September. | **Ayod County**: A Rapid Needs Assessment (17 September) indicates 57,270 people (9,545 households) affected.","592,686 ind (affected); 592,686 ind (affected); 170,148 ind (displaced); 1,000 ind (displaced); 5,784 ind (affected); 6,037 ind (reported); 50,000 ind (displaced); 1,000 ind (reported)",Canal/Pigi; Panyijiar; Panyikang; Pochalla; Mayendit; Pibor; Koch,ReliefWeb (UN Office for the Coordination of Humanitarian Affairs),https://reliefweb.int/report/south-sudan/south-sudan-flooding-situation-flash-update-no-4-26-september-2025,body,
Jonglei,Fangak,2025,9,Sep,2025-09-26,Flood,"South Sudan Key Message Update: Persistent conflict and flooding sustain a risk of Famine (IPC Phase 5) in Upper Nile, September 2025","- Acute food insecurity and malnutrition levels are deepening at the peak of the lean season in September, driven by the severe impacts of persistent conflict, expanding flood extent, economic deterioration, and a high returnee and refugee burden on household access to local food sources and life-saving humanitarian food assistance. There is a credible [**risk of Famine (IPC Phase 5)**](https://fews.net/sites/default/files/2025-09/Risk%20of%20Famine%20Explaner_0.pdf) in...",,311000,displaced,state named in same sentence,"By September 11,[**over 311,000 people**](https://reliefweb.int/report/south-sudan/south-sudan-floods-snapshot-12-september-2025#:~:text=As%20of%2011%20September%2C%20flooding,overcrowded%20conditions%20in%20displacement%20sites.) in 13 counties across four states had been affected by floods, with Jonglei and Unity states accounting for over 87 percent of those affected.","20,000 ind (displaced); 311,000 ind (displaced); 23,000 ind (reported); 199,000 ind (displaced); 1,500,000 ind (reported); 8,990,000 ind (reported)",Morobo; Pibor; Ulang; Aweil Centre; Canal/Pigi; Longochuk; Panyikang,ReliefWeb (Famine Early Warning System Network),https://reliefweb.int/report/south-sudan/south-sudan-key-message-update-persistent-conflict-and-flooding-sustain-risk-famine-ipc-phase-5-upper-nile-september-2025,body,
Jonglei,Fangak,2025,9,Sep,2025-09-25,Flood,Fangak commissioner appeals for urgent aid amid flood crisis,"The Commissioner of Fangak County in Jonglei State has appealed for urgent humanitarian assistance for flood-affected communities, citing severe shortages of food, shelter, and medical services. The area is submerged.",,,,,,,,Eye Radio,https://eyeradio.org/fangak-commissioner-appeals-for-urgent-aid-amid-flood-crisis/,title,
Jonglei,Pibor,2025,9,Sep,2025-09-24,Flood,Pibor residents urged to relocate as rising floodwaters threaten thousands,"Authorities in the Greater Pibor Administrative Area (GPAA) are calling on residents to move at least 100 meters away from the riverbank, as the region faces increasing threats of severe flooding. The warning was issued by Chief Gola Boyoi Gola during a joint flood risk assessment conducted with the International Organization for Migration (IOM) in Pibor town on Tuesday. “Although we continue to experience increasing flood levels, the situation has improved compared to...",14000,70000,displaced,wider / not specified,"According to Chief Gola, the recent floods have already displaced more than 70,000 people, affecting over 14,000 households across six counties within the GPAA.","14,000 HH (displaced); 70,000 ind (displaced)",,Eye Radio,https://eyeradio.org/pibor-residents-urged-to-relocate-as-rising-floodwaters-threaten-thousands/,title,https://eyeradio.org/greater-pibor-appeals-for-aid-as-floods-displace-70000-warns-of-health-crisis/
,,2025,9,Sep,2025-09-23,Flood,South Sudan — Event Tracking Report #87 - Flood Displacements (1 - 31 August 2025),"South Sudan is currently facing a severe humanitarian crisis characterised by extensive internal displacement. The underlying causes of these displacement dynamics are varied, and include communal clashes, land disputes, insecurity, violence, disasters, and cross-border movements.",,,,,,,,ReliefWeb (International Organization for Migration),https://reliefweb.int/report/south-sudan/south-sudan-event-tracking-report-87-flood-displacements-1-31-august-2025,not found,
Central Equatoria,Juba,2025,9,Sep,2025-09-20,Heavy rainfall,Juba Traffic Officer Wins Praise for Duty in Heavy Rain,"(JUBA CITY) – A traffic police officer in Juba has received recognition from motorists and pedestrians after he continued directing vehicles at Buluk Junction during heavy rainfall. Corporal Juma Jubara was seen soaked by the downpour while keeping traffic moving at one of the capital’s busiest intersections. His commitment has been praised by road users as an example of responsibility in ensuring road safety, at a season when poor road conditions and flooding add to the...",,,,,,,,Radio Yei,https://radioyei.org/news/environment/juba-traffic-officer-wins-praise-for-duty-in-heavy-rain/,title,
Jonglei,Pibor,2025,9,Sep,2025-09-20,Flood,"Greater Pibor appeals for aid as floods displace 70,000, warns of health crisis","PIBOR, Pibor Administrative Area (Eye Radio) —The Relief and Rehabilitation Commission (RRC) in Greater Pibor has reported that h eavy floods in the Greater Pibor Administrative Area have displaced over 70,000 people, prompting local officials to issue an urgent call for international humanitarian assistance. David Ngiro Yankon warned that the widespread displacement and submerging of health facilities could lead to a severe outbreak of waterborne diseases, stating that...",13907,70000,displaced,county named in same sentence,"PIBOR, Pibor Administrative Area (Eye Radio) —The Relief and Rehabilitation Commission (RRC) in Greater Pibor has reported that h eavy floods in the Greater Pibor Administrative Area have displaced over 70,000 people, prompting local officials to issue an urgent call for international humanitarian assistance. | David Ngiro Yankon warned that the widespread displacement and submerging of health facilities could lead to a severe outbreak of waterborne diseases, stating that heavy rainfall and risi","70,000 ind (displaced); 13,907 HH (displaced)",,Eye Radio,https://eyeradio.org/greater-pibor-appeals-for-aid-as-floods-displace-70000-warns-of-health-crisis/,title,
Upper Nile,Malakal,2025,9,Sep,2025-09-17,Flood,South Sudan: Flooding Situation Flash Update No. 3 (As of 17 September 2025),"- As of 17 September, flooding continues to affect communities across South Sudan, with an estimated **379,154 people** impacted in **21 counties** across **five states**. - Floodwaters have submerged **farmland, homes, and humanitarian facilities,** severely disrupting access to **education, health, nutrition, and water services**. - According to the **IGAD Climate Prediction and Applications Centre, above-average rainfall** is forecast across most of South Sudan from...",650,379154,affected,county named in same sentence,"- As of 17 September, flooding continues to affect communities across South Sudan, with an estimated **379,154 people** impacted in **21 counties** across **five states**. | On 16 September, floods impacted about **650 households** in **Wau-Shilluk Payam, Malakal County**, forcing families to higher ground.","379,154 ind (affected); 379,154 ind (affected); 135,313 ind (displaced); 16 ind (reported); 9,740 HH (affected); 58,436 ind (affected); 40,000 ind (displaced); 12,000 ind (displaced)",Koch; Wau,ReliefWeb (UN Office for the Coordination of Humanitarian Affairs),https://reliefweb.int/report/south-sudan/south-sudan-flooding-situation-flash-update-no-3-17-september-2025,body,
Jonglei,,2025,9,Sep,2025-09-15,Flood,"Severe Floods Threaten Over One Million in Jonglei, Upper Nile and Unity States","(JONGLEI ) – The United Nations Refugee Agency (UNHCR) has warned that severe flooding in South Sudan could affect more than one million people this year, with more than 100,000 already displaced. The agency said the floods are worsening an already fragile humanitarian situation in the country. According to UNHCR, if rainfall and rising waters continue, as many as 400,000 people could be forced from their homes by the end of 2025.",,400000,reported,wider / not specified,"According to UNHCR, if rainfall and rising waters continue, as many as 400,000 people could be forced from their homes by the end of 2025.","400,000 ind (reported)",,Radio Yei,https://radioyei.org/news/environment/severe-floods-threaten-over-one-million-in-jonglei-upper-nile-and-unity-states/,state only,
Jonglei,Fangak,2025,9,Sep,2025-09-12,Flood,Presidential Envoy Adut meets Fangak leaders over devastating floods,"Juba, South Sudan (Eye Radio) — Presidential Envoy for Special Programs Adut Salva Kiir met with lawmakers from Fangak County in Jonglei State to discuss devastating floods that have affected thousands of people. The legislators reported that the floods have submerged most areas adjacent to the river, including Old Fangak, Wanglel, Kuemduong, Wicmuon, and Nyalual, leaving thousands displaced. They noted that while the people of Fangak have lived under floodwaters for nearly...",,,,,,,,Eye Radio,https://eyeradio.org/presidential-envoy-adut-meets-fangak-leaders-over-devastating-floods/,title,
Jonglei,Fangak,2025,9,Sep,2025-09-11,Flood,South Sudan: Flooding Situation Flash Update No. 2 (As of 11 September 2025),"• Flooding has submerged farmland, homes, and humanitarian facilities, disrupted access to education, health, nutrition, and water services. • Humanitarian partners continue delivering life-saving assistance to flood-affected communities. • Above-normal rainfall is forecast from July to November, with 1.6 million people at risk of flooding",,104000,displaced,county named in same sentence,"Over 104,000 people in the counties of Panyijiar, Twic East, Terekeka, Pochalla, Fangak and Ayod are displaced and sheltered on higher grounds.","273,000 ind (affected); 1,600,000 ind (reported); 273,000 ind (affected); 104,000 ind (displaced); 2,304 ind (displaced); 1,600,000 ind (reported)",Malakal,ReliefWeb (UN Office for the Coordination of Humanitarian Affairs),https://reliefweb.int/report/south-sudan/south-sudan-flooding-situation-flash-update-no-2-11-september-2025,body,
Upper Nile,Maban,2025,9,Sep,2025-09-10,Flood,"UNOPS, Water Ministry sign nearly $10M flood protection deal","The project aims to strengthen flood defenses and improve access to clean water for flood-affected and water-stressed communities nationwide. Petronella Halwindi Kasaka, the UNOPS country manager in South Sudan, said the project aims to support the government in mitigating floods and strengthening the resilience of affected communities. “As UNOPS, we are coming in as an implementing partner to come and support the government to implement its mandate of helping to mitigate...",,,,,,,,Eye Radio,https://eyeradio.org/unops-water-ministry-sign-nearly-10m-flood-protection-deal/,body,
Unity,Mayendit,2025,9,Sep,2025-09-10,Flood,"Floods displace 200,000 households in Unity State","JUBA, South Sudan (Eye Radio) – Authorities in Unity State say that about 200,000 households have been displaced by devastating floods that swept through the area in recent weeks, with Panyijiar, Koch, Mayendit, and Leer counties being the most affected. The displacement comes after the state reported three consecutive days of heavy rainfall in May 2025, which caused severe destruction and resulted in five confirmed deaths.",200000,,displaced,county named in same sentence,"JUBA, South Sudan (Eye Radio) – Authorities in Unity State say that about 200,000 households have been displaced by devastating floods that swept through the area in recent weeks, with Panyijiar, Koch, Mayendit, and Leer counties being the most affected.","200,000 HH (displaced); 200,000 HH (displaced); 75,000 HH (displaced); 60,000 HH (affected); 75,000 HH (displaced); 58,436 HH (displaced); 39,000 HH (displaced); 12,336 HH (displaced)",Leer; Panyijiar; Koch,Eye Radio,https://eyeradio.org/floods-displace-200000-households-in-unity-state/,body,
,,2025,9,Sep,2025-09-09,Flood,"South Sudan Flood Emergency: Situation Report #1, September 9, 2025","- Flooding in South Sudan has created urgent humanitarian need, displacing more than 70,000 people. - We are implementing flood mitigation measures, including construction of temporary dikes around key facilities using sandbags and local materials to reinforce weak points.",,70000,displaced,wider / not specified,"- Flooding in South Sudan has created urgent humanitarian need, displacing more than 70,000 people.","70,000 ind (displaced)",,ReliefWeb (International Medical Corps),https://reliefweb.int/report/south-sudan/south-sudan-flood-emergency-situation-report-1-september-9-2025,not found,
,,2025,9,Sep,2025-09-04,Flood,East Africa Seasonal Monitor: Contrasting Climatic Conditions across East Africa: Current Flooding and Forecasted Drought (4 September 2025),"- Significant improvements in crop and vegetation conditions across much of Ethiopia, Sudan, and South Sudan, following enhanced rainfall in August, easing seasonal moisture deficits across much of the northern Sector (Figure 1). - Extreme rainfall in August has led to extensive flooding across South Sudan. Localized flooding has also been reported in the North Darfur, South Darfur, Gedaref, River Nile, and Kassala of Sudan.",,,,,,,,ReliefWeb (Famine Early Warning System Network),https://reliefweb.int/report/sudan/east-africa-seasonal-monitor-contrasting-climatic-conditions-across-east-africa-current-flooding-and-forecasted-drought-4-september-2025,not found,
Jonglei,Fangak,2025,9,Sep,2025-09-03,Flood,"MSF evacuates 1,000 from Old Fangak flood","Juba, South Sudan (Eye Radio) – Doctors Without Borders (MSF) has successfully evacuated over 1,000 residents from Old Fangak, Jonglei State, after a critical dyke breached on August 30, 2025. In a statement by MSF on Wednesday, September 3, the resulting floods rapidly inundated the town, requiring immediate action to save lives. At approximately 11 PM on 30 August, local dyke watchers issued urgent calls for community assistance",,1000,displaced,county named in same sentence,"Juba, South Sudan (Eye Radio) – Doctors Without Borders (MSF) has successfully evacuated over 1,000 residents from Old Fangak, Jonglei State, after a critical dyke breached on August 30, 2025.","1,000 ind (displaced); 1,000 ind (displaced)",,Eye Radio,https://eyeradio.org/msf-evacuates-1000-from-old-fangak-flood/,title,
Upper Nile,Malakal,2025,9,Sep,2025-09-02,Flood,South Sudan: Flooding Situation Flash Update No. 1 (As of 2 September 2025),"• Above-normal rainfall is forecast between July and November 2025, with an estimated 1.6 million people at risk of flooding across South Sudan. • On 30–31 August, a section of the dyke on the western side of Old Fangak broke overnight, submerging the entire town. • As of 1 September, flooding has affected approximately 263,000 people across Unity, Jonglei, and Upper Nile states.",35939,263000,affected,state named in same sentence,"• As of 1 September, flooding has affected approximately 263,000 people across Unity, Jonglei, and Upper Nile states. | As of 1 September, flooding has affected approximately 263,000 people (35,939 households) across Unity, Jonglei, and Upper Nile states.","1,600,000 ind (reported); 263,000 ind (affected); 1,600,000 ind (reported); 870,000 ind (reported); 35,939 HH (affected); 263,000 ind (affected)",Fangak; Bor South; Panyijiar,ReliefWeb (UN Office for the Coordination of Humanitarian Affairs),https://reliefweb.int/report/south-sudan/south-sudan-flooding-situation-flash-update-no-1-2-september-2025,body,
Jonglei,Fangak,2025,9,Sep,2025-09-02,Flood,Fangak County MP urges urgent aid as flooding submerges entire area,"JUBA, South Sudan (Eye Radio) —A member of parliament representing Fangak County in Jonglei State is calling for urgent humanitarian support as severe flooding continues to affect the area. Speaking during a parliamentary sitting on Monday in Juba, September 1, Mary Nyarieka Lorjok said that rising waters have submerged large parts of Fangak, leaving people, including children, trapped in the floodwaters. “I arise to inform the house that last night the water has taken the...",,,,,,,,Eye Radio,https://eyeradio.org/fangak-county-mp-urges-urgent-aid-as-flooding-submerges-entire-area/,title,
Upper Nile,Malakal,2025,8,Aug,2025-08-29,Flood,Rising Nile water levels threaten devastating floods for areas downstream – Water Ministry,"The Ministry of Water Resources and Irrigation says fluctuating river levels across the country continue to pose a flood risk, with several areas under alert. However, in Mangala, the situation is more severe, with water levels crossing the high flood threshold and continuing to rise. Despite some regional decreases, most stations are reporting high or above-alert levels, increasing the risk of mild to moderate flooding in downstream areas.",,,,,,,Wau,Eye Radio,https://eyeradio.org/rising-nile-water-levels-threaten-devastating-floods-for-areas-downstream-water-ministry/,body,
Jonglei,Ayod,2025,8,Aug,2025-08-27,Flood,"Floods devastate Ayod County, displacing residents and destroying crops","AYOD, Jonglei State (Eye Radio) — Authorities in Ayod County of Jonglei State say heavy rainfall has triggered severe flooding in Ayod County, Jonglei State, submerging seven villages and approximately half of Ayod town. According to County Commissioner James Chol, the floods, which began last week, have destroyed homes and crops, leaving residents facing food shortages and the threat of disease. Commissioner Chol says the floodwaters have devastated essential resources and...",,,,,,,,Eye Radio,https://eyeradio.org/floods-devastate-ayod-county-displacing-residents-and-destroying-crops/,title,
Central Equatoria,Juba,2025,8,Aug,2025-08-26,Flood,State Government Condemns Abduction of Seven Children in Juba County,"The committee also expressed concern over flooding in several areas of Juba, including Gudele Blocks 4, 5 and 7, as well as parts of Munuki. The floods have disrupted road access, making it harder for security agencies to carry out their operations. The State Government has urged the activation of the High Level Flood Mitigation Committee to address the problem, stressing that security responses depend on accessible road networks.",,7,reported,wider / not specified,"2 people killed, 7 children abducted",7 ind (reported),Lainya; Morobo; Yei,Radio Yei,https://radioyei.org/news/crime-and-investigations/state-government-condemns-abduction-of-seven-children-in-juba-county/,title,
Jonglei,Pibor,2025,8,Aug,2025-08-26,Flood,160 households displaced as floods ravage Greater Pibor,"Information Minister of the Greater Pibor Administrative Area says nearly 160 households have so far been displaced by severe flooding in Pochalla South and Pochalla North counties. Jacob Warchum told Eye Radio that the flooding began when the Kovu River burst its banks in Pochalla South. It has now spread to Pochalla North, where the Oboth River has also overflowed, damaging crops, cutting off roads, and displacing more communities.",160,,displaced,county named in same sentence,160 households displaced as floods ravage Greater Pibor.,160 HH (displaced); 160 HH (displaced); 158 HH (reported),Pochalla,Eye Radio,https://eyeradio.org/160-households-displaced-as-floods-ravage-greater-pibor/,title,
Upper Nile,,2025,8,Aug,2025-08-25,Flood,Upper Nile forms task force to support communities affected by floods,"The Minister of Information in Upper Nile State says a task force has been formed to support people living in flood-prone areas after a national warning about rising water levels in the Nile River. He says the move follows a recent alert by the Ministry of Water Resources and Irrigation, warning of possible flooding in areas along the Nile due to increased water levels. Ngwojo says some parts of Makal, Fashoda, and Panyikang counties have already experienced flooding.",,,,,,,,Eye Radio,https://eyeradio.org/upper-nile-forms-task-force-to-support-communities-affected-by-floods/,state only,
Jonglei,Twic East,2025,8,Aug,2025-08-25,Flood,MPs raise alarm over floods in Pochalla and Twic East,"Two lawmakers on Monday raised urgent concerns over flooding in Pochalla County of Greater Pibor Administrative Area and Twic East County of Jonglei State. David Okwier Akway, the MP representing Pochalla, told the Transitional National Legislative Assembly that the River Akobo has burst its banks, flooding the town and nearby villages. He described the situation as an emergency and said the floods have displaced communities from Pochalla South up to Boma.",,50000,affected,county named in same sentence,"Meanwhile, Deng Dau Deng, the MP representing Twic East County, said heavy rains have submerged the area for the past three days, affecting at least 50,000 people.","50,000 ind (affected); 50,000 ind (reported)",Pochalla; Akobo; Pibor,Eye Radio,https://eyeradio.org/mps-raise-alarm-over-floods-in-pochalla-and-twic-east/,title,
Upper Nile,Malakal,2025,8,Aug,2025-08-23,Flood,Flood risk increases as Nile stations reach alert levels,"04, placing the areas in the high flood alert level. In its daily River Water Levels update issued on August 21st, and shared on its official Facebook page, the Ministry reported that the Mangala Station at Bahr-el-Jebel recorded 14.91 meters, placing it in the High Flood Category. According to the update, Juba and Mangala have both reached Alert and High Flood levels, with mild to moderate floods likely downstream.",,,,,,,Wau,Eye Radio,https://eyeradio.org/flood-risk-increases-as-nile-stations-reach-alert-levels/,body,
Upper Nile,Malakal,2025,8,Aug,2025-08-22,Flood,South Sudan on Alert as Nile Water Levels Rise,"(JUBA) – The Ministry of Water Resources and Irrigation has reported rising water levels across several river stations in South Sudan, warning that parts of the country remain at risk of flooding. Although slightly lower than the previous reading, this measurement remains within the high flood category. The Ministry cautioned that the combination of high readings at Mangala and Juba indicates that downstream communities are likely to face mild to moderate flooding in the...",,,,,,,Juba; Wau; Bor South; Magwi,Radio Yei,https://radioyei.org/news/environment/south-sudan-on-alert-as-nile-water-levels-rise/,body,
Jonglei,Pochalla,2025,8,Aug,2025-08-20,Flood,Floods displace hundreds in Pochalla South County – official,"The Minister of Information in the Greater Pibor Administrative Area says heavy rains have flooded parts of Pochalla South County, destroying homes and displacing hundreds of residents. Jacob Werchum says several villages located along the Akobo River have been severely affected after continuous rainfall overwhelmed the river’s capacity. He told Eye Radio this morning that the floods have damaged farmland, submerged homes, and forced residents to flee their areas.",,,,,,,Akobo; Pibor,Eye Radio,https://eyeradio.org/floods-displace-hundreds-in-pochalla-south-county-official/,title,
Warrap,,2025,8,Aug,2025-08-19,Flood,Japan helps Enhance Climate and Flood Resilience in Vulnerable Communities in South Sudan,"UNHCR, the UN Refugee Agency, welcomes a US$ 2.5 million contribution from the Government of Japan to help communities in South Sudan adapt to the growing impacts of climate change and recurrent floods. Last year alone, more than 1.4 million people were affected by floods and other climate shocks, with an estimated 380,000 forcibly displaced. Floods continue to destroy homes, wash away crops, kill livestock, and erode people’s ability to survive.",,26000,displaced,state named in same sentence,"It will benefit 26,000 people, including 20,000 refugees, internally displaced people, and returnees, along with 6,000 members of local host communities in Northern Bahr el Ghazal and Warrap States.","1,400,000 ind (displaced); 26,000 ind (displaced); 106,000 ind (displaced)",,ReliefWeb (UN High Commissioner for Refugees),https://reliefweb.int/report/south-sudan/japan-helps-enhance-climate-and-flood-resilience-vulnerable-communities-south-sudan,state only,
Central Equatoria,Terekeka,2025,8,Aug,2025-08-18,Heavy rainfall,Tali Payam cut off from Terekeka town as heavy rains wash out key road,"The Executive Director of Tali Payam in Terekeka County says the road linking the area to Terekeka town has been cut off due to heavy rainfall. Speaking to Eye Radio in an exclusive interview this morning, Peter Mayen Abuk said torrential rains have submerged the road, making it nearly impassable for motorists.",,,,,,,,Eye Radio,https://eyeradio.org/tali-payam-cut-off-from-terekeka-town-as-heavy-rains-wash-out-key-road/,title,
Western Equatoria,Mvolo,2025,8,Aug,2025-08-15,Flood,25 homes destroyed as floods ravage Mvolo County,"Authorities in Mvolo County, Western Equatoria State, say more than 25 homes have been submerged following days of heavy rainfall in the area. Michael says the flooding has damaged properties and left some homes on the verge of collapse. He said the floodwaters have affected residents in Dari and Lesi Payams, where rains continue to pound the area.",25,,affected,wider / not specified,"It was 25 households affected, but the number is increasing.",25 HH (affected),,Eye Radio,https://eyeradio.org/25-homes-destroyed-as-floods-ravage-mvolo-county/,title,
Jonglei,Twic East,2025,8,Aug,2025-08-15,Flood,"Over 10,000 households affected by floods in Twic East – Commissioner","The Commissioner of Twic East County in Jonglei State says more than 10,000 households in the county headquarters and nearby payams have been affected by recent heavy rainfall. Juach Arok Juach says the downpour over the past week has destroyed homes and raised fears of more flooding. August and September are usually the peak months for these diseases, as heavy rains are common during this period,” he said.",10000,,affected,county named in same sentence,"Over 10,000 households affected by floods in Twic East – Commissioner.","10,000 HH (affected); 10,000 HH (affected); 10,000 HH (reported); 3,000 HH (displaced); 10,000 HH (reported)",,Eye Radio,https://eyeradio.org/over-10000-households-affected-by-floods-in-twic-east-commissioner/,title,
Jonglei,Pibor,2025,8,Aug,2025-08-10,Flood,Improved Security and Flood Dykes Transform Pibor Economy,"Selling tea and porridge seemed simple in theory, but insecurity and flooding made it nearly impossible in practice. “Insecurity was one challenge, but the flooding was relentless. Flooding in Pibor has long been more than just an inconvenience.",,,,,,,,Radio Yei,https://radioyei.org/news/states/jonglei-state/improved-security-and-flood-dykes-transform-pibor-economy/,title,
,,2025,8,Aug,2025-08-05,Flood,New Research Warns of Conflict Risks in South Sudan Climate Plans,"(JUBA COUNTY) – South Sudan, still reeling from years of civil war and instability, remains especially vulnerable to worsening climate shocks such as floods and drought. At the same time, climate related disasters such as prolonged droughts and record breaking floods are causing food insecurity, destroying livelihoods and isolating communities. These range from planting drought resistant crops and rainwater harvesting to livestock restocking and climate smart agriculture...",,2300000,displaced,wider / not specified,"Since its independence in 2011, South Sudan has experienced widespread internal conflict that has displaced an estimated 2.3 million people.","2,300,000 ind (displaced)",,Radio Yei,https://radioyei.org/news/environment/new-research-warns-of-conflict-risks-in-south-sudan-climate-plans/,not found,
Eastern Equatoria,Magwi,2025,8,Aug,2025-08-05,Flood,Flooding Near Nimule Border Triggers Cholera Outbreak,"(AMURU DISTRICT) – Heavy flooding in Elegu Town Council, a key border town between Uganda and South Sudan, has displaced more than 2,000 people and triggered a cholera outbreak. The floods which hit last week submerged homes, businesses and sanitation facilities leaving residents and traders stranded in high ground areas and worsening the already fragile hygiene situation. The area regularly experiences flooding when the Unyama River, which originates in Omoro District and...",,2000,displaced,wider / not specified,"(AMURU DISTRICT) – Heavy flooding in Elegu Town Council, a key border town between Uganda and South Sudan, has displaced more than 2,000 people and triggered a cholera outbreak.","2,000 ind (displaced); 2,000 ind (displaced)",,Radio Yei,https://radioyei.org/news/environment/flooding-near-nimule-border-triggers-cholera-outbreak/,title,
Western Equatoria,Mundri West,2025,8,Aug,2025-08-05,Heavy rainfall,Heavy downpours cut off road linking Mundri West and East counties – comm’r,"The Commissioner of Mundri West County in Western Equatoria State says the road leading to Mundri East County has been cut off due to heavy rains. Speaking to Eye Radio in an exclusive interview from Mundri town on Tuesday, Zelpha Daua said flash floods and torrential rainfall have submerged key sections of road infrastructure, disrupting transportation across the region. But for the past week, the flooding has worsened, especially around Maridi.",,,,,,,Mundri East,Eye Radio,https://eyeradio.org/heavy-downpours-cut-off-road-linking-mundri-west-and-east-counties-commr/,title,
Jonglei,Twic East,2025,8,Aug,2025-08-05,Flood,Speaker Kumba: parliament not neglecting national issues,"No delegation has gone to any state to see the impact of floods or insecurity. In response, Speaker Kumba said that Members of Parliament are not restricted from traveling to their states to assess challenges such as floods, insecurity, and the worsening humanitarian situation, and bringing those findings back to the House. “For the committees, and you are talking about the situation in the country, the floods.",,,,,,,Duk,Eye Radio,https://eyeradio.org/152202-2/,body,
Eastern Equatoria,Magwi,2025,8,Aug,2025-08-02,Drought,Ox-Ploughs and Nutrition Clubs Beat the Drought in Magwi,"According to recent IPC data, 7.7 million people (about 57 percent of the population) are experiencing acute food insecurity, worsened by conflict, flooding, and economic instability.",,1300,in need,county named in same sentence,"(MAGWI COUNTY) – More than 1,300 farmers across South Sudan have been trained in sustainable farming practices under a major agricultural development effort aimed at helping communities respond to food insecurity, climate shocks and economic hardship.","1,300 ind (in need); 7,700,000 ind (in need); 806 ind (reported)",Cueibet,Radio Yei,https://radioyei.org/news/business/agriculture/ox-ploughs-and-nutrition-clubs-beat-the-drought-in-magwi/,title,
Jonglei,Twic East,2025,8,Aug,2025-08-01,Flood,Canoes Deliver Aid to Flood Victims in Twic East,"(TWIC EAST) – Prolonged flooding has left most payams in Twic East County isolated and struggling, severely damaging livelihoods and limiting access to emergency assistance, according to the Food and Agriculture Organization (FAO) of the United Nations. In a statement issued on 29 July, FAO said that despite extreme challenges, its staff in the area have resorted to using locally available canoes to deliver critical support to affected communities across Jonglei State’s...",,,,,,,,Radio Yei,https://radioyei.org/news/environment/canoes-deliver-aid-to-flood-victims-in-twic-east/,title,
Jonglei,Bor South,2025,8,Aug,2025-08-01,Flood,"Over 80,000 Affected by Floods in Unity and Jonglei States","(JUBA) – As of 30 July 2025, approximately 80,000 people have been affected by ongoing flooding in South Sudan’s Mayendit and Bor South counties, located in Unity and Jonglei states. Humanitarian agencies report that, although there have been no official cases of displacement linked to the flooding, the situation remains critical for local communities due to prolonged exposure to floodwaters. Health experts warned that poor sanitation and limited access to clean drinking...",,80000,affected,county named in same sentence,"(JUBA) – As of 30 July 2025, approximately 80,000 people have been affected by ongoing flooding in South Sudan’s Mayendit and Bor South counties, located in Unity and Jonglei states.","80,000 ind (affected)",Mayendit,Radio Yei,https://radioyei.org/news/environment/over-80000-affected-by-floods-in-unity-and-jonglei-states/,body,
Eastern Equatoria,Magwi,2025,8,Aug,2025-08-01,Drought,Dry Conditions Devastate Farms in Eastern Equatoria,"(MAGWI) – Farmers across Magwi County in Eastern Equatoria State are warning of widespread crop failure due to prolonged drought conditions, which are threatening local harvests and driving up food prices. Without sufficient rainfall, many farmers are reporting that their maize and other staple crops have withered in the fields. The region has experienced increasingly erratic rainfall patterns, longer dry seasons, and more intense heat, all of which are linked to global...",,,,,,,Torit,Radio Yei,https://radioyei.org/news/environment/dry-conditions-devastate-farms-in-eastern-equatoria/,body,
Unity,Mayendit,2025,7,Jul,2025-07-31,Flood,Drought-induced food insecurity in a flood-hit area: How to make disaster response more inclusive and conflict-sensitive in Mayendit County?,"*As the aid community might be less aware of droughts amidst flood-hit areas, this blog by the **Agency for Women and Children Development (AWACD), Ranga Gworo and CSRF,** highlights the implications of drought on food insecurity in Mayendit County, Unity State. The blog also discusses the intersections between food insecurity and droughts and outlines some conflict-sensitive considerations for responding to drought-induced food insecurity in Mayendit.* Stories of flooding...",,,,,,,,ReliefWeb (Conflict Sensitivity Resource Facility),https://reliefweb.int/report/south-sudan/drought-induced-food-insecurity-flood-hit-area-how-make-disaster-response-more-inclusive-and-conflict-sensitive-mayendit-county,title,
Unity,Guit,2025,7,Jul,2025-07-21,Flood,Unity State Flooding Kills Trees and Triggers Widespread Deforestation,"(BENTIU) – Severe flooding in Unity State has triggered a wave of deforestation, raising growing concern among local residents, environmentalists and authorities over the long term damage to South Sudan’s fragile ecosystems. Trees submerged by floodwaters are dying and increasingly being cut down for firewood and construction, leaving behind barren landscapes and further weakening natural flood defences. While the immediate impacts of the floods have been devastating...",,1400000,affected,wider / not specified,"According to data from ReliefWeb, by late 2024 an estimated 1.4 million people were affected by flooding across 43 counties and the Abyei Administrative Area.","1,400,000 ind (affected)",Koch,Radio Yei,https://radioyei.org/news/environment/unity-state-flooding-kills-trees-and-triggers-widespread-deforestation/,body,
Unity,,2025,7,Jul,2025-07-21,Flood,Years of Flooding Bring Payinjiar to Breaking Point,"(PAYINJIAR) – Persistent flooding in Payinjiar County, Unity State, has reached critical levels, leaving entire communities submerged and prompting urgent calls for national and international assistance. The situation has steadily worsened since 2020, but this year, heavy and prolonged rainfall has pushed communities to a breaking point. According to community members, youth and local leaders have worked tirelessly to construct makeshift dykes and relocate vulnerable...",,1400000,displaced,wider / not specified,"A 2024 report by ReliefWeb estimated that over 1.4 million people had been affected by floods across 43 counties and the Abyei Administrative Area, with nearly 375,000 displaced.","1,400,000 ind (displaced)",,Radio Yei,https://radioyei.org/news/environment/years-of-flooding-bring-payinjiar-to-breaking-point/,state only,
Eastern Equatoria,Magwi,2025,7,Jul,2025-07-15,Heavy rainfall,"Heavy rains cripple Magwi County roads, bridges washed out","MAGWI, Eastern Equatoria (Eye Radio) – Heavy rainfall has severely damaged main roads and washed out key bridges in Magwi County, isolating communities and hindering vital transportation, according to Commissioner Pole Pole Benjamin. Commissioner Benjamin revealed to Eye Radio on Tuesday, July 15, that critical bridges, including Atebi and Amee, which serve as vital links between several communities, have been destroyed by persistent rains. He added that the road linking...",,,,,,,,Eye Radio,https://eyeradio.org/heavy-rains-cripple-magwi-county-roads-bridges-washed-out/,title,
,,2025,7,Jul,2025-07-03,Flood,Spatial Overlap of Flood Zones and Cholera Naïve Counties in South Sudan: A Looming Health Crisis,"Rising temperatures, heavier rains, and worsening floods are placing millions at greater risk. The ongoing outbreak, which started in October 2024, is driven by inadequate water and sanitation infrastructure, widespread displacement caused by conflict and flooding, and an already fragile healthcare system. While the WHO issued a cholera risk map earlier this year, the emergence of cholera in new geographic areas underscores the need to shift from static risk classification...",,6400000,in need,wider / not specified,These risks are magnified in areas where clean water and sanitation are absent – in a country where 6.4 million people are in need of WASH assistance.,"6,400,000 ind (in need)",,ReliefWeb (World Health Organization),https://reliefweb.int/report/south-sudan/spatial-overlap-flood-zones-and-cholera-naive-counties-south-sudan-looming-health-crisis,not found,
Jonglei,Pibor,2025,7,Jul,2025-07-03,Flood,State Weather Department Flags Eastern South Sudan for Above Normal Rainfall,"(JUBA) – The South Sudan Meteorological Department has issued a public warning about potential flooding in several parts of the country due to expected heavy rains between July and September. The alert comes as some areas, including Jonglei State and the Greater Pibor Administrative Area, are already experiencing flooding. In its recent weather outlook, the Department reported that Eastern Equatoria, Greater Pibor, Jonglei and the eastern parts of Upper Nile State are...",,,,,,,,Radio Yei,https://radioyei.org/news/environment/state-weather-department-flags-eastern-south-sudan-for-above-normal-rainfall/,body,
,,2025,6,Jun,2025-06-30,Drought,Victor Batali: The Earth is Crying and South Sudan Must Respond,"South Sudan’s political instability has caused a significant environmental crisis, including the loss of human lives, deforestation, flooding, drought, oil pollution, school interruptions and water scarcity. Its voice, though not expressed in human words, resounds through the cracking of ice sheets, the rage of hurricanes, the cracked soil of prolonged droughts,and the silent extinction of countless species. Wildfires scorch continents, droughts dry up fertile lands and...",,,,,,,,Radio Yei,https://radioyei.org/news/commentary/victor-batali-the-earth-is-crying-and-south-sudan-must-respond/,not found,
Central Equatoria,Kajo-keji,2025,6,Jun,2025-06-30,Drought,Illegal Logging Blamed for Drought and Crop Failure in Kajo Keji County,"Locals are linking the destruction of trees to a noticeable decline in rainfall and prolonged dry spells, which they say are negatively affecting agriculture and the overall ecosystem.",,,,,,,,Radio Yei,https://radioyei.org/news/environment/illegal-logging-blamed-for-drought-and-crop-failure-in-kajo-keji-county/,body,
Eastern Equatoria,,2025,6,Jun,2025-06-27,Drought,Official warns of looming drought-induced food crisis in Eastern Equatoria,"Eastern Equatoria State’s Information Minister, Elias Ahaji, has warned of an imminent food crisis due to severe drought conditions that have devastated crops across large parts of the state. Speaking to Eye Radio on Thursday, Minister Ahaji said: “People are experiencing severe drought; crops are burned down. He said that the prolonged dry spell has destroyed first-season crops and depleted seed reserves, leaving farmers without the means to replant for the upcoming season.",,,,,,,,Eye Radio,https://eyeradio.org/official-warns-of-looming-drought-induced-food-crisis-in-eastern-equatoria/,state only,
Unity,Rubkona,2025,6,Jun,2025-06-25,Flood,Bentiu Floods and Cholera Crisis Get National and UN Attention,"(Bentiu) – A joint delegation of South Sudan’s national government officials and representatives from the United Nations visited Unity State on Tuesday, 24th June 2025, to assess the current flooding and cholera situation affecting communities across the region. The focus of the visit was on the resilience of local residents who continue to endure both widespread flooding and a serious cholera outbreak. Governor Riek stressed the importance of joint action between the state...",,,,,,,,Radio Yei,https://radioyei.org/news/environment/bentiu-floods-and-cholera-crisis-get-national-and-un-attention/,title,
Central Equatoria,Juba,2025,6,Jun,2025-06-25,Flood,JIA commissions four new drainage bridges to combat flooding,"JUBA, South Sudan (Eye Radio) – Juba International Airport has officially commissioned four new drainage bridges as part of a crucial effort to mitigate seasonal flooding, a persistent issue that has frequently disrupted airport operations during the rainy season. “I believe this year Juba International Airport will not experience such flooding as in previous years,” Captain Majak stated confidently. We still have plans on still open this and make more bridges so that we...",,,,,,,,Eye Radio,https://eyeradio.org/jia-commissions-four-new-drainage-bridges-to-combat-flooding/,body,
Central Equatoria,Yei,2025,6,Jun,2025-06-24,Flood,Flooded Roads Threaten School Attendance in Yei,"Heavy rainfall has caused streams to overflow, making the journey to school increasingly difficult and dangerous for many children. Local resident Mawa Simon raised the concern during a community appeal, revealing that the persistent rainfall has flooded several small streams and washed out roads across the county. John Woja, a local learner, shared that navigating flooded areas has become a daily challenge, and appealed to the government for urgent help.",,,,,,,,Radio Yei,https://radioyei.org/news/environment/flooded-roads-threaten-school-attendance-in-yei/,title,
Unity,,2025,6,Jun,2025-06-24,Flood,"Govt officials visit Unity State amid cholera resurgence, flood threat","A high-level delegation from the national government visited Unity State today to assess the escalating cholera outbreak and the looming threat of flooding during the ongoing rainy season. Minister Atak cited the growing concern over both cholera and floods as the reason for the visit. “We consider Unity State the most affected in terms of cholera and floods,” said Atak.",,,,,,,,Eye Radio,https://eyeradio.org/govt-officials-visits-unity-state-amid-cholera-resurgence-flood-threat/,state only,
,,2025,6,Jun,2025-06-23,Flood,Tuvalu’s Sinking Future Offers Lessons for South Sudan,"At the 2025 United Nations Ocean Conference held in France this month, Tuvalu’s Prime Minister, Feleti Teo, urged world leaders to adopt a legal framework to protect the rights, borders, and identity of countries at risk of being submerged by climate change. Scientists warn that by 2100, up to 95% of Tuvalu could be submerged during high tides. While South Sudan’s existential threat is not from the sea, its ongoing challenges of internal displacement, refugee flows, and...",,,,,,,,Radio Yei,https://radioyei.org/news/commentary/tuvalus-sinking-future-offers-lessons-for-south-sudan/,not found,
Central Equatoria,,2025,6,Jun,2025-06-23,Flood,Rainy Season Brings New Dangers to Displaced South Sudanese,South Sudan is also facing an increasing threat of severe flooding. The South Sudan Flood Experts Group has warned that the risk of heavy flooding during the second half of 2025 is high. Satellite monitoring under the Improved Anticipation of Floods on the White Nile (INFLOW) initiative showed that flood levels as of late May were already above what was recorded at the same time in 2024.,,200000,displaced,wider / not specified,"(Juba) – Nearly 200,000 people remain displaced in South Sudan as of the end of May 2025, with Upper Nile and Jonglei states experiencing the highest levels of upheaval following a sharp increase in violence that began in early March.","200,000 ind (displaced); 100,000 ind (displaced); 18,700 ind (displaced); 4,300 ind (affected)",,Radio Yei,https://radioyei.org/news/environment/rainy-season-brings-new-dangers-to-displaced-south-sudanese/,state only,
Upper Nile,Renk,2025,6,Jun,2025-06-23,Flood,Water Weed Removal in Renk Nears Completion,"The project which targets a 25 kilometre stretch of the river, is seen as a key step in reducing the impact of seasonal floods and improving water flow for nearby communities. The River Ashier cleaning project is one of several efforts underway to deal with the effects of climate change in South Sudan, especially the increasing frequency and severity of floods. During the rainy season, heavy rains often cause rivers and streams to overflow, damaging homes, displacing...",,,,,,,,Radio Yei,https://radioyei.org/news/environment/water-weed-removal-in-renk-nears-completion/,title,
,,2025,6,Jun,2025-06-22,Flood,South Sudan Gains $18M in Aid to Rebuild Farming Post Floods,"This funding comes amid ongoing challenges including flooding, climate-related shocks, and a growing number of returnees and refugees in rural areas. One contribution under this program totals $8,859,246 (approximately SSP 16.9 billion at current exchange rates), and is directed towards transforming agriculture in the country to be more adaptive to climate change, drought, and flooding. In parallel, another major intervention comes from confidential UN agencies, aimed at...",,,,,,,,Radio Yei,https://radioyei.org/news/national/south-sudan-gains-18m-in-aid-to-rebuild-farming-post-floods/,not found,
Northern Bahr el Ghazal,Aweil West,2025,6,Jun,2025-06-20,Heavy rainfall,"Boy killed, eight injured after lightning strike in Aweil West","Aweil West County, Northern Bahr el Ghazal State (Eye Radio) – A lightning strike during a rainstorm has claimed the life of a young boy and left eight others injured in Guomjuer, local authorities have confirmed. “During a heavy rainstorm, lightning struck a group of children who had gathered for shelter and were playing,” Captain Akol told Eye Radio from Aweil Town.",,,,,,,Aweil Centre,Eye Radio,https://eyeradio.org/boy-killed-eight-injured-after-lightning-strike-in-aweil-west/,title,
Upper Nile,Ulang,2025,6,Jun,2025-06-16,Flood,Alert - South Sudan: An escalation of violence and severe flooding will heighten the risk of famine in Nasir and Ulang (June 2025),"Meanwhile, the flood extent in Upper Nile in May was the highest on record, signalling another major flood event in the second half of 2025. • Under a plausible worst-case scenario, in which violence and flooding escalate and combine to block communities’ access to food and lifesaving humanitarian services, the IPC warns there is a risk of famine in Nasir and Ulang between now and July 2025.",,22000,reported,county named in same sentence,"• The latest IPC Update – published on June 12 – reports that 22,000 people face catastrophic food consumption gaps in Nasir and Ulang.","22,000 ind (in need); 22,000 ind (reported)",,ReliefWeb (REACH Initiative),https://reliefweb.int/report/south-sudan/alert-south-sudan-escalation-violence-and-severe-flooding-will-heighten-risk-famine-nasir-and-ulang-june-2025,title,
Central Equatoria,Juba,2025,6,Jun,2025-06-07,Heavy rainfall,Camp leader seeks shelter aid after Juba IDP death,"Juba, South Sudan (Eye Radio) – The head of Juba IDP Camp 3 has appealed for urgent humanitarian support after a man was killed when a rain-weakened shelter collapsed during Thursday’s downpour, highlighting the worsening shelter conditions in the camp. According to the head of the Juba IDP camps, Chuol Kiir, a 31-year-old man, has died after a wall collapsed on him during heavy rain at Juba IDP Camp 3. The deceased, identified as Wechmuon John, reportedly died instantly...",,,,,,,,Eye Radio,https://eyeradio.org/camp-leader-seeks-shelter-aid-after-juba-idp-death/,title,
,,2025,6,Jun,2025-06-03,Drought,Between drought and deluge: the fragility of ‘resilience’ in Kakuma Refugee Camp,"Yet, recent events – especially the recent floods following a five-year drought – demonstrate that refugees face severe constraints in doing so. When sudden rains came, these crops and rudimentary farms were washed away, devastating hundreds of livelihoods. ## Read the full article [here](https://odihpn.org/publication/between-drought-and-deluge-the-fragility-of-resilience-in-kakuma-refugee-camp/)",,,,,,,,ReliefWeb (ODI - Humanitarian Practice Network),https://reliefweb.int/report/kenya/between-drought-and-deluge-fragility-resilience-kakuma-refugee-camp,not found,
,,2025,5,May,2025-05-28,Drought,Drought Risk Profile For Karamoja Cross-Border Area: Strengthening Capacity of IGAD to Increase Drought Resilience in the Horn of Africa,"The Karamoja cross-border area (defined based on the watershed boundary), encompassing parts of Kenya, Uganda, South Sudan, and Ethiopia, is an area highly prone to climate-induced hazards, with drought emerging as the most prevalent and devastating. Largely characterised by a uni-modal seasonal rainfall pattern from March to November, the Cross-border Area’s rainfall peaks in April and May. However, historical and current drought analysis underscores the chronic and severe...",,,,,,,,ReliefWeb (Intergovernmental Authority on Development),https://reliefweb.int/report/ethiopia/drought-risk-profile-karamoja-cross-border-area-strengthening-capacity-igad-increase-drought-resilience-horn-africa,not found,
,,2025,5,May,2025-05-23,Flood,Transport Minister clarifies Ethiopian Airlines diversion from JIA,"Lam Akol says the May 20 diversion of an Ethiopian Airlines flight was due to temporary flooding at Juba International Airport caused by ongoing maintenance work. However, heavy rains fell before the filling process could be completed, resulting in waterlogging of the airport grounds. While the airstrip remained dry and unaffected, the flooded parking area created operational difficulties, prompting the flight diversion.",,,,,,,,Eye Radio,https://eyeradio.org/transport-minister-clarifies-ethiopian-airlines-diversion-from-jia/,not found,
Unity,Rubkona,2025,5,May,2025-05-23,Flood,"Deadly flooding devastates Unity State: 5 dead, over 1,000 displaced","Bentiu, Unity State (Eye Radio) – At least five people have died and more than 1,000 others have been displaced following three consecutive days of torrential rain in Unity State, according to a state official. Gatwech Bipal Both, told Eye Radio on Friday, May 23, that the heavy downpour has caused widespread destruction across several counties. He said the most affected areas include Mayiandit, Koch, and Rubkona, where the rains hit hardest on Tuesday, Wednesday and...",1000,,reported,wider / not specified,"“In Mayiandit County alone, about 1,000 households have been destroyed, with multiple schools and health facilities damaged,” Minister Gatwech said.","1,000 HH (reported)",Koch,Eye Radio,https://eyeradio.org/deadly-flooding-devastates-unity-state-5-dead-over-1000-displaced/,body,
Jonglei,Twic East,2025,5,May,2025-05-19,Flood,"Former Twic East Commissioner Deng Mabany dies , family confirms","Atem remembered him as a devoted family man and a respected leader, particularly for his efforts during the 2021 floods that inundated large parts of Twic East County. “He will be remembered for his good service, especially during the flooding when he tried to build local dykes with local materials,” Atem eulogized.",,,,,,,Juba,Eye Radio,https://eyeradio.org/former-twic-east-commissioner-deng-mabany-dies-family-confirms/,title,
Central Equatoria,,2025,5,May,2025-05-07,Heavy rainfall,"Meteorologist forecasts heavy rains coming weeks, issues advisory for low-lying areas","JUBA, (Eye Radio) – The South Sudan Meteorological Department has issued a flood advisory to residents in low-lying and flood-prone areas to protect their homes, livestock, and resources due to anticipated above-normal rainfall in parts of the country. It forecast that several parts of the country are expected to experience above-normal rainfall ranging from 50 mm to over 200 mm in the coming three weeks. Meteorologist Ogeith Obul Mojwok explained that Upper Nile State is...",,1400000,affected,wider / not specified,"Since May 2024, floods have affected more than 1.4 million people across South Sudan, with livelihoods including farmlands and livestock wiped out, and hundreds of thousands forced from their homes, according to the UN humanitarian agency .","1,400,000 ind (affected)",,Eye Radio,https://eyeradio.org/meteorologist-forecasts-heavy-rains-coming-weeks-issues-advisory-for-low-lying-areas/,state only,
Unity,Rubkona,2025,5,May,2025-05-05,Flood,"Unity State governor launches agricultural initiatives in Rubkona, Mayom","Unity State has experienced catastrophic environmental damage caused by five years of seasonal flooding, with livestock and farms wiped out and almost all vegetation cover withered in a sea of murky floodwaters. It is unclear how the farming project may survive the enduring floods which have had a major impact on agriculture, food production, and livelihoods, threatening the food security of rural communities in the state On April 27, the state government in partnership with...",,,,,,,Mayom,Eye Radio,https://eyeradio.org/unity-state-governor-launches-agricultural-initiatives-in-rubkona-mayom/,title,
Unity,Rubkona,2025,4,Apr,2025-04-27,Flood,Unity State govt launches project to plant one million trees,"BENTIU, (Eye Radio) – Unity State Government in partnership with International Organization for Migration (IOM), launched the plantation of one million trees on Sunday in honor of Pope Francis’ vision for environmental protection and to reclaim forest cover lost to years of flooding. Unity State has suffered catastrophic environmental damage caused by five years of seasonal flooding, with livestocks and farms wiped out and almost all vegetation cover withered in a sea of...",,,,,,,,Eye Radio,https://eyeradio.org/unity-state-govt-launches-project-to-plant-one-million-trees/,body,
,,2025,4,Apr,2025-04-12,Drought,"Adaptation in Adversity - The Impact of Drought on the Livelihood Adaptive Strategies of Refugee Youth with Physical Disabilities in Kakuma Refugee Camp, Working paper 4 - December 2024","Climate change is increasing the frequency, intensity, and severity of droughts in Kakuma refugee camp in Kenya. The results show RYWPDs to be active in adapting their livelihoods to drought, rather than passive recipients of aid.",,,,,,,,ReliefWeb (Refugee Studies Centre),https://reliefweb.int/report/kenya/adaptation-adversity-impact-drought-livelihood-adaptive-strategies-refugee-youth-physical-disabilities-kakuma-refugee-camp-working-paper-4-december-2024,not found,
,,2025,4,Apr,2025-04-07,Flood,Over 30 die from flashfloods in DRC capital Kinshasa,"KINSHASA, DRC, (Eye Radio) – Around 30 people have died from flooding caused by torrential rains in Democratic Republic of Congo’s capital Kinshasa, a provincial health minister said on Sunday. Kinshasa’s Minister of Health Patricien Gongo Abakazi told Reuters news agency that torrential rains have caused widespread destruction on homes and roads leaving over 30 dead over the weekend. The Ndjili River, which runs through part of the city of around 17 million, reportedly...",,7000,reported,wider / not specified,"The flooding comes at a vulnerable moment for the Central African nation, where Rwanda-backed M23 rebels have intensified an offensive in the turbulent east of the country since the start of the year, with more than 7,000 people killed in two-months.","30 ind (reported); 7,000 ind (reported)",,Eye Radio,https://eyeradio.org/over-30-die-from-flashfloods-in-drc-capital-kinshasa/,not found,
Eastern Equatoria,Torit,2025,4,Apr,2025-04-07,Flood,How climate change impacts farmers in South Sudan,"Climate change is increasingly posing threats to the regions that are heavily dependent on rain-fed agriculture, and disruptions in weather patterns—such as unreliable rainfall and prolonged dry spells—have made farming increasingly unpredictable. In areas like Upper Nile, Eastern Equatoria, and Ruweng Administrative Area, erratic rainfall, shorter downpours, and longer dry spells have directly threatened food security. Farmers in these regions are experiencing crop...",,,,,,,Melut; Abiemnhom; Magwi,Eye Radio,https://eyeradio.org/how-climate-change-impacts-farmers-in-south-sudan/,body,
Warrap,Twic,2025,4,Apr,2025-04-04,Flood,"Twic, Bor youth join hands to build 20-kilometer dike ahead of rainy season","JONGLEI STATE, (Eye Radio) – Around 500 youth in Twic East and Bor counties in Jonglei have voluntarily come together and constructed a 20-kilometer dike in a local initiative aimed at mitigating devastating seasonal floods that have disrupted livelihoods. South Sudan is ranked as the second most vulnerable country globally to the impacts of natural hazards, including droughts and flooding, and among the top five countries most vulnerable to the impact of climate change,...",,1400000,affected,wider / not specified,"In 2024, more than 1.4 million people were impacted by flooding in 43 counties in South Sudan and the Abyei Administrative Area, according to the UN humanitarian agency.","1,400,000 ind (affected)",Bor South; Twic East,Eye Radio,https://eyeradio.org/twic-bor-youth-join-hands-to-build-20-kilometer-dike-ahead-of-rainy-season/,title,
Eastern Equatoria,Lafon,2025,3,Mar,2025-03-28,Flood,Pluvial flooding in Lafon: Case study and conflict sensitivity considerations,"*This blog by Ranga Gworo and CSRF highlights the conflict risks of a different type of flooding in specific contexts. Using the case of Lafon, the blog explores the impact of pluvial flooding in the area, and shares reflections on considerations for conflict sensitive flood response.* Amid the protracted economic crisis and political uncertainty, South Sudan faced unprecedented flooding in 2024 due to the rise in water level from the Lake...",,1400000,displaced,county named in same sentence,"This wave of floods led to the displacement of approximately 1.4 million people and to the outbreak of cholera.[\[2\]](https://www.csrf-southsudan.org/blog/pluvial-flooding-in-lafon-case-study-and-conflict-sensitivity-considerations/#_ftn2) So far in 2025, South Sudan has been hit by a heatwave, with temperatures reaching 45 degree Celsius,[\[3\]](https://www.csrf-southsudan.org/blog/pluvial-flooding-in-lafon-case-study-and-conflict-sensitivity-considerations/#_ftn3) leading to temporary school ","1,400,000 ind (displaced); 18,000 ind (displaced); 18,000 ind (reported)",Torit; Pibor; Maban; Raja,ReliefWeb (Conflict Sensitivity Resource Facility),https://reliefweb.int/report/south-sudan/pluvial-flooding-lafon-case-study-and-conflict-sensitivity-considerations,title,
Western Bahr el Ghazal,Raja,2025,3,Mar,2025-03-10,Flood,5 gold miners die inside flooded pit in Raja: commissioner,The Commissioner of Raja County in Western Bahr el Ghazal said five gold miners including two National Security Service personnel have died inside a flooded pit at a mining site in Dulu area on Saturday.,,,,,,,,Eye Radio,https://eyeradio.org/5-gold-miners-die-inside-flooded-pit-in-raja-commissioner/,title,
,,2025,2,Feb,2025-02-27,Flood,Expert calls for impartial environmental audits in oilfields,"During the discussions, stakeholders reflected on the positive role the media plays in creating awareness about the triple climate change disasters (Floods, drought, and heatwaves) and how the media could collaborate with the relevant institutions to ensure that the communities are adequately informed on climate change resilient mechanisms to rally support for environment conservation. Irene appeals to the government institutions to give access to journalists to report on...",,,,,,,,Eye Radio,https://eyeradio.org/expert-calls-for-impartial-environmental-audits-in-oilfields/,not found,
Jonglei,,2025,2,Feb,2025-02-21,Flood,"Jonglei commissioners, mayors forum outlines resolutions on sustainable peace","On the issue of the flood, the state and county leaders decided to convene a flood management taskforce and mobilize support for flood preparedness and response.",,,,,,,,Eye Radio,https://eyeradio.org/jonglei-commissioners-mayors-forum-outlines-resolutions-on-sustainable-peace/,state only,
Unity,,2025,2,Feb,2025-02-11,Flood,Journalists shed light on the impact of climate change in South Sudan,"Two South Sudanese journalists who have reported on natural disasters linked to climate change across the country have described the situation in affected regions as critical, adding that floods and droughts have wreaked havoc on communities and ecosystems. Maura Ajak and Chuol Jany have been covering the crisis, producing impactful stories that shed light on the severe consequences of climate change, particularly in the country’s flood-prone areas. Ajak, a journalist...",,,,,,,,Eye Radio,https://eyeradio.org/journalists-shed-light-on-the-impact-of-climate-change-in-south-sudan/,state only,
Unity,,2025,2,Feb,2025-02-10,Flood,DTM South Sudan: Event Tracking Report (Flood displacements) #73 (1 - 31 Dec 2024),"The underlying causes of these displacement dynamics are varied and include communal clashes, flooding, insecurity, violence, natural disasters, and cross-border movements. Between 1 and 31 December 2024, enumerators from the Displacement Tracking Matrix (DTM) documented significant disaster (flood) related displacements affecting 20,109 individuals.",,3010,displaced,state named in same sentence,"In Unity State, 3,010 individuals were displaced, including 1,597 in Rubkona County and 1,413 in Mayiendit County.","20,109 ind (displaced); 17,099 ind (displaced); 3,010 ind (displaced)",,ReliefWeb (International Organization for Migration),https://reliefweb.int/report/south-sudan/dtm-south-sudan-event-tracking-report-flood-displacements-73-1-31-dec-2024,state only,
Northern Bahr el Ghazal,,2025,2,Feb,2025-02-10,Flood,NBGs digs drainage channels to mitigate years of flooding,Northern Bahr el Ghazal government has started digging drainage channels in Aweil and other towns to reduce risk of climate change-linked seasonal floods which have submerged much of the state for years. He said the drainage system is aimed to reduce the risk of flooding by opening waterways and building dykes to prevent floodwaters from inundating residential areas and vital infrastructure. He said the seasonal floods that have tormented the state since 2019 have left...,,1400000,affected,wider / not specified,"Since May 2024, floods have affected more than 1.4 million people across South Sudan, with livelihoods including farmlands and livestock wiped out, and hundreds of thousands forced from their homes, according to the UN humanitarian agency .","1,400,000 ind (affected)",,Eye Radio,https://eyeradio.org/nbgs-digs-drainage-channels-to-mitigate-years-of-flooding/,state only,
Unity,,2025,2,Feb,2025-02-10,Flood,OPINION: World Radio Day 2025; A look at South Sudan’s media landscape,"Our country is one of the most at-risk in the world from things like droughts and floods, and from climate change in general. Extreme weather, like severe flooding, has hit huge parts of the country. In 2020, floods affected half of all South Sudanese people, forcing entire communities to move and destroying farms.",,,,,,,,Eye Radio,https://eyeradio.org/opinion-world-radio-day-2025-a-look-at-south-sudans-media-landscape/,state only,
Jonglei,,2025,1,Jan,2025-01-27,Flood,South Sudan has vast natural riches to sustain its people: World Bank finds,"“South Sudan has one of the most productive freshwater fisheries in the world, driven by the highly variable annual flood dynamics of the vast Sudd and surrounding White Nile floodplain,” said Stephen Ling, Lead Environment Specialist, World Bank. “To the southeast of the Sudd, those floodplains support the world’s largest wildlife migration, estimated at over 5 million antelope. And even though the floodplain fisheries are relatively robust to exploitation, much of the...",,2100000,reported,wider / not specified,"“Roughly 2.1 million people are estimated to be members of households where at least one person is fishing, with around a quarter of a million active fishers, some 10 percent of whom are full time,” it stated.","2,100,000 ind (reported)",,Eye Radio,https://eyeradio.org/south-sudan-has-vast-natural-riches-to-sustain-its-people-world-bank-finds/,state only,
Warrap,Twic,2025,1,Jan,2025-01-06,Flood,Warrap’s Twic County still grapples with widespread flooding,"Warrap State government said Twic County is facing a dire humanitarian situation caused by influx of people from Sudan and widespread flooding that has unusually prevailed into the dry season, leaving people stranded in submerged villages. Francis Marial Abur, appealed to humanitarian agencies and the national government to respond to the floods crisis that has since resulted in severe hunger. “Between Turalei and Wunrok, I got all the villages are submerged underwater as...",,3000000,affected,wider / not specified,"The national cabinet passed a 78 million budget in July 2024 to respond to the flooding that was already forecast to affect 3 million people, but that amount was never released.","1,400,000 ind (displaced); 3,000,000 ind (affected)",,Eye Radio,https://eyeradio.org/warraps-twic-county-still-grapples-with-widespread-flooding/,title,
Unity,Mayom,2024,12,Dec,2024-12-30,Flood,Abdelbagi expected in Warrap to assess stalled work on Akon International Airport,"However, Warrap Information Minister William Wol Mayom revealed that the construction work had been suspended due to seasonal floods that have inundated the site. Minister Mayom said construction on Akon airport was progressing well until widespread flashfloods submerged the site and forced its suspension. According to him, Abdelbagi would assess the level of floodwater, and when the construction of the facility will resume.",,,,,,,Gogrial West,Eye Radio,https://eyeradio.org/abdelbagi-expected-in-warrap-to-assess-stalled-work-on-akon-international-airport/,body,
Eastern Equatoria,Torit,2024,12,Dec,2024-12-23,Drought,EES: 11 men accused in murder of ‘rainmaker’ freed after paying 21 cows,"The Public Prosecution Office in Torit, Eastern Equatoria State, has released 11 individuals suspected of burying a man alive whom they accused of preventing rainfall in their community. The incident, which occurred in the Imehejek Administrative Area in October 2024, involved youth who accused the victim, identified as Loture, of failing to perform cultural obligations to end a prolonged dry spell. The Chief Administrator of Imehejek, Mathew Oromo, previously confirmed the...",,11,reported,county named in same sentence,"The Public Prosecution Office in Torit, Eastern Equatoria State, has released 11 individuals suspected of burying a man alive whom they accused of preventing rainfall in their community.",11 ind (reported),,Eye Radio,https://eyeradio.org/ees-11-men-accused-in-murder-of-rainmaker-freed-after-paying-21-cows/,body,
,,2024,12,Dec,2024-12-19,Flood,Phase II Impact Brief: Zurich Flood Resilience Alliance,"Flooding poses a major global threat, with recent research revealing that over 20% of the world’s population lives in areas at risk of a 1-in-100-year flood. The Zurich Flood Resilience Alliance (ZFRA) is a multi-sectorial partnership focusing on finding practical ways to help communities around the world, strengthen their resilience to flood risk. Concern Worldwide is working in collaboration with the ZFRA to improve the lives of communities affected by flooding in...",,,,,,,,ReliefWeb (Concern Worldwide),https://reliefweb.int/report/bangladesh/phase-ii-impact-brief-zurich-flood-resilience-alliance,not found,
,,2024,12,Dec,2024-12-19,Flood,"Finance ministry inks $16M AfDB grant for WASH, youth and women empowerment","The government has signed a $16 million financing agreement with the African Development Bank (AfDB) for implementation of three projects including water and hygiene, floods response, and youth and women empowerment. The grant will be channeled to World Food Program and UN Development Fund and will include support for youth and women through small and medium enterprises, and humanitarian assistance for flood-affected communities and refugees. Meanwhile, the Minister of...",,1400000,displaced,wider / not specified,"“This year, the floods have affected about 1.4 million people and displaced almost 400,000 people.","1,400,000 ind (displaced); 400,000 ind (displaced)",,Eye Radio,https://eyeradio.org/finance-ministry-inks-16m-afdb-grant-for-wash-youth-and-women-empowerment/,not found,
,,2024,12,Dec,2024-12-13,Flood,Eastern Africa Seasonal Monitor: Status & Implications of the Ongoing October –December 2024 Rainfall Season,"• In October 2024, normal to above-normal cumulative rains were received in the northern areas, as the June-September seasonal rains continued in South Sudan, southern Sudan, and western Ethiopia. By then, the October-December short rains had only just started in Burundi, Rwanda, Uganda, and northern Tanzania. • The rains intensified in November, becoming wetter-than-normal in most of Kenya and the southernmost areas of Somalia, while they declined in northern areas,...",,1400000,displaced,wider / not specified,"Although flooding had receded in Sudan, it remained dire in South Sudan, where 1.4 million people were affected, nearly 380,000 of whom were displaced.","1,400,000 ind (displaced)",,ReliefWeb (World Food Programme),https://reliefweb.int/report/somalia/eastern-africa-seasonal-monitor-status-implications-ongoing-october-december-2024-rainfall-season,not found,
,,2024,12,Dec,2024-12-10,Flood,Record Levels of Flooding in Africa Compounds Stress on Fragile Countries,"*Extensive flooding in more than two dozen African countries due to higher-than-average rainfall has resulted in thousands of fatalities, millions of people displaced, and devastated infrastructure.* ## **Record Rainfall** 27 countries in Africa’s tropical zone experienced unusually heavy rainfall in 2024 compared to their historical norms.",,11000000,affected,wider / not specified,"Flooding caused by the extensive rainfall impacted roughly 11 million people, resulting in an estimated:","11,000,000 ind (affected); 4,000,000 ind (displaced); 10,000,000 ind (displaced); 2,400,000 ind (displaced)",,ReliefWeb (Africa Center for Strategic Studies),https://reliefweb.int/report/chad/record-levels-flooding-africa-compounds-stress-fragile-countries,not found,
,,2024,12,Dec,2024-12-09,Flood,AU official urges South Sudan to adopt provisions on environmental security,"South Sudan is ranked as the second most vulnerable country globally to the impacts of natural hazards, including droughts and flooding. Since May 2024, floods have affected more than 1.4 million people across South Sudan, with livelihoods including farmlands and livestock wiped out, and hundreds of thousands forced from their homes, according to the UN humanitarian agency . He said four years of floods and droughts that have affected swathes of territories in South Sudan’s...",,1400000,affected,wider / not specified,"Since May 2024, floods have affected more than 1.4 million people across South Sudan, with livelihoods including farmlands and livestock wiped out, and hundreds of thousands forced from their homes, according to the UN humanitarian agency .","1,400,000 ind (affected)",,Eye Radio,https://eyeradio.org/au-official-urges-south-sudan-to-adopt-provisions-on-environmental-security/,not found,
Upper Nile,Renk,2024,12,Dec,2024-12-05,Flood,"South Sudan: Flood mitigation and response, Renk County, Upper Nile State, South Sudan | 2024","Several areas in Renk have been identified to be particularly vulnerable to seasonal flooding, with heavy rains often leading to flash floods and resulting in loss of property, damage to shelters, and temporary displacement among the host community. To help the most affected communities cope with the impacts of this climate shock, the interagency humanitarian response has been supporting mitigation and recovery efforts, including the distribution of cash-for-food and...",,,,,,,,ReliefWeb (UN High Commissioner for Refugees),https://reliefweb.int/report/south-sudan/south-sudan-flood-mitigation-and-response-renk-county-upper-nile-state-south-sudan-2024,title,
Northern Bahr el Ghazal,Aweil Centre,2024,12,Dec,2024-12-04,Flood,"ACT Alliance Appeal: Emergency response, development and peace initiatives for flood affected IDPs, Refugees and affected communities in South Sudan (SSD 241)","Currently South Sudan is experiencing severe catastrophic flooding across the country, caused by torrential rains and rising water levels around Lake Victoria, one of Africa’s Great East Africa Lakes. The heavy rain around Lake Victora has brought a significant flow of water downstream towards South Sudan. This coupled with heavy rainfall across South Sudan has resulted in massive, large-scale flooding.",,1400000,affected,wider / not specified,"According to UNOCHA, flooding has affected 1.4 million people (OCHA, 15, November 2024) spread across 22 counties including Abyei.","1,400,000 ind (affected); 53,100 ind (reported)",,ReliefWeb (ACT Alliance),https://reliefweb.int/report/south-sudan/act-alliance-appeal-emergency-response-development-and-peace-initiatives-flood-affected-idps-refugees-and-affected-communities-south-sudan-ssd-241,body,
Unity,Mayom,2024,12,Dec,2024-12-02,Flood,"Floods wreak havoc in Warrap counties, impacting 1,800 people","At least 1,800 individuals have been affected by fresh wave of more devastating floods in four counties of Warrap State, raising fears of snake bites and waterborne diseases including cholera, the state government said. This comes after the countrywide floods intensity appears to peak after affecting 1.4 million people and displacing nearly 400,000 of them , according to the UN Office for Coordination of Humanitarian Affairs. Warrap minister of information, William Wol Mayom...",,3000000,affected,wider / not specified,This could mean the disaster’s magnitude is smaller than feared when humanitarian actors predicted that it could impact more than 3 million people in the second half of 2024 .,"1,800 ind (affected); 1,800 ind (affected); 1,400,000 ind (displaced); 3,000,000 ind (affected); 1,400,000 ind (affected); 1,400,000 ind (affected)",,Eye Radio,https://eyeradio.org/floods-wreak-havoc-in-warrap-counties-impacting-1800-people/,body,
,,2024,12,Dec,2024-12-02,Flood,"Officials warn against cheating as nearly 50,000 students sit for CSE exams","Speaking to media after the bell ringing session, Simon Nyok Deng says the council faced logistical challenges in Jonglei, Upper Nile and Unity states due to the widespread impact of flooding. He however said necessary arrangements were successfully made to transport and distribute examination papers to the flood-hit centers. He thanked his team and the invigilators for braving floods and river crossings to deliver the papers to their respective centers.",,50000,reported,wider / not specified,"Officials warn against cheating as nearly 50,000 students sit for CSE exams.","50,000 ind (reported)",,Eye Radio,https://eyeradio.org/officials-warn-against-cheating-as-nearly-50000-students-sit-for-cse-exams/,not found,
Upper Nile,Ulang,2024,11,Nov,2024-11-27,Flood,South Sudan - Upper Nile - Ulang County - Ulang Town - Flood Hazard 100 Years Return - JRC Model (90m),,,,,,,,,ReliefWeb (Médecins Sans Frontières GIS Centre),https://reliefweb.int/map/south-sudan/south-sudan-upper-nile-ulang-county-ulang-town-flood-hazard-100-years-return-jrc-model-90m,title,
Warrap,Tonj North,2024,11,Nov,2024-11-19,Flood,"Poorly equipped police, floods hinder efforts to rein in Tonj North violence: Mayom","Warrap State Minister of Information said lack of proper equipment for security forces and widespread flooding have made it difficult to contain recurrent communal violence in Tonj North County. On his part, Minister William Wol Mayom said calm has been restored and acknowledged that the local government and police in Alebek is facing a dire situation due to floods that cut off reinforcement and coordination with the state government.",,20,reported,county named in same sentence,"On October 11, 20 people were killed and 38 wounded during a fierce inter-communal fighting in Tonj North County, according to Information Minister Mayom, who said the government struggled to contain the situation.",13 ind (reported); 20 ind (reported),Mayom,Eye Radio,https://eyeradio.org/poorly-equipped-police-floods-hinder-efforts-to-rein-in-tonj-north-violence-mayom/,title,
Warrap,Tonj North,2024,11,Nov,2024-11-18,Flood,Over 40 pupils could miss CPE exams in Tonj North: NEC,"Addressing the media, NEC Secretary General Simon Nyok Deng acknowledged the challenges of insecurity and severe floods that inundated many states in the country’s north. “You know that our country is facing a severe flood, but thank God we’ve been able to navigate our ways and ensure that the exams reach all the stations,” he said.",,40,reported,county named in same sentence,Over 40 pupils could miss CPE exams in Tonj North: NEC.,"40 ind (reported); 40 ind (reported); 80,000 ind (reported)",,Eye Radio,https://eyeradio.org/over-40-pupils-could-miss-cpe-exams-in-tonj-north-nec/,title,
Upper Nile,Fashoda,2024,11,Nov,2024-11-17,Flood,"Fashoda authorities appeal for aid as flooding affects 1,200 households","Authorities in Fashoda County, Upper Nile State, are urgently appealing for humanitarian assistance after the recent flooding affected over 1,200 households and impacted more than 8,000 people. According to Sabino Onyot, Coordinator of the Relief and Rehabilitation Commission (RRC) in Kodok, the flood devastated three key areas—Lul, Dethouk, and Kodok—where homes, schools, health facilities and churches were submerged and destroyed. “We have several Payams affected by the...",1200,8000,affected,county named in same sentence,"Authorities in Fashoda County, Upper Nile State, are urgently appealing for humanitarian assistance after the recent flooding affected over 1,200 households and impacted more than 8,000 people. | Fashoda authorities appeal for aid as flooding affects 1,200 households.","1,200 HH (affected); 1,200 HH (affected); 8,000 ind (affected); 500 HH (affected); 3,000 ind (displaced); 249 HH (affected); 492 HH (affected); 1,194 ind (affected)",,Eye Radio,https://eyeradio.org/fashoda-authorities-appeal-for-aid-as-flooding-affects-1200-households/,title,
,,2024,11,Nov,2024-11-15,Flood,MP urges establishment of Environmental Management Authority,"Both local and international campaign groups have reported widespread environmental pollution, as chemicals from oil wells are said to have been washed to settlements by floodwaters, leaving animals and people affected. In November 11, an environmentalist called on oil companies to ensure that communities living in Unity State and other oil-producing areas are protected from catastrophic pollution by isolating crude wastes from floodwater and rivers. Thomas Gatdel Malou – a...",,700000,displaced,wider / not specified,"The situation has killed more than 100,000 cattle, leading to the displacement of over 700,000 people and has been blamed for widespread and irreparable birth defects, the investigation finds.","180,000 ind (reported); 700,000 ind (displaced)",,Eye Radio,https://eyeradio.org/mp-urges-establishment-of-environmental-management-authority/,not found,
Northern Bahr el Ghazal,Aweil West,2024,11,Nov,2024-11-14,Flood,German and Welthungerhilfe rehabilitate dike in Aweil West,"In a press statement released by GIZ on Wednesday, November 13, 2024, the dike will improve flood protection for farmland, homes and properties. The rehabilitation is part of a cash-for-work activity, thus providing a source of income for workers and their families to sustain their livelihoods and recover from flood impacts. In August, GIZ and its partner organizations conducted a rapid needs assessment to evaluate the severity of flood impacts on farms, infrastructure as...",,,,,,,Aweil Centre; Yambio,Eye Radio,https://eyeradio.org/german-and-welthungerhilfe-rehabilitate-dike-in-aweil-west/,title,
,,2024,11,Nov,2024-11-14,Flood,Govt sent 16 samples to South Africa for oil pollution testing: MP,"Both local and international campaign groups have reported widespread environmental pollution, as chemicals from oil wells are said to have been washed to settlements by floodwaters, leaving animals and people affected. In November 11, an environmentalist called on oil companies to ensure that communities living in Unity State and other oil-producing areas are protected from catastrophic pollution by isolating crude wastes from floodwater and rivers. Thomas Gatdel Malou – a...",,700000,displaced,wider / not specified,"The situation has killed more than 100,000 cattle, leading to the displacement of over 700,000 people and has been blamed for widespread and irreparable birth defects, the investigation finds.","180,000 ind (reported); 700,000 ind (displaced)",,Eye Radio,https://eyeradio.org/govt-sent-16-samples-to-south-africa-for-oil-pollution-testing-mp/,not found,
Jonglei,Fangak,2024,11,Nov,2024-11-13,Flood,Life on the levee: Extreme flooding in South Sudan,"South Sudan is facing one of its worst floods in recent decades. The group knock pieces of wood into the ground and flatten plastic tarps to reinforce the mound, which is actually a series of dykes, strengthened in 2022 by the World Food Programme (WFP) team to cope with floods then described as unprecedented. Spanning about 25,000 square miles, this vast network of rivers, swamps, and floodplains borders the White Nile, which originates in Lake Victoria, Uganda.",,12500,affected,county named in same sentence,"Between January and August 2024, MSF teams in Fangak county vaccinated more than 12,500 women against hepatitis E, an infectious disease that has affected people in South Sudan for several years, particularly in the states of Jonglei, Warrap, Unity, and Western Bahr El Ghazal.","6,000 ind (displaced); 12,500 ind (affected); 174,000 ind (displaced); 735,000 ind (affected)",Malakal; Rubkona; Leer; Aweil Centre,ReliefWeb (Médecins Sans Frontières),https://reliefweb.int/report/south-sudan/life-levee-extreme-flooding-south-sudan,body,
Unity,,2024,11,Nov,2024-11-13,Flood,Expert urges oil firms to prevent crude chemicals from washing into floodwater,An environmentalist has called on the government and oil companies to ensure that communities living in Unity State and other oil-producing areas are protected from catastrophic pollution by isolating crude wastes from floodwater and rivers. Thomas Gatdel Malou – a Masters student of Environmental Science at the University of Nairobi – was reacting to a newly published BBC investigation which found that four years of flooding in Unity State has worsened oil pollution. The...,,180000,reported,state named in same sentence,"In 2015, German human rights and relief organization— Sign of Hope said the health of more than 180,000 people in northern Unity State was at risk due to drinking of water contaminated by the crude oil.","700,000 ind (displaced); 180,000 ind (reported)",,Eye Radio,https://eyeradio.org/expert-urges-oil-firms-to-prevent-crude-chemicals-from-washing-into-floodwater/,state only,
Central Equatoria,,2024,11,Nov,2024-11-09,Flood,"Around 380,000 displaced by floods in South Sudan: OCHA","Nearly 380,000 people have been forced out of their homes among 1.4 million others impacted by devastating floods in 43 counties in South Sudan and the Abyei Administrative Area, a UN agency said. The humanitarian agency said a joint government and inter-agency assessment identified an additional 1,720 flood-displaced people in Mangalla, Juba County of Central Equatoria State. “A surge in malaria has been reported in Jonglei, Unity, Upper Nile, Northern Bahr el Ghazal,...",,3000000,affected,wider / not specified,The national cabinet passed a 78 million budget in July 2024 to respond to the flooding that was already forecast to affect 3 million people.,"380,000 ind (affected); 379,000 ind (displaced); 3,000,000 ind (affected)",,Eye Radio,https://eyeradio.org/around-380000-displaced-by-floods-in-south-sudan-ocha/,state only,
Upper Nile,Malakal,2024,11,Nov,2024-11-07,Flood,DTM South Sudan: Event Tracking Report (Flood displacements) #67 (16 - 31 Oct 2024),"The underlying causes of these displacement dynamics are varied and include communal clashes, flooding, insecurity, violence, natural disasters, and cross-border movements. Between 16th and 31st October 2024, enumerators from the Displacement Tracking Matrix documented significant disaster (flood) related displacements affecting 15,367 individuals.",,6780,displaced,county named in same sentence,"The majority of these displacements occurred in Warrap where 6,780 individuals were displaced to Gogrial West, 6,156 to Malakal County in Upper Nile State, 1,575 to Guit, and 856 to Nyriol in Jonglei state.","15,367 ind (displaced); 6,780 ind (displaced)",,ReliefWeb (International Organization for Migration),https://reliefweb.int/report/south-sudan/dtm-south-sudan-event-tracking-report-flood-displacements-67-16-31-oct-2024,body,
Jonglei,,2024,11,Nov,2024-11-02,Flood,Floods affect 1.4 million people in South Sudan,"More than 1.4 million people are impacted by floods in 43 counties and the Abyei Administrative Area, with Jonglei and Northern Bahr el Ghazal states making up around half of those affected, the UN humanitarian agency said. It further stated that heavy rains have swelled rivers causing flooding and rendering 15 major supply routes impassable, significantly restricting access to affected areas. The national cabinet passed a 78 million budget in July 2024 to respond to the...",,1400000,affected,state named in same sentence,"More than 1.4 million people are impacted by floods in 43 counties and the Abyei Administrative Area, with Jonglei and Northern Bahr el Ghazal states making up around half of those affected, the UN humanitarian agency said.","1,400,000 ind (affected); 1,400,000 ind (affected); 80,800 ind (affected); 3,000,000 ind (affected)",,Eye Radio,https://eyeradio.org/floods-affect-1-4-million-people-in-south-sudan/,state only,
Eastern Equatoria,,2024,11,Nov,2024-11-02,Flood,South Sudan urges global intervention in climate disasters in wake of COP29,"The Minister of Environment Josephine Napwon has highlighted the impact of climate crisis in South Sudan where she said five years of catastrophic floods and dry spells have gutted livelihoods and left millions languishing in poverty. According to the 2023 INFORM Risk Index, South Sudan is ranked as the second most vulnerable country globally to the impacts of natural hazards, including droughts and flooding, and among the top five countries most vulnerable to the impact of...",,1400000,affected,wider / not specified,"Since May 2024, floods have affected more than 1.4 million people across South Sudan, with livelihoods including farmlands and livestock wiped out, and hundreds of thousands forced from their homes, according to the UN humanitarian agency .","1,000,000 ind (affected); 1,400,000 ind (affected)",,Eye Radio,https://eyeradio.org/south-sudan-urges-global-intervention-in-climate-disasters-in-wake-of-cop29/,state only,
,,2024,10,Oct,2024-10-31,Flood,"South Sudan Flood Emergency Situation Report #1, October 31 2024","• Flooding in South Sudan has created urgent humanitarian needs and displaced more than 76,000 people.",,76000,displaced,wider / not specified,"• Flooding in South Sudan has created urgent humanitarian needs and displaced more than 76,000 people.","76,000 ind (displaced)",,ReliefWeb (International Medical Corps),https://reliefweb.int/report/south-sudan/south-sudan-flood-emergency-situation-report-1-october-31-2024,not found,
Warrap,Twic,2024,10,Oct,2024-10-30,Flood,2 women die from snake bites in Twic County,At least two women have succumbed to snake bites last week amid the devastating flood in Warrap’s Twic County which has disconnected most of the areas. Warrap Information Minister William Wol says the road that connecting Wunrok Payam and Turalei headquarters of Twic County in Warrap state is completely cutoff due to flooding. “Twic County has seriously been affected by flooding this month.,1000,,affected,state named in same sentence,"At the beginning on this month, authorities in Warrap State said over 1,000 households have been affected and 7-8 schools closed down in Gogrial East County.","1,000 HH (affected)",,Eye Radio,https://eyeradio.org/2-women-die-from-snake-bites-in-twic-county/,title,
,,2024,10,Oct,2024-10-28,Drought,Leaders Unite to Address the Impacts of El Niño in Eastern and Southern Africa,"**Anderson Banda,** Director of the SADC Humanitarian and Emergency Operations Centre (SHOC) provided an overview of the El Niño-induced drought that affected part of Southern and Eastern Africa, noting that some SADC member states experienced long dry spells, storms and cyclones. The impacts of the 2023/2024 El Niño episode have been significant, with over 61 million people affected by the drought in Southern Africa and an additional 5 million people affected by flooding in...",,30000000,affected,wider / not specified,"**Reena Ghelani**, UN Climate Crisis Coordinator for El Niño/La Niña highlighted the gravity of the current ENSO impacts across the region, noting that nearly 30 million people in Southern Africa face crisis levels of food insecurity.","5,000,000 ind (affected); 30,000,000 ind (affected)",,ReliefWeb (UN Climate Crisis Coordinator for the El Niño / La Niña Response),https://reliefweb.int/report/world/leaders-unite-address-impacts-el-nino-eastern-and-southern-africa,not found,
Lakes,Cueibet,2024,10,Oct,2024-10-27,Flood,"Lakes State: Flooding hinders Police operations, making crime scene access challenging","Police in Lakes State have reported that ongoing flooding has significantly impeded security operations, creating difficulties for personnel in accessing crime scenes due to damaged and impassable roads. He also highlighted the lack of effective communication as an additional obstacle, further complicating efforts to respond promptly to incidents in the flood-affected region. Gen Costa says Local authorities are now exploring solutions to improve access and communication, as...",,,,,,,,Eye Radio,https://eyeradio.org/lakes-state-flooding-hinders-police-operations-making-crime-scene-access-challenging/,body,
Jonglei,,2024,10,Oct,2024-10-26,Flood,Over 1.3 million displaced by flood in S. Sudan-OCHA,"More than 1.3 million people are impacted by floods in 42 counties and the Abyei Administrative Area, according to the United Nations Office for the Coordination of Humanitarian Affairs . According to OCHA’s floods snapshot, as of 25 th October 2024, About 327,000 individuals are displaced in 18 counties and the Abyei Administrative Area. “More than 1.3 million people are impacted by floods in 42 counties and the Abyei Administrative Area, with Jonglei and Northern Bahr el...",,1300000,affected,state named in same sentence,"“More than 1.3 million people are impacted by floods in 42 counties and the Abyei Administrative Area, with Jonglei and Northern Bahr el Ghazal states comprising about half of the affected population.","1,300,000 ind (affected); 327,000 ind (displaced); 1,300,000 ind (affected); 327,000 ind (displaced)",,Eye Radio,https://eyeradio.org/over-1-3-million-displaced-by-flood-in-s-sudan-ocha/,state only,
,,2024,10,Oct,2024-10-25,Flood,Persons with disabilities call for inclusion in South Sudan’s flood response plan,"As South Sudan grapples with the devastating impacts of flooding, individuals with disabilities are calling for their inclusion in the flood preparedness and response plan. Chairperson of the Association of Persons with Disabilities Augustino Wudu says persons with disabilities will face a lot of challenges in terms of mobility during evacuation or relocation during floods. He emphasizes on the need to ensure persons with disabilities are included in the preparedness and...",,,,,,,,Eye Radio,https://eyeradio.org/persons-with-disabilities-call-for-inclusion-in-south-sudans-flood-response-plan/,not found,
Upper Nile,Malakal,2024,10,Oct,2024-10-21,Flood,Severe flooding compounds health crisis in South Sudan,"**Juba ‒** South Sudan is witnessing some of its worst flooding in decades that has caused widespread devastation in several parts of the country and has so far left more than 226 000 people displaced, homes, livelihood impacted with roads and key infrastructure submerged and several communities devastated. The floods have affected 42 of South Sudan's 78 counties. Fifty-eight health facilities have been submerged in five counties and nearly 90 others are inaccessible with...",,890000,affected,wider / not specified,"As of 4 October 2024, a total 890 000 people in flood-affected counties have been impacted.","226,000 ind (displaced); 890,000 ind (affected); 870,000 ind (reported)",Renk,ReliefWeb (World Health Organization),https://reliefweb.int/report/south-sudan/severe-flooding-compounds-health-crisis-south-sudan,body,https://eyeradio.org/govt-unops-sign-deal-to-provide-hand-tools-for-floods-mitigation/
Unity,,2024,10,Oct,2024-10-19,Flood,Over one million affected by floods in South Sudan,"The number of people affected by flooding has crossed the one million benchmark in 42 counties across South Sudan, UN humanitarian agency said, as a $78-million budget that the government approved in July for floods victims has not been released. UN Office for Coordination of Humanitarian Affairs (UN-OCHA) said flooding continues to inundate villages and displace thousands of people countrywide, including in the border region of Abyei. The agency said about 271,000 people...",,271000,displaced,state named in same sentence,"The agency said about 271,000 people have since been displaced in nearly 20 counties, with Northern Bahr el Ghazal and Unity states becoming the most severely hit – making up 40 percent of the flood-affected population.","271,000 ind (displaced); 271,000 ind (displaced); 3,000,000 ind (affected)",,Eye Radio,https://eyeradio.org/over-one-million-affected-by-floods-in-south-sudan/,state only,
Unity,Leer,2024,10,Oct,2024-10-19,Flood,Thousands face starvation in Leer as relief agency rejects food cards: RRC,"Paulino Kueh Mawich said the area is facing severe humanitarian crisis characterized by food insecurity and floods that have affected more than 4,700 people. The RRF official said flooding has submerged Guat and Koatlapour payams, displacing many residents to nearby to Leer town and higher grounds. “Those people did not receive their food and we have some payams who were recently affected by floods including Guat and Koatlapour payams, whose residents have fled to the town.”",,70028,displaced,county named in same sentence,"According to OCHA’s Humanitarian Needs Overview for 2023, about 70,028 people representing 90 percent of Leer population, have humanitarian needs, due to the effects of conflict and displacement in February and April 2022.","4,700 ind (affected); 4,791 ind (affected); 70,028 ind (displaced)",,Eye Radio,https://eyeradio.org/thousands-face-starvation-in-leer-as-relief-agency-rejects-food-cards-rrc/,title,
Unity,Mayom,2024,10,Oct,2024-10-17,Flood,Eight payams submerged by floods in Mayom County: commissioner,"Eight out of the eleven payams of Mayom County of Unity State have been submerged in floodwater forcing households in dire humanitarian situation to flee to higher grounds, the commissioner said. A video footage aired on state-owned television SSBC, show Commissioner Luka Chierech Riek visiting several inundated and abandoned villages where crops have withered in excess water. As you can see, we are really in dire floods situation that is indescribable,” said Mr.",,226000,displaced,state named in same sentence,"OCHA said about 226,000 people have abandoned their homes – out of whom 114,480 were displaced from Unity State alone, where over 20,000 students are out of learning after floods submerged 65 schools there since May 2024.","890,000 ind (displaced); 226,000 ind (displaced); 20,000 ind (displaced)",,Eye Radio,https://eyeradio.org/eight-payams-submerged-by-floods-in-mayom-county-commissioner/,title,
,,2024,10,Oct,2024-10-14,Flood,"As World Health Summit begins, the IRC highlights growing public health risk of climate change and conflict","Spread of mpox has been of particular concern in camps housing people displaced by the conflict in North Kivu and recent severe flooding in Burundi, underscoring how both conflict and climate disasters can exacerbate public health challenges. In northeast Syria, the main factors behind this outbreak include severe droughts and the reduced access to safe drinking water and sanitation systems, driven both by climate change and more than decade of violent conflict. In Yemen,...",,2000000,reported,wider / not specified,Up to 2 million children under the age of 5 will die each year as a result of malnutrition.,"560,000 ind (reported); 2,000,000 ind (reported); 650,000 ind (reported)",,ReliefWeb (International Rescue Committee),https://reliefweb.int/report/world/world-health-summit-begins-irc-highlights-growing-public-health-risk-climate-change-and-conflict,not found,
Jonglei,Pibor,2024,10,Oct,2024-10-14,Flood,The Ministry of Water Resources and Irrigation signed anagreement with UNOPS to procure flood mitigation supplies,"● UNOPS will oversee the procurement and timely delivery of flood mitigation supplies, working closely with national and regional authorities ● The agreement represents another step forward in addressing South Sudan’s flood vulnerability while building long-term resilience in the most affected communities. ***Juba, 11 October 2024***.— The Ministry of Water Resources and Irrigation (MWRI) of the Republic of South Sudan and the United Nations Office for Project Services...",,,,,,,,ReliefWeb (Government of the Republic of South Sudan),https://reliefweb.int/report/south-sudan/ministry-water-resources-and-irrigation-signed-anagreement-unops-procure-flood-mitigation-supplies,body,
Upper Nile,Malakal,2024,10,Oct,2024-10-12,Flood,"Floods, insecurity impede aid delivery to 500,000 people: OCHA","Floods and highway insecurities across South Sudan in September 2024 worsened humanitarian access as 15 major supply routes were rendered impassable, impacting the delivery of essential humanitarian supplies to some 500,000 people, according to an agency. UN Office for Coordination of Humanitarian Affairs (OCHA) said there were over 30 humanitarian access impediments last month, undermining the floods response and forcing relief organizations to resort to more costly air and...",,890000,displaced,wider / not specified,"More than 890,000 people have been affected by flooding in 40 counties across South Sudan leading to massive displacement, loss of livelihoods and destruction of critical infrastructures, according to the UN humanitarian agency.","500,000 ind (reported); 500,000 ind (affected); 890,000 ind (displaced)",,Eye Radio,https://eyeradio.org/floods-insecurity-block-aid-delivery-to-500000-people-ocha/,body,https://eyeradio.org/govt-unops-sign-deal-to-provide-hand-tools-for-floods-mitigation/
Northern Bahr el Ghazal,Aweil Centre,2024,10,Oct,2024-10-11,Flood,DTM South Sudan: Event Tracking Report (Flood Displacements) #64 (1 - 30 Sep 2024),"The underlying causes of these displacement dynamics are varied and include communal clashes, flooding, insecurity, violence, natural disasters, and cross-border movements. In the month of September 2024, enumerators from the Displacement Tracking Matrix documented significant flood-induced displacements affecting 44,497 individuals.",,14455,displaced,state named in same sentence,"The majority of these displacements occurred in Northern Bahr el Ghazal where 14,455 individuals were displaced to Aweil East, 9,030 to Aweil North and 3,950 to Aweil West.","44,497 ind (displaced); 14,455 ind (displaced); 9,914 ind (displaced); 6,500 ind (displaced)",,ReliefWeb (International Organization for Migration),https://reliefweb.int/report/south-sudan/dtm-south-sudan-event-tracking-report-flood-displacements-64-1-30-sep-2024,body,
Abyei,,2024,10,Oct,2024-10-11,Flood,"South Sudan - Flood, update (OCHA, NOAA - CPC) (ECHO Daily Flash of 11 October 2024)","- Heavy rainfall has continued to affect South Sudan since May, causing floods that have resulted in displacements and damage. - As of 11 October, UN OCHA reports that at least 241,000 people have been displaced across 16 counties, and more than 893,000 people have been affected by floods across 42 counties in South Sudan and Abyei Administrative Area. In addition, at least 15 routes are blocked by floods.",,893000,displaced,state named in same sentence,"- As of 11 October, UN OCHA reports that at least 241,000 people have been displaced across 16 counties, and more than 893,000 people have been affected by floods across 42 counties in South Sudan and Abyei Administrative Area.","241,000 ind (displaced); 893,000 ind (displaced)",,ReliefWeb (European Commission's Directorate-General for European Civil Protection and Humanitarian Aid Operations),https://reliefweb.int/report/south-sudan/south-sudan-flood-update-ocha-noaa-cpc-echo-daily-flash-11-october-2024,state only,
Upper Nile,Malakal,2024,10,Oct,2024-10-11,Flood,"Govt, UNOPS sign deal to provide hand tools for floods mitigation","The Ministry of Water Resources and Irrigation and United Nations infrastructure agency (UNOPS) have signed an agreement to precure hand tools for flood mitigation in affected communities in the country. It aims to enhance South Sudan’s capacity to respond effectively to flooding and support communities affected by climate-induced challenges in Bor, Pibor and Fangak counties. “It is a contract that will add to some of the efforts our sisterly ministries of Water Resources...",,890000,displaced,wider / not specified,"More than 890,000 people have been affected by flooding in 40 counties across South Sudan leading to massive displacement, loss of livelihoods and destruction of critical infrastructures, the UN humanitarian agency said.","700,000 ind (affected); 890,000 ind (displaced); 226,000 ind (displaced); 20,214 ind (affected)",Wau,Eye Radio,https://eyeradio.org/govt-unops-sign-deal-to-provide-hand-tools-for-floods-mitigation/,body,
Upper Nile,Malakal,2024,10,Oct,2024-10-11,Flood,UNICEF urges govt to invest in social services for a stronger population,"The official further said there is a need to continue to address the needs of those affected by floods. “The floods that we’re seeing in Unity, in western Bahr el-Ghazal, northern Bahr el-Ghazal, and upper Nile, have displaced a lot of people, and we need to continue to address their needs to build resilience infrastructure,” he said. “As we build schools, they have to be resilient to shocks, including drought and floods, to support the displaced, where they’re displaced,...",,880000,displaced,wider / not specified,"Since the outbreak of war in Sudan, approximately 880,000 individuals, including returnees and refugees, have fled to South Sudan seeking safety.","880,000 ind (displaced)",,Eye Radio,https://eyeradio.org/unicef-urges-govt-to-invest-in-social-services-for-a-stronger-population/,body,
Eastern Equatoria,Torit,2024,10,Oct,2024-10-11,Drought,‘Rainmaker’ buried alive in Eastern Equatoria’s Imehejek,"A group of youth from Imehejek Administrative Area in Eastern Equatoria have buried alive a man they regard as a rainmaker and blame for dry spells affecting the region, authorities said, in the fifth such killing in four years. Oromo said the youth accused the victim of failing to fulfil cultural obligations to provide solution to a dry spell that has failed harvest and afflicted the community with hunger. The incident brings the number of people seen as rainmakers killed...",,,,,,,,Eye Radio,https://eyeradio.org/rainmaker-buried-alive-in-eastern-equatorias-imehejek/,body,
Northern Bahr el Ghazal,Aweil Centre,2024,10,Oct,2024-10-07,Flood,NBGs: 6 killed in flood-related houses collapse,"At least six people including a newlywedded woman have been killed in the past month after shelters collapsed on them as a result of flooding in different parts of Northern Bahr el Ghazal State, the government said. Garang added that about 10,000 households have been affected by ongoing flooding in the area where Greater Aweil counties are the most submerged. “We have about 10,000 households affected by the flooding.",10000,,affected,wider / not specified,"Garang added that about 10,000 households have been affected by ongoing flooding in the area where Greater Aweil counties are the most submerged.","10,000 HH (affected); 10,000 HH (affected)",Aweil North,Eye Radio,https://eyeradio.org/nbgs-6-killed-in-flood-related-houses-collapse/,body,
Lakes,,2024,10,Oct,2024-10-05,Flood,Nearly one million affected by floods in South Sudan: OCHA,"More than 890,000 people have been affected by flooding in 40 counties across South Sudan leading to massive displacement, loss of livelihoods and destruction of critical infrastructures, the UN humanitarian agency said. Floods displacement statistics. In Unity, the state government reported that over 20,000 students have been affected after widespread floods damaged education infrastructures and submerged 65 schools there since May 2024.",,3300000,affected,wider / not specified,At least 3.3 million people in South Sudan are expected to be affected by the catastrophic floods which is predicted to reach its peak in November this year – exacerbating the already dire humanitarian situation in the country.,"890,000 ind (displaced); 226,000 ind (displaced); 20,000 ind (affected); 18,000 ind (displaced); 3,300,000 ind (affected); 3,000,000 ind (affected)",,Eye Radio,https://eyeradio.org/nearly-one-million-affected-by-floods-in-south-sudan-ocha/,state only,
Jonglei,,2024,10,Oct,2024-10-04,Flood,Cabinet approves declaration of national disaster over floods,"President Salva Kiir is expected to declare a national disaster over floods wrecking havoc across nearly 40 counties in South Sudan after an extraordinary cabinet meeting approved a request for such declaration on Thursday. Albino Atak Akol, the Minister of Humanitarian Affairs and Disaster Management highlighted at the Council of Ministers meeting that floods have affected 772,000 people in 30 counties as of 1st October 2024. Akol stated that floods have destroyed...",,3000000,affected,wider / not specified,"In July 2024, the national cabinet approved at least 78 million US dollars to respond to the flooding that was already forecast to affect 3 million people.","772,000 ind (affected); 772,000 ind (affected); 3,000,000 ind (affected)",,Eye Radio,https://eyeradio.org/cabinet-approves-declaration-of-national-disaster-over-floods/,state only,
Upper Nile,Ulang,2024,10,Oct,2024-10-02,Flood,Bringing Life-Saving Healthcare to Flood-Affected Communities in South Sudan,"Each year, from June to October, heavy rainfall in Ulang, Nasir, and Maiwut triggers severe flooding, submerging entire villages and displacing entire communities. In villages such as Purbor, floodwaters have reached staggering depths of 10 feet, sweeping away homes and forcing people to seek refuge in isolated areas. Under these circumstances, our Mobile Medical Unit team members rely on boats and travel on foot to navigate through the floodwaters.",,88,reported,wider / not specified,"From May to August, MMUs conducted over 3,000 outpatient consultations, supported 88 women with pre-natal care, assisted in 111 safe deliveries, and provided post-natal care to 111 newborns.",88 ind (reported),,ReliefWeb (Relief International),https://reliefweb.int/report/south-sudan/bringing-life-saving-healthcare-flood-affected-communities-south-sudan,body,
Upper Nile,Malakal,2024,10,Oct,2024-10-01,Flood,Boy killed and eaten up by wild animal in Pigi County,"A five-year-old boy was killed and partly eaten up by an unidentified wild animal in flood-hit Pigi County of Jonglei State on Sunday as both humans and wildlife sought refuge in dry patches of land, according to the authorities there. He added that due to the intense flooding in the area, both humans and wild animals have sought shelter on the dry patches of land, leading to increased risks of animal attacks on the displaced population. “There are animals that appeared in...",,,,,,,,Eye Radio,https://eyeradio.org/boy-killed-and-eaten-up-by-wild-animal-in-pigi-county/,body,
Northern Bahr el Ghazal,Aweil Centre,2024,9,Sep,2024-09-30,Flood,DTM South Sudan: Event Tracking Report (Flood Displacements) #62 (16 - 31 Aug 2024),Information from key informants revealed that these displacements were primarily due to disasters associated with flooding.,,10816,displaced,state named in same sentence,"Additionally, Jonglei state experienced the displacement of 10,816 individuals in Fangak and Pochalla counties, while Northern Bahr el Ghazal recorded 8,160 displaced persons in Aweil West and Aweil North counties.","76,233 ind (displaced); 39,736 ind (displaced); 10,816 ind (displaced); 8,160 ind (displaced)",,ReliefWeb (International Organization for Migration),https://reliefweb.int/report/south-sudan/dtm-south-sudan-event-tracking-report-flood-displacements-62-16-31-aug-2024,body,
Warrap,Gogrial West,2024,9,Sep,2024-09-30,Flood,Flood-hit Gogrial West village records 10 cases of snake bite,"At least 10 cases of snakebite have been recorded in a remote village in Gogreal West in Warrap this month, authorities said, amid overwhelming floods in most parts of the state. The state floods management committee carried out an assessment in Mangar Ajak Area of Gogrial West County on Sunday and discovered the trend of snake attacks. Warrap State Information Minister William Wol Mayom also said a river passing between Gogrial West and East counties has burst its banks and...",200,21,reported,county named in same sentence,"In August 2024, the entire Warrap State recorded 21 people bitten by snakes – two of whom died in Tonj North County following flooding caused by torrential rains in the area. | Warrap State Information Minister William Wol Mayom also said a river passing between Gogrial West and East counties has burst its banks and submerged nearby settlements – displacing over 200 households.","200 HH (displaced); 200 HH (displaced); 21 ind (reported); 735,000 ind (affected)",Mayom,Eye Radio,https://eyeradio.org/flood-hit-gogrial-west-village-records-10-cases-of-snake-bite/,title,
,,2024,9,Sep,2024-09-30,Flood,Norway donates $2 million for South Sudan floods response,"Norwegian government has offered over $2 million in emergency humanitarian efforts for flood victims in South Sudan, announced the country’s Development Minister Anne Beathe Kristiansen Tvinnereim. The Norwegian’s support will primarily go towards providing health care, shelter and food to flood victims, in addition to clean water, sanitation and hygiene measures. This aid comes at a time hundreds of thousands of South Sudanese are reeling from the devastating impact of the...",,3300000,affected,wider / not specified,Over 3.3 million people in South Sudan are expected to be affected by floods this year.,"3,300,000 ind (affected)",,Eye Radio,https://eyeradio.org/norway-donates-2-million-for-south-sudan-floods-response/,not found,
,,2024,9,Sep,2024-09-29,Flood,South Sudan grapples with new climate-induced health needs: Awel,"South Sudan’s health sector is faced with emerging challenges driven by climate change factors including prolonged floods and droughts which have left healthcare workers struggling to adapt to the evolving health needs, the minister of health said. Yolanda Awel Deng, addressing a session of the United Nations General Assembly in New York last week, stated that climate change realities are felt in South Sudan in the form of catastrophic floods, record temperatures and...",,730000,affected,wider / not specified,"Since May 2024, floods have affected more than 730,000 people in nearly 40 counties across South Sudan, with livelihoods including farmlands and livestock destroyed, and hundreds of thousands forced from their homes, the UN humanitarian agency said.","730,000 ind (affected)",,Eye Radio,https://eyeradio.org/south-sudan-grapples-with-new-climate-induced-health-needs-awel/,not found,
Jonglei,Pibor,2024,9,Sep,2024-09-29,Flood,Relief actors assess GPAA’s humanitarian situation,"The government of Greater Pibor Administrative Area (GPAA) received humanitarian actors in Pibor town who travelled to the area on Friday to assess the dire humanitarian situation caused by flooding there. A statement from the Chief Administrator’s official Facebook page said that the delegation including the Canadian ambassador to South Sudan and a team from UN World Food Program, assessed the area which is hit by hunger and floods. Pibor Information Minister Oleyo Akuer...",,40,reported,wider / not specified,"In August 2024, the GPAA government said in a report that more than 40 people died of likely starvation in the hunger-hit region in only two months.",40 ind (reported),,Eye Radio,https://eyeradio.org/relief-actors-assess-gpaas-humanitarian-situation/,body,
,,2024,9,Sep,2024-09-27,Drought,International: Project Highlights - Livelihood response to mitigate the impacts of drought on food security and livelihoods (OSRO/INT/1040/GER),"To provide access to food while protecting and restoring productive livelihoods and strengthening self-resilience in drought-affected communities in Ethiopia, Kenya, Somalia, South Sudan and the Sudan.",100050,,affected,wider / not specified,• Vaccinated and treated 5 016 000 million livestock (616 000 cattle and 4.4 million small ruminants) belonging to 100 050 households against high impact diseases.,"100,050 HH (affected); 4,314 HH (reported); 21,525 HH (reported)",,ReliefWeb (Food and Agriculture Organization of the United Nations),https://reliefweb.int/report/ethiopia/international-project-highlights-livelihood-response-mitigate-impacts-drought-food-security-and-livelihoods-osroint1040ger,not found,
Northern Bahr el Ghazal,Aweil Centre,2024,9,Sep,2024-09-27,Flood,"NBGs gives out food aid to 1,500 flood-displaced households","Northern Bahr el Ghazal government on Thursday distributed food aid to about 1500 households displaced by floods which have killed three people this week and flattened more than 2000 shelters and critical infrastructures. “The floods have caused severe damage to lives and property, killing three (3) people this week including a mother and an infant in Nyinaluk residential area of Aweil town,” the statement said. The government’s Disaster Risk Management Council (DRMC),...",1500,154960,affected,state named in same sentence,"The UN humanitarian agency (UN-OCHA) said its inter-agency needs assessment in Northern Bahr el Ghazal counties found 154,960 people severely impacted by floods, with Aweil East and Aweil South most affected. | Northern Bahr el Ghazal government on Thursday distributed food aid to about 1500 households displaced by floods which have killed three people this week and flattened more than 2000 shelters and critical infrastructures.","1,500 HH (displaced); 154,960 ind (affected); 53,100 ind (reported)",,Eye Radio,https://eyeradio.org/nbgs-gives-out-food-aid-to-1500-flood-displaced-households/,body,https://reliefweb.int/report/south-sudan/south-sudan-flooding-situation-flash-update-no-5-25-september-2024
,,2024,9,Sep,2024-09-26,Flood,South Sudan urges Samaritan Purse to deliver more aid to crisis-hit population,"South Sudan’s foreign minister has held a meeting with a senior official of evangelical Christian organization Samaritan Purse – where he urged continued support to the country’s population affected by widespread floods, hunger and the burden of Sudan war. Ramadan explained the humanitarian situations and flooding in the country and” encouraged the organization to continue supporting the vulnerable people in good faith.” Flooding has impacted over 735,000 people in 40...",,800000,displaced,wider / not specified,"Since the outbreak of conflict in Sudan in April 2023, there has been a significant humanitarian crisis leading to mass displacement of approximately 800,000 people to South Sudan.","735,000 ind (affected); 800,000 ind (displaced)",,Eye Radio,https://eyeradio.org/south-sudan-urges-samaritan-purse-to-deliver-more-aid-to-crisis-hit-population/,not found,
Jonglei,Twic East,2024,9,Sep,2024-09-26,Flood,Twic East commissioner urges assistance amid overwhelming floods,"Twic East authorities in Jonglei State have declared a critical humanitarian crisis due to ongoing seasonal flooding that reportedly submerged 80% of agricultural lands and displaced local populations. “The flood started in 2020 and exceeding up to now, it has covered all the 80% of our lands in which the civil population of this area deserted their homes,” he narrated to Eye Radio. “Majority are in wetland, highlands, along the dykes and along the Jonglei canals.",,,,,,,Bor South,Eye Radio,https://eyeradio.org/twic-east-commissioner-urges-assistance-amid-overwhelming-floods/,title,
Northern Bahr el Ghazal,Aweil Centre,2024,9,Sep,2024-09-25,Flood,South Sudan: Flooding Situation Flash Update No. 5 (As of 25 September 2024),"- As of 25 September, flooding has impacted over 735,000 people across 38 of South Sudan's 78 counties and the Abyei Administrative Area. Since May, flooding has affected more than 735,000 people across 38 counties and the Abyei Administrative Area. The floods have destroyed homes, crops and infrastructure, disrupting health and education services and heightening disease risks.",6046,154960,affected,state named in same sentence,"In Northern Bahr el Ghazal State, an inter-agency rapid needs assessment in Aweil East, West, North and South counties found 154,960 people severely impacted by floods, with Aweil East and Aweil South most affected. | In Unity State, a rapid needs assessment in Koch County identified 36,278 flood-displaced individuals (6,046 households).","735,000 ind (affected); 76,230 ind (displaced); 735,000 ind (affected); 76,230 ind (displaced); 154,960 ind (affected); 53,100 ind (reported); 6,046 HH (displaced); 5,707 ind (displaced)",Aweil East; Malakal; Rubkona; Maiwut,ReliefWeb (UN Office for the Coordination of Humanitarian Affairs),https://reliefweb.int/report/south-sudan/south-sudan-flooding-situation-flash-update-no-5-25-september-2024,body,
Jonglei,Bor South,2024,9,Sep,2024-09-20,Flood,South Sudan Key Message Update: Emergency (IPC Phase 4) outcomes remain widespread as flooding expands (September 2024),"- Emergency (IPC Phase 4) outcomes remain widespread in the country at peak of the main rainfall season in September driven by a combination of shocks including expanding floods, deteriorating macroeconomy, extremely high food prices, continued conflict and insecurity, and high returnee burden in the northern counties. Catastrophe (IPC Phase 5) outcomes are likely persisting among some households in hard-to-reach areas of Pibor; among returnees and refugees in transit areas...",,735000,affected,wider / not specified,"As of September 12, OCHA estimated that flooding had affected [735,000 people](https://reliefweb.int/report/south-sudan/south-sudan-flooding-situation-flash-update-no-3-12-september-2024) in 38 counties.","735,000 ind (affected); 845,000 ind (reported)",Yei; Twic East; Pibor; Aweil Centre; Aweil East; Rubkona; Torit,ReliefWeb (Famine Early Warning System Network),https://reliefweb.int/report/south-sudan/south-sudan-key-message-update-emergency-ipc-phase-4-outcomes-remain-widespread-flooding-expands-september-2024,body,
Lakes,Rumbek Centre,2024,9,Sep,2024-09-20,Flood,"After good rain and peace, Lakes farmers expect high crop yields","Lakes State farmers are anticipating high yields across plantations supported by humanitarian agencies in the eight counties after abundant rain and relative peace despite floods that have not spared the area, an official said. Rafael Bang Mayor, Chairperson of the Standing Specialized Committee on Agriculture and Animal Resources in Lakes, said a stable security situation and abundant rainfall in the area could propel fruitful harvests and alleviate poverty. The official...",,,,,,,Yirol East; Yirol West; Awerial,Eye Radio,https://eyeradio.org/after-good-rain-and-peace-lakes-farmers-expect-high-crop-yields/,body,
Unity,Guit,2024,9,Sep,2024-09-20,Flood,"20,214 students affected as floods submerge 65 schools in Unity State","Over 20,000 students have been affected after widespread floods damaged education infrastructures and submerged 65 schools across Unity State since May 2024, an official said. Michael Majang Malual, Director General in the State Ministry of Education, said the inundated schools include 18 in Panyijar, 12 in Koch, 14 in Leer, 6 in Guit, 4 in Rubkona, and 11 in Mayendit counties. “The number of schools affected is 65 schools, and 20,214 learners have been affected by the flood.",,20214,affected,state named in same sentence,"20,214 students affected as floods submerge 65 schools in Unity State.","20,214 ind (affected); 20,000 ind (affected); 735,000 ind (affected)",Koch; Leer,Eye Radio,https://eyeradio.org/20214-students-affected-as-floods-submerge-65-schools-in-unity-state/,body,
Jonglei,Fangak,2024,9,Sep,2024-09-19,Flood,South Sudan: Flooding Situation Flash Update No. 4 (As of 18 September 2024),"- As of 18 September, flooding has affected over 735,000 people across 38 of South Sudan’s 78 counties and the Abyei Administrative Area. As of 18 September, flooding has affected over 735,000 people across 38 counties and the Abyei Administrative Area. Since May, floods have damaged homes, crops and infrastructure, disrupting education and health services and raising disease risks.",900,3600,displaced,county named in same sentence,"In Upper Nile State, a flood task force mission visited Tonga town, where 3,600 displaced people have arrived from New Fangak, Jonglei State, since mid-August. | The South Sudan Red Cross registered 900 displaced households near Old Fangak, with WASH distributions set to begin on 19 September.","735,000 ind (affected); 76,230 ind (displaced); 735,000 ind (affected); 76,230 ind (displaced); 20,214 ind (affected); 3,600 ind (displaced); 1,000 HH (displaced); 6,000 ind (displaced)",Yambio; Nzara; Renk,ReliefWeb (UN Office for the Coordination of Humanitarian Affairs),https://reliefweb.int/report/south-sudan/south-sudan-flooding-situation-flash-update-no-4-18-september-2024,body,https://reliefweb.int/report/south-sudan/south-sudan-flooding-situation-flash-update-no-3-12-september-2024
,,2024,9,Sep,2024-09-18,Flood,Environmentalist calls for greater awareness on climate resilience,"An environmentalist has highlighted the need for increased awareness among communities impacted by climate disasters, such as floods, regarding resilience and adaptive strategies. He emphasized that populations in flood-affected areas should enhance their resilience by adopting coping mechanisms that best suit their needs. The UN humanitarian agency said last week that floods have impacted over 735,000 people in 40 counties across the country, worsening an already dire...",,735000,affected,wider / not specified,"The UN humanitarian agency said last week that floods have impacted over 735,000 people in 40 counties across the country, worsening an already dire humanitarian crisis compounded by severe food insecurity and economic decline.","735,000 ind (affected)",,Eye Radio,https://eyeradio.org/environmentalist-calls-for-greater-awareness-on-climate-resilience/,not found,
Abyei,,2024,9,Sep,2024-09-18,Flood,MSF raises alarm over water and sanitation crisis in Abyei,"It says poor sanitation, severe water shortages, and inadequate infrastructure are exacerbating the spread of the virus through contaminated drinking water, putting thousands of people at risk. Elizabeth Chatek, who arrived after her home was flooded, said, “We don’t have latrines. As the ongoing rainy season continues to cause widespread flooding and threatens drinking water sources and drainage systems overflow, the risk of hepatitis E and other waterborne diseases such as...",250,70000,displaced,state named in same sentence,"Since violent conflicts erupted in February 2022 in and around Agok, an estimated 70,000 people have been displaced, with many seeking refuge in Abyei. | On August 22, approximately 250 families were displaced from the Abyei surroundings to Abyei","22,000 ind (reported); 70,000 ind (displaced); 20,000 ind (reported); 250 HH (displaced)",,Eye Radio,https://eyeradio.org/msf-raises-alarm-over-water-and-sanitation-crisis-in-abyei/,state only,
Upper Nile,Malakal,2024,9,Sep,2024-09-17,Flood,"Hydromet forecast shows flood risk in Upper Nile, Jonglei","Some areas in Upper Nile State and Jonglei State are at risk of flooding due to high levels of water in the Nile River and some of its tributaries, according to hydrological data published by the government. In its daily water levels update for September 2024, the Hydrological and Survey Department of the Ministry of Water Resources indicates that the White Nile at the direction of Malakal gauges at 13.94 meters, posing a high risk of flooding. On the other hand, Bor and...",5700,3600,displaced,state named in same sentence,"In Upper Nile State, OCHA’s Floods Task Force mission visited Tonga town, where 3,600 displaced people have arrived from New Fangak, Jonglei State, since mid-August. | In Western Bahr el Ghazal State, mass displacement of about 20,000 people (5,700 families) has been reported in Jur River County since August, with 147,750 fedans of farmland submerged.","735,000 ind (affected); 65,000 ind (displaced); 21,863 ind (displaced); 3,600 ind (displaced); 1,000 HH (displaced); 6,000 ind (displaced); 5,700 HH (displaced); 20,000 ind (displaced)",Jur River; Mayendit; Fangak,Eye Radio,https://eyeradio.org/hydromet-forecast-shows-flood-risk-in-upper-nile-jonglei/,body,
Unity,Mayendit,2024,9,Sep,2024-09-14,Flood,"Over 735,000 affected by floods in 38 counties: OCHA","The UN humanitarian agency said floods have impacted over 735,000 people in 40 counties across the country, worsening an already dire humanitarian crisis compounded by severe food insecurity and economic decline. UN Office for Coordination of Humanitarian Affairs said since May, floods have damaged homes, crops, and infrastructure, disrupting education and health services and raising disease risks. Meanwhile In Unity State, an inter-agency report confirmed that 21,863 people...",5700,21863,displaced,county named in same sentence,"Meanwhile In Unity State, an inter-agency report confirmed that 21,863 people had been displaced in Mayendit County, with 11 of 13 payams affected by flooding. | In Western Bahr el Ghazal State, mass displacement of about 20,000 people (5,700 families) has been reported in Jur River County since August, with 147,750 fedans of farmland submerged.","735,000 ind (affected); 65,000 ind (displaced); 21,863 ind (displaced); 3,600 ind (displaced); 1,000 HH (displaced); 6,000 ind (displaced); 5,700 HH (displaced); 20,000 ind (displaced)",Fangak,Eye Radio,https://eyeradio.org/over-735000-affected-by-floods-in-38-counties-ocha/,body,
Lakes,,2024,9,Sep,2024-09-13,Flood,"East Africa Seasonal Monitor: Record high rainfall leads to severe flooding in the northern sector (August 31, 2024)","- In August, continued above-average rainfall (Figure 1) constituted the wettest of the 40-year historical record in parts of Sudan, Eritrea, and Ethiopia (Figure 2). In Greater Darfur and in the northeast of Sudan, this has resulted in the damage or destruction of homes, bridges, roads, and dams and caused displacement of [over 170,000 people](https://dtm.iom.int/reports/flood-displacement-summary-update-004?close=true) across 14 states. The collapse of the Arba’at Dam on...",,800000,affected,wider / not specified,"Overall, 800,000 people have been affected.","170,000 ind (displaced); 130 ind (reported); 600,000 ind (affected); 800,000 ind (affected); 472,000 ind (affected); 800,000 ind (affected)",,ReliefWeb (Famine Early Warning System Network),https://reliefweb.int/report/sudan/east-africa-seasonal-monitor-record-high-rainfall-leads-severe-flooding-northern-sector-august-31-2024,state only,
Central Equatoria,,2024,9,Sep,2024-09-13,Flood,UN donates $15 million to help South Sudan fight floods,"United Nations agencies have allocated at least 15 million US dollars to provide humanitarian assistance to over 700,000 South Sudanese affected by severe flooding across the country. Part of the joint donation was about $10 million announced by the UN Central Emergency Response Fund (CERF) to alleviate the floods impact in five worst-affected counties. The UN humanitarian agency OCHA said in a statement that the CERF funding will enable frontline humanitarian partners to...",,735000,affected,wider / not specified,"The agency said as of 12th September, over 735,000 people in 38 of South Sudan’s 78 counties and the Abyei Administrative Area have been affected by flooding.","2,400,000 ind (reported); 735,000 ind (affected); 6,000,000 ind (in need)",,Eye Radio,https://eyeradio.org/un-donates-15-million-to-help-south-sudan-fight-floods/,state only,
Northern Bahr el Ghazal,Aweil East,2024,9,Sep,2024-09-12,Flood,The Central Emergency Response Fund and the South Sudan Humanitarian Fund allocate US$15 million for flood response,"(Juba, 12 September 2024) The United Nations Central Emergency Response Fund (CERF) has allocated US$10 million to provide critical assistance to 700,000 people affected by severe flooding across five highly impacted counties in South Sudan: Aweil East (Northern Bahr el Ghazal State), Fangak (Jonglei State), Nasir (Upper Nile State), and Mayendit and Rubkona (Unity State). This CERF funding will enable frontline humanitarian partners to deliver life-saving services in...",,700000,affected,county named in same sentence,"(Juba, 12 September 2024) The United Nations Central Emergency Response Fund (CERF) has allocated US$10 million to provide critical assistance to 700,000 people affected by severe flooding across five highly impacted counties in South Sudan: Aweil East (Northern Bahr el Ghazal State), Fangak (Jonglei State), Nasir (Upper Nile State), and Mayendit and Rubkona (Unity State).","700,000 ind (affected); 2,400,000 ind (reported); 735,000 ind (affected); 6,000,000 ind (in need)",Mayendit; Fangak,ReliefWeb (UN Office for the Coordination of Humanitarian Affairs),https://reliefweb.int/report/south-sudan/central-emergency-response-fund-and-south-sudan-humanitarian-fund-allocate-us15-million-flood-response,body,
Jonglei,Fangak,2024,9,Sep,2024-09-12,Flood,South Sudan: Flooding Situation Flash Update No. 3 (As of 12 September 2024),"- As of 12 September, flooding has affected over 735,000 people across 38 of South Sudan’s 78 counties and the Abyei Administrative Area. - The United Nations Central Emergency Response Fund (CERF) has allocated $10 million to aid 700,000 flood- affected people in five severely impacted counties. As of 12 September, flooding has impacted over 735,000 people across 38 counties and the Abyei Administrative Area, worsening an already dire humanitarian crisis compounded by...",900,3600,displaced,county named in same sentence,"In Upper Nile State, a Floods Task Force mission visited Tonga town, where 3,600 displaced people have arrived from New Fangak, Jonglei State, since mid-August. | The South Sudan Red Cross registered 900 displaced households near Old Fangak, with WASH distributions set to begin soon.","735,000 ind (affected); 65,000 ind (displaced); 735,000 ind (affected); 65,000 ind (displaced); 21,863 ind (displaced); 3,600 ind (displaced); 1,000 HH (displaced); 6,000 ind (displaced)",Malakal; Mayendit; Pibor,ReliefWeb (UN Office for the Coordination of Humanitarian Affairs),https://reliefweb.int/report/south-sudan/south-sudan-flooding-situation-flash-update-no-3-12-september-2024,body,
,,2024,9,Sep,2024-09-12,Flood,"South Sudan’s literacy rate improves, challenges persist – Kuyok","The Undersecretary addressed the impact of natural disasters on education, particularly flooding. “We are developing a flood response plan to address the challenges faced by displaced individuals,” he said. “We are considering utilizing platforms like Eye Radio to deliver educational content to those affected by floods,” he noted.",,2800000,reported,wider / not specified,"UNICEF reports that over 2.8 million children in South Sudan are out of school, putting their futures—and the country’s future—at risk.","2,800,000 ind (reported)",,Eye Radio,https://eyeradio.org/south-sudans-literacy-rate-improves-challenges-persist-kuyok/,not found,
Jonglei,Fangak,2024,9,Sep,2024-09-09,Flood,Thousands of families flee rising waters in Fangak as extraordinary flooding hits South Sudan,"Squatting on dirty plastic sheets on waterlogged ground and huddled together under ripped canvas tarpaulins strung together by sticks are thousands of families, forced to flee rapidly rising flood waters in Fangak. “The water submerged our houses. She is among 15,000 people from Fangak County who have been displaced by extraordinary flooding.",,15000,displaced,county named in same sentence,"She is among 15,000 people from Fangak County who have been displaced by extraordinary flooding.","15,000 ind (displaced); 710,000 ind (affected)",Malakal,ReliefWeb (UN Mission in South Sudan),https://reliefweb.int/report/south-sudan/thousands-families-flee-rising-waters-fangak-extraordinary-flooding-hits-south-sudan,title,https://reliefweb.int/report/south-sudan/south-sudan-flooding-situation-flash-update-no-2-5-september-2024
Unity,Leer,2024,9,Sep,2024-09-09,Flood,South Sudan - State Unity - County of Leer - Leer Town - Flood Hazard 100 years return - Fathom Model (Fluvial & Pluvial 30m) (9/9/2024),,,,,,,,,ReliefWeb (Médecins Sans Frontières GIS Centre),https://reliefweb.int/map/south-sudan/south-sudan-state-unity-county-leer-leer-town-flood-hazard-100-years-return-fathom-model-fluvial-pluvial-30m-992024,title,
Unity,Leer,2024,9,Sep,2024-09-09,Flood,South Sudan - State Unity - County of Leer - Leer Town - Flood and dike Assessment 30th August to 5 September 2024,,,,,,,,,ReliefWeb (Médecins Sans Frontières GIS Centre),https://reliefweb.int/map/south-sudan/south-sudan-state-unity-county-leer-leer-town-flood-and-dike-assessment-30th-august-5-september-2024,title,
Unity,Leer,2024,9,Sep,2024-09-09,Flood,South Sudan - State Unity - County of Leer - Flood Hazard 100 years return - JRC Model (90M) (9/9/2024),,,,,,,,,ReliefWeb (Médecins Sans Frontières GIS Centre),https://reliefweb.int/map/south-sudan/south-sudan-state-unity-county-leer-flood-hazard-100-years-return-jrc-model-90m-992024,title,
Western Equatoria,Nzara,2024,9,Sep,2024-09-09,Flood,Activist urges Kiir to declare national emergency over floods,"A civil society activist has called on President Salva Kiir to declare a national emergency over severe flooding affecting many parts of the country. According to a report by UN-OCHA, over 700,000 people have been impacted by the floods, which have devastated more than 30 counties. In July 2024, the national cabinet approved at least 78 million US dollars to respond to the flooding that was already forecast to affect 3 million people.",221,1125,displaced,county named in same sentence,"While in Nzara of Western Equatoria, at least 221 households comprising 1,125 people have been displaced by flooding in Nzara County of Western Equatoria following days of heavy downpours.","700,000 ind (affected); 3,000,000 ind (affected); 15,000 ind (displaced); 221 HH (displaced); 1,125 ind (displaced)",,Eye Radio,https://eyeradio.org/activist-urges-kiir-to-declare-national-emergency-over-floods/,body,https://eyeradio.org/nzara-floods-leave-1125-people-without-shelter/
Western Equatoria,Nzara,2024,9,Sep,2024-09-08,Flood,"Nzara floods leave 1,125 people without shelter","At least 221 households comprising 1,125 people have been displaced flooding in Nzara County of Western Equatoria following days of heavy downpours. Nzara commissioner Lino Kovo Fataki stated that the flashfloods have caused local rivers in Nzara and Yubu to burst their banks and swipe across villages. Commissioner Fataki said thousands are stranded without shelter as the floods make the road linking Nzara and Yambio impassable.",221,1125,displaced,county named in same sentence,"At least 221 households comprising 1,125 people have been displaced flooding in Nzara County of Western Equatoria following days of heavy downpours.","1,125 ind (reported); 221 HH (displaced); 1,125 ind (displaced); 221 HH (reported)",Yambio,Eye Radio,https://eyeradio.org/nzara-floods-leave-1125-people-without-shelter/,title,
Lakes,Rumbek East,2024,9,Sep,2024-09-08,Flood,In Pictures: Floods wreck havoc across South Sudan,"As the UN humanitarian agency said more than 710,000 people have been affected by the foreseen flashfloods across 30 counties as of September 5, we publish some pictures telling of the disastrous events currently unfolding in different parts of the country. Photo taken on August 2024 shows locals in Ayod County, Jonglei State scrambling to drain a flooded area with their bare hands as dyke was washed away due to the torrential rainfall and rising Nile water level. Undated...",200,3000000,affected,wider / not specified,"An international aid group warned earlier that more than 3 million people will be impacted by a major flood event in South Sudan in the second half of 2024, many of whom will need humanitarian assistance. | UNHCR staff distribute blankets, mosquito nets and other essentials to over 200 families in Old Fangak, which is one of the most flood-affected counties across South Sudan this year.","710,000 ind (affected); 1,000 ind (displaced); 3,000,000 ind (affected); 15,000 ind (displaced); 200 HH (affected)",Rumbek Centre; Fangak; Ayod,Eye Radio,https://eyeradio.org/in-pictures-floods-wreck-havoc-across-south-sudan/,body,
Warrap,Gogrial West,2024,9,Sep,2024-09-07,Flood,"NBGs procures subsidized food as inflation, floods drive people over the edge","The governor’s office added that some of the food supplies will be distributed free of charge to those severely affected by the ongoing torrential floods in the state, helping to alleviate hunger among flood victims.",,,,,,,,Eye Radio,https://eyeradio.org/nbgs-procures-subsidized-food-as-inflation-floods-drive-people-over-the-edge/,body,
Lakes,Rumbek East,2024,9,Sep,2024-09-07,Flood,Rumbek East commissioner flees headquarters submerged by floods,"Rumbek East County Commissioner in Lakes State said days of heavy rain this week triggered flooding that submerged his headquarters and forced hundreds of people out of their homes in the area. Mangar Machol said the event started on Thursday when a drastic increase in water level of the local Nam river caused it to overflow its banks and submerge settlements, displacing an unspecified number of households to higher grounds. “The flood came with high force.",,,,,,,Rumbek Centre,Eye Radio,https://eyeradio.org/rumbek-east-commissioner-flees-headquarters-submerged-by-floods/,title,
Upper Nile,Maiwut,2024,9,Sep,2024-09-06,Flood,"710,000 affected by floods in South Sudan: OCHA","More than 710,000 people have been affected by flooding across 30 counties in South Sudan as well as the Abyei Administrative Area as of September 5 with Jonglei, Unity and Warrap the most affected, the UN humanitarian agency said. UN Office for Coordination of Humanitarian Affairs (OCHA) said seasonal flooding has worsened an already critical humanitarian situation marked by severe hunger, prevailing conflicts, disease outbreaks and the displacement crisis of the Sudan...",,24000,affected,county named in same sentence,"In Upper Nile State, an assessment in Maiwut Centre, Pagak, and Jekow payams of Maiwut County identified about 24,000 people affected by the floods.","710,000 ind (affected); 15,000 ind (displaced); 24,000 ind (affected); 198,000 ind (displaced); 70,000 ind (affected); 18,000 ind (affected); 8,500 ind (displaced)",Wau; Aweil Centre,Eye Radio,https://eyeradio.org/710000-affected-by-floods-in-south-sudan-ocha/,body,
Jonglei,Fangak,2024,9,Sep,2024-09-05,Flood,South Sudan: Flooding Situation Flash Update No. 2 (As of 5 September 2024),"- As of September 5, flooding has affected more than 710,000 people across 30 of 78 counties in South Sudan and the Abyei Administrative Area (AAA). - Floods have caused extensive damage to homes, crops and critical infrastructure, disrupting education and health services and increasing the risk of disease outbreaks. - From 2 to September 3, a high-level consultation meeting was held on implementing the 2024 flood preparedness and response plan in Juba.",,15000,displaced,county named in same sentence,"As of September 3, floods have displaced over 15,000 people in Fangak County.","710,000 ind (affected); 710,000 ind (affected); 15,000 ind (displaced); 3,500 ind (affected); 24,000 ind (affected); 198,000 ind (displaced); 70,000 ind (affected); 18,000 ind (affected)",Maiwut; Wau; Aweil Centre,ReliefWeb (UN Office for the Coordination of Humanitarian Affairs),https://reliefweb.int/report/south-sudan/south-sudan-flooding-situation-flash-update-no-2-5-september-2024,body,
Upper Nile,Malakal,2024,9,Sep,2024-09-05,Flood,"Hydromet stations indicate high risk of flooding in Jonglei, Upper Nile","The Hydrological and Survey Department of the Ministry of Water Resources has forecasted elevated levels of the Nile water and high risk of flooding in the areas of Jonglei and Upper Nile states. The monitoring stations show high risk for flooding in Mangala, Bor, and Malakal, while the flooding situation is normal in Wau and on alert in Juba and most parts of Lakes state. Meanwhile, the Minister of Water Resources and Irrigation and the UK Ambassador to South Sudan met...",,,,,,,Wau,Eye Radio,https://eyeradio.org/hydromet-stations-indicate-high-risk-of-flooding-in-jonglei-upper-nile/,body,
Eastern Equatoria,Magwi,2024,9,Sep,2024-09-05,Heavy rainfall,Boy killed by lightning strike in Magwi,"The incident happened when the children were playing outside at the onset of a powerful storm before a heavy downpour. “It happened around 3pm, when the heavy rain came. Before the heavy rain, it started with thunder,” he narrated in an interview with Eye Radio.",,,,,,,Torit,Eye Radio,https://eyeradio.org/boy-killed-by-lightning-strike-in-magwi/,title,
Upper Nile,Malakal,2024,9,Sep,2024-09-03,Flood,Caritas Malakal launches floating vegetable gardens for flood-prone areas,"Caritas Malakal Catholic Diocese has launched a floating vegetable garden project to offer a sustainable agricultural solution for flood-prone areas in the Greater Upper Nile. The floating garden concept, first developed in Panyikang County in 2020, gained momentum in 2022 after severe floods damaged traditional crops. Kwajkwan emphasized that with the increasing impact of climate change, particularly floods, it is crucial to explore innovative agricultural solutions.",,,,,,,,Eye Radio,https://eyeradio.org/caritas-malakal-launches-floating-vegetable-gardens-for-flood-prone-areas/,title,
Jonglei,Pochalla,2024,9,Sep,2024-09-02,Flood,South Sudan: Tearfund takes to radio airwaves to tackle risks of rising flood water,"- Health workers wading waist deep through floods to reach malnourished children - Tearfund scales up nutrition centre support in response to floods in South Sudan International relief and development agency Tearfund is scaling up support and issuing flood warnings to communities in Pochalla, in South Sudan.",,1000000,displaced,wider / not specified,"Although seasonal flooding is expected from August to October, recent years have brought abnormally high floodwaters to vast areas of South Sudan, displacing almost 1 million people every year.","1,000,000 ind (displaced); 2,700,000 ind (reported); 3,000 ind (reported)",,ReliefWeb (Tearfund),https://reliefweb.int/report/south-sudan/south-sudan-tearfund-takes-radio-airwaves-tackle-risks-rising-flood-water,body,
Unity,,2024,8,Aug,2024-08-30,Flood,South Sudan: Flooding Snapshot (As of 30 August 2024),people most likely to be affected by floods (flood plan 2024) people affected by flooding counties affected by floods,,472000,affected,wider / not specified,"Continuous heavy rains since May, combined with controlled water releases from Lake Victoria, have significantly raised Nile River levels, affecting up to 472,000 people across 26 of South Sudan's 78 counties and Abyei Administrative Area.","472,000 ind (affected)",,ReliefWeb (UN Office for the Coordination of Humanitarian Affairs),https://reliefweb.int/report/south-sudan/south-sudan-flooding-snapshot-30-august-2024,state only,
Jonglei,Bor South,2024,8,Aug,2024-08-30,Flood,Rising Above the Floods: Transforming Education in South Sudan with Flood-Resistant Classrooms,"**JUBA** - The Global Partnership for Education (GPE)-funded Flood Response under the Multi-Year Resilience Programme for South Sudan, implemented by Save the Children and partners, is supporting schools in flood-affected areas by constructing flood-resilient classrooms, strengthening resilience among school communities through early warning systems, preparedness, and response planning. This initiative ensures that children do not miss classes during the flood season. As a...",,215000,affected,wider / not specified,"The South Sudan Education Cluster reported that 895 schools (partially or completely) were destroyed by floods in 2022, directly impacting 215,000 children.","600 ind (reported); 215 ind (reported); 215,000 ind (affected)",Mayom; Rumbek Centre; Pibor,ReliefWeb (Save the Children),https://reliefweb.int/report/south-sudan/rising-above-floods-transforming-education-south-sudan-flood-resistant-classrooms,body,
Western Equatoria,Yambio,2024,8,Aug,2024-08-30,Flood,"472,000 people reel from floods nationwide-OCHA","The United Nations Office of Humanitarian Affairs says the continuous heavy rains since May, couple with controlled water releases from Uganda has affected 472,000 people nationwide. OCHA says with predictions of above-average rainfall and record-level floods from June to September, South Sudan faces severe flooding. “The affected regions, including Northern Bahr el Ghazal, Warrap, Western Bahr el Ghazal, Jonglei, Unity, Upper Nile, and Central Equatoria, are already...",,860000,reported,county named in same sentence,"“Over 66.7 metric tons of emergency health kits, including cholera kits and essential nutrition supplies, have been strategically pre-positioned in Yambio, Rumbek, Wau, Kuajok, Bentiu, and Aweil, ensuring life-saving support for nearly 860,000 people,” it said.","472,000 ind (reported); 472,000 ind (affected); 860,000 ind (reported); 3,300,000 ind (reported)",Wau,Eye Radio,https://eyeradio.org/472000-people-reel-from-flood-nationwide-ocha/,body,https://reliefweb.int/report/south-sudan/south-sudan-flooding-situation-flash-update-no-1-29-august-2024
Central Equatoria,Juba,2024,8,Aug,2024-08-30,Flood,Northern Bahr el Ghazal raises SSP 200m for flood victims,"The Government of Northern Bahr el Ghazal has allocated 200 million South Sudanese Pounds to procure food for populations affected by recent floods in the state. “We can respond to this flood disaster in Northern Bahr el Ghazal State,” he added.",,,,,,,,Eye Radio,https://eyeradio.org/northern-bahr-el-ghazal-raises-ssp-200m-for-flood-victims/,body,
Western Equatoria,Yambio,2024,8,Aug,2024-08-29,Flood,South Sudan: Flooding Situation Flash Update No. 1 (As of 29 August 2024),"- South Sudan faces severe flooding, with predictions of above-average rainfall and record-level floods from June to September. - Continuous heavy rains since May, combined with controlled water releases from Lake Victoria, have significantly raised Nile River levels, affecting up to 472,000 people nationwide. - Humanitarian partners are rapidly responding to the immediate needs of flood-affected populations with life-saving assistance.",,860000,reported,county named in same sentence,"- Over 66.7 metric tons of emergency health kits, including cholera kits and essential nutrition supplies, have been strategically pre-positioned in Yambio, Rumbek, Wau, Kuajok, Bentiu, and Aweil, ensuring life-saving support for nearly 860,000 people.","472,000 ind (affected); 860,000 ind (reported); 472,000 ind (affected); 3,300,000 ind (displaced); 1,000,000 ind (displaced)",Wau,ReliefWeb (UN Office for the Coordination of Humanitarian Affairs),https://reliefweb.int/report/south-sudan/south-sudan-flooding-situation-flash-update-no-1-29-august-2024,body,
Unity,,2024,8,Aug,2024-08-29,Flood,DTM South Sudan: Event Tracking Report (Flood Displacements) #60 (1 - 15 Aug 2024),Key informant interviews revealed that many of these displacements were primarily due to disasters associated with flooding.,,4121,displaced,state named in same sentence,"Additionally, Northern Bahr el Ghazal state saw the displacements of 4,121 individuals, while Unity state recorded 402 displaced persons.","35,427 ind (displaced); 30,904 ind (displaced); 4,121 ind (displaced); 402 ind (displaced)",,ReliefWeb (International Organization for Migration),https://reliefweb.int/report/south-sudan/dtm-south-sudan-event-tracking-report-flood-displacements-60-1-15-aug-2024,state only,
Unity,,2024,8,Aug,2024-08-29,Flood,Life-saving Irish and EU aid effort in flood-hit South Sudan,"Thousands of children in flood-stricken South Sudan are receiving life-saving healthcare provided by Concern Worldwide and funded by the European Union. The focus of their relief work was to provide urgent health care in remote areas of Unity State in the north of the country, which is about the size of Munster and largely under water due to severe flooding with many communities isolated. “These areas have also been hit by huge floods which have left large areas under water...",,7100000,in need,wider / not specified,"Concern, using funds from the EU, worked to treat malnourished and ill children in the East African nation where 7.1 million people (56 per cent of the population) have experienced severe acute food insecurity.","7,100,000 ind (in need); 30,000 ind (reported); 8,000 ind (reported); 2,500 ind (reported)",,ReliefWeb (Concern Worldwide),https://reliefweb.int/report/south-sudan/life-saving-irish-and-eu-aid-effort-flood-hit-south-sudan,state only,
Western Bahr el Ghazal,,2024,8,Aug,2024-08-28,Flood,South Sudan - Flood Population Exposure: State of Western Bahr el Ghazal (19/08/2024),,,,,,,,,ReliefWeb (Médecins Sans Frontières GIS Centre),https://reliefweb.int/map/south-sudan/south-sudan-flood-population-exposure-state-western-bahr-el-ghazal-19082024,state only,
Northern Bahr el Ghazal,,2024,8,Aug,2024-08-28,Flood,South Sudan - Flood Population Exposure: State of Northern Bahr el Ghazal (19/08/2024),,,,,,,,,ReliefWeb (Médecins Sans Frontières GIS Centre),https://reliefweb.int/map/south-sudan/south-sudan-flood-population-exposure-state-northern-bahr-el-ghazal-19082024,state only,
Jonglei,Fangak,2024,8,Aug,2024-08-28,Flood,MP pleads for support as flood wrecks Fangak,"Over 6000 people have been displaced after floods swept through the country on Tuesday, a state lawmaker from Fangak County of Jonglei state. Photos sent to Eye Radio newsroom showed locals mainly women, children and the elderly the sitting on floating mats as their homes are submerged in the flood water. “Decision has been made by the local population and the authorities to get these people out of that submerged area.",812,6000,displaced,county named in same sentence,"Over 6000 people have been displaced after floods swept through the country on Tuesday, a state lawmaker from Fangak County of Jonglei state. | “The population is about 6500 people in the area and approximately 812 households.","6,000 ind (displaced); 812 HH (reported); 6,500 ind (reported)",,Eye Radio,https://eyeradio.org/mp-pleads-for-support-as-flood-wrecks-fangak/,title,
Jonglei,Ayod,2024,8,Aug,2024-08-26,Flood,Flood devastates Jonglei State’s Ayod County,"Authorities in Ayod County of Jonglei state have decried dire humanitarian situation in area where more than 2000 households are said to have been affected by the flood. Moses Gatkuoth Deng who is a representative of Ayod Flood Taskforce Committee said this year’s flooding which started since July has submerged most parts of the area. Gatkuoth added that the collapse of Thokwaath Jiech dykes has exacerbated the flood in the area the Island areas including Pakuem, Haat, Wan,...",,3000000,affected,wider / not specified,"In late June, an independent data provider warned that more than 3 million people would be impacted by a major flood event in South Sudan in the second half of 2024, many of whom will need humanitarian assistance.","3,000,000 ind (affected)",,Eye Radio,https://eyeradio.org/flood-devastates-jonglei-states-ayod-county/,title,
Central Equatoria,Terekeka,2024,8,Aug,2024-08-24,Flood,Three schools submerged as Terekeka gets flooded,"Terekeka County commissioner has said at least three primary schools have been closed and thousands affected by intensifying flood in the area. George Wani says flood has swept across six Payams in the area with women, children and the elderly being the most affected. He said the three affected private primary schools are in Nyori and Muni payams with several farm lands destroyed and 26 livestock killed in the flooding.",,3000000,affected,wider / not specified,"In late June, an independent data provider warned that more than 3 million people would be impacted by a major flood event in South Sudan in the second half of 2024, many of whom will need humanitarian assistance.","3,000,000 ind (affected)",,Eye Radio,https://eyeradio.org/three-schools-submerged-as-terekeka-gets-flooded/,title,
,,2024,8,Aug,2024-08-23,Flood,New cholera outbreak threatening refugees and displaced communities amid ongoing war and flooding in Sudan [EN/AR],"The recent cholera outbreak has resurged after several weeks of heavy rainfall and resulting flooding. Violence, insecurity and persistent rainfall are hampering the transportation of humanitarian aid.",,10300000,reported,wider / not specified,"Since the start of the conflict in Sudan, over [10.3 million people have been driven from their homes](https://data.unhcr.org/en/situations/sudansituation), sheltering elsewhere within Sudan or in neighbouring countries.","10,300,000 ind (reported)",,ReliefWeb (UN High Commissioner for Refugees),https://reliefweb.int/report/sudan/new-cholera-outbreak-threatening-refugees-and-displaced-communities-amid-ongoing-war-and-flooding-sudan-enar,not found,
,,2024,8,Aug,2024-08-23,Flood,Govt hasn’t yet released $76million flood budget -Minister Albino,"Humanitarian and Disaster Management Minister says the over 70-million-US-dollar budget that the cabinet approved last month for emergency floods preparedness and response across the country has not been released. The cabinet approved the budget after Minister Albino Akol Atak presented a memo, forecasting flooding in different parts of the country. According to Atak, the ministry is in the process of receiving the approved budget meant for flood early warning, mitigation...",,,,,,,,Eye Radio,https://eyeradio.org/govt-hasnt-yet-released-76million-flood-budget-minister-albino/,not found,
Northern Bahr el Ghazal,Aweil Centre,2024,8,Aug,2024-08-22,Heavy rainfall,"Heavy rains submerge Aweil, reports Northern Bahr el Ghazal","The Minister of Information for Northern Bahr el Ghazal reports that heavy rains over the past two days have submerged much of the state capital, Aweil. Garang Zakaria said the heavy downpour – which started on Tuesday – left thousands of people homeless with flooding worsening due to river overflow. He added that more than 600,000 people are expected to be affected by the floods.",,600000,affected,state named in same sentence,"“We are expecting about 600,000 people to be affected by flooding this year 2024, which will include schools and health facilities will also be affected because most of our area falls in the land, and much of this population is along the lowland areas in Northern Bahr el Ghazal.”","600,000 ind (affected); 600,000 ind (affected)",,Eye Radio,https://eyeradio.org/heavy-rains-submerge-aweil-reports-northern-bahr-el-ghazal/,title,
Unity,Rubkona,2024,8,Aug,2024-08-22,Flood,"German-funded livelihoods project ends after 5-year, benefiting 36,000 in Rubkona","The project started in 2019, but with the 2021 floods that affected Unity State much of the progress the population had made in re-building their livelihoods, improving food production and rehabilitating infrastructure faced severe setbacks. In a statement to Eye Radio, the project has significantly improved food security and livelihoods for 36,000 people in Greater Rubkona, Unity State, despite setbacks from the 2021 floods. More than 90% of project areas were submerged,...",4000,36000,reported,county named in same sentence,"A five-year livelihoods project has successfully concluded in Rubkona County, Unity State, benefiting 36,000 people, thanks to the support of the German government. | An overwhelming 98% of the 4,000 households involved in the project reported at least a 15% increase in crop yields and, on average, families now rely on an additional two months of food security.","36,000 ind (reported); 36,000 ind (reported); 36,000 ind (reported); 450 ind (reported); 450 ind (reported); 4,000 HH (reported)",,Eye Radio,https://eyeradio.org/german-funded-livelihoods-project-ends-after-5-year-benefiting-36000-in-rubkona/,title,
,,2024,8,Aug,2024-08-22,Flood,UK Minister wraps up South Sudan visit with heartbreaking accounts,"Minister Dodds underlined the UK’s longstanding support to the people of South Sudan and announced a package of £74 million to support the most vulnerable across South Sudan who are facing the devastating effects of a protracted humanitarian crisis, flooding and regional conflict. The Minister for Development announced the UK aid package during her visit to Bentiu IDP camp, South Sudan’s largest internally displaced persons’ camp, which is home to 100,000 people fleeing...",,100000,displaced,wider / not specified,"The Minister for Development announced the UK aid package during her visit to Bentiu IDP camp, South Sudan’s largest internally displaced persons’ camp, which is home to 100,000 people fleeing conflict and flooding.","100,000 ind (displaced); 100,000 ind (displaced); 780,000 ind (reported)",,Eye Radio,https://eyeradio.org/uk-minister-wraps-up-south-sudan-visit-with-heartbreaking-accounts/,not found,
,,2024,8,Aug,2024-08-21,Heavy rainfall,IGAD predicts heavy rainfall in northern South Sudan till next week,"The IGAD Climate Prediction and Application Center has estimated heavy rainfall over parts of northern South Sudan until Wednesday next week. In its weekly weather projection from August 21 to 28, ICPAC predicted similar heavy rainfall over southern Sudan, northern Ethiopia and western Eritrea. Moderate rainfall is also expected over northern Uganda, western Kenya, southern Somalia and most parts of South Sudan, Eritrea, western Ethiopia, and southern Sudan.",,,,,,,,Eye Radio,https://eyeradio.org/igad-predicts-heavy-rainfall-in-northern-south-sudan-till-next-week/,not found,
Jonglei,Twic East,2024,8,Aug,2024-08-21,Flood,Twic East flash flood devastates homes and livelihoods – Official reports,"Displaced residents in Panyagor of Twic East County urgently need humanitarian aid after a flash flood submerged the area, destroying homes and livelihoods, according to the commissioner. Commissioner Juach Arok informed Eye Radio that the recent overflow of the Nile River has severely impacted the area, partially destroying a crucial dyke constructed by the World Food Program and causing widespread damage. He highlighted a critical shortage of medicines to address...",,,,,,,,Eye Radio,https://eyeradio.org/twic-east-flash-flood-devastates-homes-and-livelihoods-official-reports/,title,
Jonglei,Pochalla,2024,8,Aug,2024-08-21,Flood,Urgent appeal for support as floods devastate Pochalla South County,"Authorities in the Greater Pibor Administrative Area (GPAA) have issued a dire call for assistance following severe flooding in Pochalla South County. According to Okuira Oleo, the Minister of Information in GPAA, approximately 3,000 people across three payams—Pochalla, Kilo, and Akunyongom—are in urgent need of support after their homes and livelihoods were devastated by the flood. The flooding has severely impacted over 500 households, destroying crops and livestock,...",500,3000,reported,county named in same sentence,"According to Okuira Oleo, the Minister of Information in GPAA, approximately 3,000 people across three payams—Pochalla, Kilo, and Akunyongom—are in urgent need of support after their homes and livelihoods were devastated by the flood. | The flooding has severely impacted over 500 households, destroying crops and livestock, leaving the affected population without essential resources.","3,000 ind (reported); 500 HH (affected); 500 HH (affected); 3,000 ind (affected)",Pibor,Eye Radio,https://eyeradio.org/urgent-appeal-for-support-as-floods-devastate-pochalla-south-county/,title,
Upper Nile,Renk,2024,8,Aug,2024-08-20,Flood,UNMISS force commander warns of “cocktail” of challenges amidst refugee crisis and severe flooding threat in Renk,"That preparation must now include a new threat of extraordinary flooding. “If the rains pick up, then the condition of people in the transit center, refugee camp and other displacement sites will become far worse,” says the Force Commander.",,780000,displaced,county named in same sentence,"More than 780,000 people have fled the fighting that erupted in Sudan in April 2023, crossing the southern border into Renk where many have sought sanctuary while others are gradually being relocated to join family in other parts of the country.","780,000 ind (displaced)",,ReliefWeb (UN Mission in South Sudan),https://reliefweb.int/report/south-sudan/unmiss-force-commander-warns-cocktail-challenges-amidst-refugee-crisis-and-severe-flooding-threat-renk,title,
,,2024,8,Aug,2024-08-20,Flood,Alert: Lowland communities urged to relocate as Nile fills to brim,"The government is calling on communities living along the banks of the River Nile and its tributaries to move to higher grounds as the river has reached what it terms as flood levels. According to the Ministry of Water Resources, the flooding situation in the country is likely to worsen due to high water levels of the rivers and expected heavy rainfall between September and October. The Ministry says it has recorded above-normal water increase levels in the country’s 13...",,,,,,,,Eye Radio,https://eyeradio.org/alert-lowland-communities-urged-to-relocate-as-nile-fills-to-brim/,not found,
Jonglei,,2024,8,Aug,2024-08-19,Flood,South Sudan - Flood Population Exposure: State of Jonglei (19/08/2024),,,,,,,,,ReliefWeb (Médecins Sans Frontières GIS Centre),https://reliefweb.int/map/south-sudan/south-sudan-flood-population-exposure-state-jonglei-19082024,state only,
Upper Nile,,2024,8,Aug,2024-08-19,Flood,South Sudan - Flood Population Exposure: State of Upper Nile (19/08/2024),,,,,,,,,ReliefWeb (Médecins Sans Frontières GIS Centre),https://reliefweb.int/map/south-sudan/south-sudan-flood-population-exposure-state-upper-nile-19082024,state only,
Western Equatoria,,2024,8,Aug,2024-08-19,Flood,South Sudan - Flood Population Exposure: State of Western Equatoria (19/08/2024),,,,,,,,,ReliefWeb (Médecins Sans Frontières GIS Centre),https://reliefweb.int/map/south-sudan/south-sudan-flood-population-exposure-state-western-equatoria-19082024,state only,
,,2024,8,Aug,2024-08-19,Flood,South Sudan - Flood Population Exposure: State of Eastern-Equatoria (19/08/2024),,,,,,,,,ReliefWeb (Médecins Sans Frontières GIS Centre),https://reliefweb.int/map/south-sudan/south-sudan-flood-population-exposure-state-eastern-equatoria-19082024,not found,
,,2024,8,Aug,2024-08-19,Flood,South Sudan - Flood Population Exposure: State of Central-Equatoria (19/08/2024),,,,,,,,,ReliefWeb (Médecins Sans Frontières GIS Centre),https://reliefweb.int/map/south-sudan/south-sudan-flood-population-exposure-state-central-equatoria-19082024,not found,
Unity,,2024,8,Aug,2024-08-19,Flood,South Sudan - Flood Population Exposure: State of Unity (19/08/2024),,,,,,,,,ReliefWeb (Médecins Sans Frontières GIS Centre),https://reliefweb.int/map/south-sudan/south-sudan-flood-population-exposure-state-unity-19082024,state only,
Warrap,,2024,8,Aug,2024-08-19,Flood,South Sudan - Flood Population Exposure: State of Warrap (19/08/2024),,,,,,,,,ReliefWeb (Médecins Sans Frontières GIS Centre),https://reliefweb.int/map/south-sudan/south-sudan-flood-population-exposure-state-warrap-19082024,state only,
Lakes,,2024,8,Aug,2024-08-19,Flood,South Sudan - Flood Population Exposure: State of Lakes (19/08/2024),,,,,,,,,ReliefWeb (Médecins Sans Frontières GIS Centre),https://reliefweb.int/map/south-sudan/south-sudan-flood-population-exposure-state-lakes-19082024,state only,
Upper Nile,Renk,2024,8,Aug,2024-08-17,Flood,"Flash flood wrecks havoc in Renk town, displaces thousands","At least eleven residential areas in Renk town, Upper Nile State have been submerged in flash flood, forcing 11,711 families out of their homes. Ayouk Jual who is the commissioner of Renk County told Eye Radio flash flood swept through Renk town on Friday “Yesterday, 16 August, 2024, floods swept through a number of neighborhoods in the city of Renk, especially the Southern neighborhoods of the city adjacent to the creek.",11711,4638,affected,county named in same sentence,"” We visited the area and assessed the situation and counted the affected families, which are 11,711 families and 4,638 affected individuals,” he added. | At least eleven residential areas in Renk town, Upper Nile State have been submerged in flash flood, forcing 11,711 families out of their homes.","11,711 HH (reported); 11,711 HH (affected); 4,638 ind (affected)",,Eye Radio,https://eyeradio.org/flash-flood-wrecks-havoc-in-renk-town-displaces-thousands/,title,
,,2024,8,Aug,2024-08-15,Flood,Japan donates rice worth $3.2million to S. Sudan,"“The humanitarian situation remains dire and continues to deteriorate due to growing food insecurity and the influx of refugees and returnees from Sudan, whose numbers now exceed 750,000 and is expected to worsen due to floods that are expected to affect up to 3.3 million people throughout the Country, including 1.8 million children,” he said. WFP Country Director of WFP, Mary Ellen McGroart said the donation will assist 62 thousand people especially those displaced by the...",,3300000,affected,wider / not specified,"“The humanitarian situation remains dire and continues to deteriorate due to growing food insecurity and the influx of refugees and returnees from Sudan, whose numbers now exceed 750,000 and is expected to worsen due to floods that are expected to affect up to 3.3 million people throughout the Country, including 1.8 million children,” he said.","3,300,000 ind (affected); 1,800,000 ind (affected); 62,000 ind (displaced); 62,000 ind (reported); 37,000 ind (displaced); 25,000 ind (reported); 25,000 ind (reported)",,Eye Radio,https://eyeradio.org/japan-donates-rice-worth-3-2million-to-s-sudan/,not found,
,,2024,8,Aug,2024-08-13,Flood,"South Sudan: Humanitarian Situation Monitoring - Prospective areas of destination in the event of flooding, June - July 2024","**If your settlement were to be affected by flooding in the coming months, which areas would people move to?** In June, REACH added several flood-related indicators to it’s HSM-AoK tool in response to a major flood warning issued by the Government of South Sudan, to understand awareness, movement intentions, and changing flood extent.",,,,,,,,ReliefWeb (REACH Initiative),https://reliefweb.int/report/south-sudan/south-sudan-humanitarian-situation-monitoring-prospective-areas-destination-event-flooding-june-july-2024,not found,
Central Equatoria,Juba,2024,8,Aug,2024-08-13,Flood,"Uganda cuts Nile water flow, says Juba","The Ministry of Water Resources and Irrigation says South Sudan still anticipates flooding despite a significant reduction in the amount of water released in Uganda. The Ministry however said it is analyzing the rainfall patterns of South Sudan for the year 2024 and will compare data generated from its newly established early warning system with ICAP’s regional forecast. Despite the decrease, the Ministry of Water Resources said: “The Nile River measures of the water level...",,,,,,,,Eye Radio,https://eyeradio.org/uganda-cuts-nile-water-flow-says-juba/,title,
Central Equatoria,Juba,2024,8,Aug,2024-08-10,Flood,Poor drainage puts Juba airport at risk of flooding: Atak,"The Minister of Humanitarian Affairs and Disaster Management warned that Juba International Airport is at risk of flooding, adding that parts of the runway is submerged due to lack of drainage system amid fears of rising levels of Nile water. Albino Akol Atak said the situation poses a significant threat to air traffic system as the western section of the airport has already been submerged in rainwater from residential areas. “We visited the airport, and it is also under...",,,,,,,,Eye Radio,https://eyeradio.org/poor-drainage-puts-juba-airport-at-risk-of-flooding-atak/,title,
,,2024,8,Aug,2024-08-08,Flood,DTM South Sudan: Event Tracking Report (Flood Displacements) #58 (16-31 July 2024),Key informants have indicated that these displacements were primarily caused by flood-related disasters.,,3180,displaced,wider / not specified,"Between 16th and 31st July 2024, a series of events led to the displacement of 3,180 individuals across Aweil West (2,190 individuals), Jur River (522 individuals), and Panyijar counties (468 individuals).","3,180 ind (displaced); 2,190 ind (displaced); 522 ind (displaced); 468 ind (displaced)",,ReliefWeb (International Organization for Migration),https://reliefweb.int/report/south-sudan/dtm-south-sudan-event-tracking-report-flood-displacements-58-16-31-july-2024,not found,
Western Equatoria,Mundri East,2024,8,Aug,2024-08-06,Flood,Flash flood cut off access via Mundri East bridge,"Several villages have been disconnected as flash flood has submerged a lifeline bridge in Mundri East County. “We have a bridge called Gorede is flooded, and right now nobody is able to move.” Margret Fozia testifies that an ambulance transporting a sick person from the surrounding areas to county hospital had to turn back due to the flood.",,,,,,,,Eye Radio,https://eyeradio.org/130295-2/,title,
Jonglei,Pibor,2024,8,Aug,2024-08-05,Flood,"Govt, humanitarian agencies makes flood assessment visit to Pibor","A delegation of government and humanitarian agencies comprising two national ministers arrived in the Greater Pibor Administrative Area on Monday to assess the area ahead of an anticipated flooding. Pibor Information Minister Oleyo Akuer said the visiting delegation will discuss ways to mitigate the looming floods that were forecasted to wreck havoc in many parts of the country. The assessment visit was announced on 26th July by Humanitarian Minister Albino Atak, flanked by...",,,,,,,,Eye Radio,https://eyeradio.org/govt-humanitarian-agencies-makes-flood-assessment-visit-to-pibor/,title,
Jonglei,Bor South,2024,8,Aug,2024-08-02,Flood,South Sudan Key Message Update: Worsening economic conditions amid impending flooding drive widespread Emergency (IPC Phase 4) (July 2024),"- Despite below-average performance of the first season rains, harvesting and consumption of green maize and groundnut are ongoing in Greater Equatoria bimodal rainfall areas, reducing food consumption gaps for most farming households. In Ikotos County of Eastern Equatoria, prolonged dry spells and the recent suspected volcanic activity in Isuhak boma have destroyed crops and forced unspecified number of households to migrate to Kenya and Uganda. Given the poor spatial and...",,30000,displaced,wider / not specified,"In Greater Upper Nile, armed violence reignited and rapidly intensified in Nasir Town on July 3, displacing at least 30,000 civilians and causing the suspension of humanitarian movements along the Sobat River, which affected distributions in Ulang and Nasir.","30,000 ind (displaced); 770,000 ind (reported)",Torit; Pibor; Rubkona; Juba; Duk; Aweil Centre; Aweil East,ReliefWeb (Famine Early Warning System Network),https://reliefweb.int/report/south-sudan/south-sudan-key-message-update-worsening-economic-conditions-amid-impending-flooding-drive-widespread-emergency-ipc-phase-4-july-2024,body,
Warrap,Gogrial East,2024,8,Aug,2024-08-02,Flood,Warrap records 21 snake bites with 2 deaths amid flooding,"Warrap State government has recorded 21 people bitten by snakes two of whom have died in Tonj North County following flooding caused by torrential rains in the area. According to the state Flood Assessment Team appointed by Governor Kuol Muor Muor, 9,000 households have been affected in 9 payams of Tonj North County alone, with farms and pasturelands submerged underwater. Warrap Information Minister William Wol Mayom said the flood situation induced increasing cases of...",10000,21,reported,county named in same sentence,"Warrap State government has recorded 21 people bitten by snakes two of whom have died in Tonj North County following flooding caused by torrential rains in the area. | On the other hand, in Gogrial East County, over 10,000 households were affected in 10 payams where 36 school infrastructures including 4 secondary schools partially functioning.","21 ind (reported); 9,000 HH (affected); 10,000 HH (affected)",Tonj North; Mayom,Eye Radio,https://eyeradio.org/warrap-records-21-snake-bites-with-2-deaths-amid-flooding/,body,
Unity,Leer,2024,8,Aug,2024-08-01,Flood,Severe floods continue to displace residents in southern Unity State – witness,"Severe floods continue to displace residents in the southern part of Unity State, particularly in Leer and Mayendit counties, according to eyewitnesses. Last month, the Leer County Relief and Rehabilitation Commission reported that 1,300 people had been displaced by the flooding. Journalist Chuol Jany who visited the submerged areas says about 1,500 households were displaced by the floods in Leer County alone.",1500,1300,displaced,county named in same sentence,"Last month, the Leer County Relief and Rehabilitation Commission reported that 1,300 people had been displaced by the flooding. | Journalist Chuol Jany who visited the submerged areas says about 1,500 households were displaced by the floods in Leer County alone.","1,300 ind (displaced); 1,500 HH (displaced); 1,500 HH (displaced)",Mayendit,Eye Radio,https://eyeradio.org/severe-floods-continue-to-displace-residents-in-southern-unity-state-witness/,body,
Eastern Equatoria,Budi,2024,8,Aug,2024-08-01,Drought,Residents of hunger-hit Budi call for aid intervention,"Residents of Budi County in Eastern Equatoria State are calling for humanitarian intervention from the government and aid agencies to rescue them from dire hunger caused by dry spell. Mario Konyen Nakuwa, a resident of Chukudum says the area hasn’t received favorable rainfall to support farming since the beginning of the season. He said in an interview with Eye Radio that the local communities have resorted to harvesting pre-mature grains for survival.",,,,,,,,Eye Radio,https://eyeradio.org/residents-of-hunger-hit-budi-call-for-aid-intervention/,title,
,,2024,7,Jul,2024-07-31,Heavy rainfall,"East Africa Seasonal Monitor: Heavy rainfall in the northern sector displaces thousands (July 31, 2024)","- In July, extremely heavy rainfall in the northern sector has resulted in flooding in Ethiopia and Sudan that displaced more than 30,000 people. - In South Sudan, inundated areas continue to expand within the Sudd wetlands in July as the rainy season progresses and river levels remain high. - The bimodal areas of East Africa, particularly over the eastern sector of the region, saw a mixed end of the March–May season following poor rainfall distribution.",,30000,displaced,wider / not specified,"- In July, extremely heavy rainfall in the northern sector has resulted in flooding in Ethiopia and Sudan that displaced more than 30,000 people.","30,000 ind (displaced); 160 ind (displaced); 16,000 ind (displaced); 14,000 ind (displaced)",,ReliefWeb (Famine Early Warning System Network),https://reliefweb.int/report/sudan/east-africa-seasonal-monitor-heavy-rainfall-northern-sector-displaces-thousands-july-31-2024,not found,
Unity,Guit,2024,7,Jul,2024-07-29,Flood,"Situation Overview: Flood Resilience - Guit County, Unity State, South Sudan (August 2023)","- Guit County has suffered from large-scale protracted flooding since the extended flooding events of 2021. Flood water eroded traditional livelihoods activities, mainly cultivation and cattle rearing. - Assessment findings suggest that access to basic services, in particular health and nutrition facilities, was restricted by the flooding.",,,,,,,,ReliefWeb (REACH Initiative),https://reliefweb.int/report/south-sudan/situation-overview-flood-resilience-guit-county-unity-state-south-sudan-august-2023,title,
,,2024,7,Jul,2024-07-29,Flood,Libyan officials jailed over 2023 catastrophic floods,"In the days after the floods, residents told BBC Arabic that evacuation orders focused on the wrong part of Derna , that no sufficient provision was made for where evacuated people should shelter and that some of the stay-at-home orders and curfews contradicted each other. Locals also told the BBC that some people who were evacuated from the seafront because of fears of rising sea levels were moved to more dangerous areas that later flooded. Libya’s National Meteorological...",,4000,reported,wider / not specified,"Twelve Libyan officials have received sentences ranging between nine and 27 years in prison for their role in catastrophic dam collapses that killed more than 4,000 people last September.","4,000 ind (reported)",,Eye Radio,https://eyeradio.org/libyan-officials-jailed-over-2023-catastrophic-floods/,not found,
,,2024,7,Jul,2024-07-27,Heavy rainfall,Ethiopia declares 3 days of mourning after landslide kills 257,"Three successive landslide incidents buried settlements following heavy rains, killing hundreds and leaving several others unaccounted for, according to the UN humanitarian agency. Ethiopia is highly vulnerable to drought, flooding and other climate disasters. A landslide in 2016 killed 41 people after torrential rain in Wolaita, in southern Ethiopia, and unusually heavy rainfall in the south and east of the country last November killed dozens of people and displaced...",,15500,affected,wider / not specified,"The catastrophic incident is said to have affected more than 15,500 people including over 1,000 children under five and about 5,000 pregnant and nursing mothers.","257 ind (affected); 125 ind (displaced); 12 ind (displaced); 15,500 ind (affected); 1,000 ind (affected); 500 ind (displaced); 113 ind (reported)",,Eye Radio,https://eyeradio.org/ethiopia-declares-3-days-of-mourning-after-landslide-kills-257/,not found,
,,2024,7,Jul,2024-07-26,Heavy rainfall,257 killed in Ethiopia landslide,"More than 250 people have been killed after three successive landslide incidents burying settlements in southern Ethiopia following heavy rains, the UN humanitarian agency said. Ethiopia is highly vulnerable to drought, flooding and other climate disasters. A landslide in 2016 killed 41 people after torrential rain in Wolaita, in southern Ethiopia, and unusually heavy rainfall in the south and east of the country last November killed dozens of people and displaced hundreds...",,15500,affected,wider / not specified,"The catastrophic incident is said to have affected more than 15,500 people including over 1,000 children under five and about 5,000 pregnant and nursing mothers.","250 ind (reported); 125 ind (displaced); 12 ind (displaced); 15,500 ind (affected); 1,000 ind (affected); 500 ind (displaced); 113 ind (reported)",,Eye Radio,https://eyeradio.org/257-killed-in-ethiopia-landslide/,not found,
Jonglei,Pibor,2024,7,Jul,2024-07-26,Flood,"Govt, humanitarian actors plan assessment visit to 6 flood-prone states","The Ministry of Humanitarian Affairs and United Nations’ Humanitarian Coordinator in South Sudan will embark on a joint assessment visit to six flood-prone states on July 29 to see first-hand the impact of flooding. Anita Kiki Gbeho, who doubles UNMISS Deputy Head of Mission and UN’s Humanitarian Coordinator for South Sudan, said the meeting is part of a coordinated approach regarding flood preparedness in areas where flooding is already taking place. Gbeho said, from next...",,,,,,,,Eye Radio,https://eyeradio.org/govt-humanitarian-actors-plan-assessment-visit-to-6-flood-prone-states/,body,
Upper Nile,Malakal,2024,7,Jul,2024-07-25,Flood,"Expected flood more severe than 1964, warns Onyoti","A member of a government delegation visiting flood-affected areas has warned that the anticipated flood could surpass the devastation seen in 1964. According to Onyoti Adigo Nyakuac, the Minister of Livestock and Fisheries, raising awareness about the anticipated flood and urging people to relocate to higher ground where possible is crucial. Onyoti further stated that the government will prioritize fostering harmony between host communities and those displaced by the flood,...",,,,,,,Fangak; Bor South; Rumbek Centre,Eye Radio,https://eyeradio.org/expected-flood-more-severe-than-1964-warns-onyoti/,body,
Unity,Panyijiar,2024,7,Jul,2024-07-25,Flood,"15,000 displaced by flooding in Panyijiar County","An estimated 15,000 people are in dire need of humanitarian assistance as their houses and farms are submerged in flood water in Nyal, Panyijar County in Unity State, according to a lawmaker. The flooding is reported to have engulfed the area since May 2024 and submerged unspecified number of homes – leaving most households vulnerable to high risk of water born disease. Moral Mark, an MP who visited the flood-affected area in central South Sudan, said the victims are left...",,15000,reported,state named in same sentence,"An estimated 15,000 people are in dire need of humanitarian assistance as their houses and farms are submerged in flood water in Nyal, Panyijar County in Unity State, according to a lawmaker.","15,000 ind (reported); 15,000 ind (reported)",,Eye Radio,https://eyeradio.org/15000-displaced-by-flooding-in-panyijiar-county/,title,
,,2024,7,Jul,2024-07-24,Flood,World Bank announces $30 million-grant to S. Sudan for agriculture,"The country has suffered from climate change shocks with excessive flooding for four consecutive years that destroyed livelihoods and increased food insecurity. The next flooding is predicted to peak in September 2024 and could impact between 600, 000 and 3.3 million people. The contribution – through World Bank’s International Development Association – aims to scale up actions to build farmers’ climate resilience in the face of flooding and other disaster risks.",140000,3300000,affected,wider / not specified,"The next flooding is predicted to peak in September 2024 and could impact between 600, 000 and 3.3 million people. | The three-year project aims to benefit more than 140,000 households including over 98 000 households affected by floods in host communities, 40,000 returnees and 5 000 refugees.","3,300,000 ind (affected); 140,000 HH (affected); 98,000 HH (affected); 7,000,000 ind (in need)",,Eye Radio,https://eyeradio.org/world-bank-announces-30-million-grant-to-s-sudan-for-agriculture/,not found,
,,2024,7,Jul,2024-07-23,Flood,"South Sudan: the Government, World Bank and FAO scale up actions to build farmers’ climate resilience in the face of flooding and other disaster risks","**Rome/Juba** – The Government of South Sudan, the Food and Agriculture Organization of the United Nations (FAO) and the World Bank have stepped up efforts to help smallholder farmers in South Sudan build climate resilience in the face of recurring floods and other extreme weather-related hazards. It will help to adapt climate-smart technologies to enhance agricultural production, including rainfed rice cultivation in flood-affected areas; reduce deforestation through the...",140000,3300000,affected,wider / not specified,"The next flooding is predicted to peak in September 2024 and could impact between 600 000 and 3.3 million people. | The three-year project aims to benefit more than 140 000 households including over 98 000 households affected by floods in host communities, 40 000 returnees and 5 000 refugees.","140,000 HH (affected); 98,000 HH (affected); 3,300,000 ind (affected); 7,000,000 ind (in need); 590,000 HH (reported); 3,500,000 ind (reported); 75,000 HH (reported); 450,000 ind (reported)",,ReliefWeb (Food and Agriculture Organization of the United Nations),https://reliefweb.int/report/south-sudan/south-sudan-government-world-bank-and-fao-scale-actions-build-farmers-climate-resilience-face-flooding-and-other-disaster-risks,not found,
Western Bahr el Ghazal,Wau,2024,7,Jul,2024-07-22,Flood,Wau-Kuajok road submerged underwater,"Warrap State government said floods induced by days of torrential rain has submerged the highway linking the state capital Kuajok and Wau in Western Bhar el Ghazal State. Warrap Information Minister William Wol Mayom said the state has witnessed heavy rains from Wednesday through Saturday, submerging parts of the 14-killometer road. He said poor drainage along water ways has caused the flooding and traders are unable to transport commodities to the state from neighboring...",,,,,,,Gogrial West; Mayom,Eye Radio,https://eyeradio.org/wau-kuajok-road-submerged-underwater/,title,
,,2024,7,Jul,2024-07-20,Flood,MSF urges support to mitigate South Sudan’s climate crisis,"The medical aid group Doctors Without Borders (MSF) has called on leaders humanitarian organizations to provide immediate action to protect South Sudan from the “devastating” impact of extreme floods and climate change. MSF’s head of mission in South Sudan, Ibrahim Muhammad, said the authorities and humanitarian actors must ensure the development of flood-resistant health, education and clean water systems in the country. Muhammad said South Sudan needs support to cope with...",,3000000,affected,wider / not specified,"IMPACT Initiatives, an independent data provider, recently warned that more than 3 million people will be impacted by the major flood event in South Sudan in the second half of 2024, many of whom will need humanitarian assistance.","3,000,000 ind (affected)",,Eye Radio,https://eyeradio.org/msf-urges-support-to-mitigate-south-sudans-climate-crisis/,not found,
Unity,Rubkona,2024,7,Jul,2024-07-19,Flood,How climate change affects the lives of displaced mothers in South Sudan,"Displaced women are bearing the brunt of climate change in South Sudan, where frequent floods in recent years have destroyed homes and livelihoods. In recent years, torrential rains and rising water levels in Lake Victoria, one of Africa’s Great Lakes, have created a vast swampy expanse of floodwater, impacting people’s lives, homes, and livelihoods downstream in [South Sudan](https://www.doctorswithoutborders.org/what-we-do/where-we-work/south-sudan)—one of the world’s most...",,15000,affected,county named in same sentence,"From September to November 2023, an estimated 15,000 people in Rubkona County were affected by famine.","3,300,000 ind (reported); 5,400,000 ind (affected); 100,000 ind (reported); 15,000 ind (affected); 3,300,000 ind (affected)",,ReliefWeb (Médecins Sans Frontières),https://reliefweb.int/report/south-sudan/how-climate-change-affects-lives-displaced-mothers-south-sudan,body,
Upper Nile,,2024,7,Jul,2024-07-17,Flood,Eastern Africa Seasonal Monitor: Likelihood of Enhanced Rains & Flooding in North of the Region over July - September 2024,"• Despite a delayed onset, the March-May long/Gu rains intensified from late March to early May leading to wetter-than-normal conditions over most of Kenya, south-central Somalia, southern-southeast and northeast Ethiopia, southeast South Sudan, and southern Burundi. This caused massive flooding (riverine and flash) that affected about 1.6 million people and displacing 480,000 of them. • From June, the rainfall progressed northwards marking the start of the June-September...",,1600000,displaced,wider / not specified,"This caused massive flooding (riverine and flash) that affected about 1.6 million people and displacing 480,000 of them.","1,600,000 ind (displaced)",,ReliefWeb (World Food Programme),https://reliefweb.int/report/kenya/eastern-africa-seasonal-monitor-likelihood-enhanced-rains-flooding-north-region-over-july-september-2024,state only,
,,2024,7,Jul,2024-07-15,Flood,South Sudan Protection Cluster Flood Preparedness Plan and Guidance - July 2024,"South Sudan is a country prone to severe flooding, which in turn often has a devastating impact, causing mid or long-term displacement and uprooting of communities, exposure to protection, livelihood, and health risks as well as inter-communal conflicts. Floods destroy homes, limit access to healthcare, water, and sanitation, and isolate communities. Flooding disrupts essential services, including those provided by humanitarian actors, and worsens existing and already high...",,,,,,,,ReliefWeb (Protection Cluster),https://reliefweb.int/report/south-sudan/south-sudan-protection-cluster-flood-preparedness-plan-and-guidance-july-2024,not found,
Unity,Mayom,2024,7,Jul,2024-07-14,Flood,UoJ vice chancellor urges China to help flood-prone South Sudan grow rice,"Robert Mayom appealed to China to help South Sudan plant rice in flood-prone areas as part of mitigating and adapting to the impact of flooding in the country. According to an international group citing climate data, more than 3 million people will be impacted by a major flood event in South Sudan in the second half of 2024, many of whom will need humanitarian assistance. IMPACT Initiatives said by September and October, when floodwaters have peaked, relief actors will...",,3000000,affected,wider / not specified,"According to an international group citing climate data, more than 3 million people will be impacted by a major flood event in South Sudan in the second half of 2024, many of whom will need humanitarian assistance.","3,000,000 ind (affected)",,Eye Radio,https://eyeradio.org/uoj-vice-chancellor-urges-china-to-help-flood-prone-south-sudan-grow-rice/,body,
Lakes,,2024,7,Jul,2024-07-12,Flood,Cabinet passes $78 million flood response budget,"The National Council of Ministers meeting on Friday passed a 78-million-US-dollar budget for emergency floods preparedness and response across the country. The emergency budget was passed after the Minister of Humanitarian Affairs and Disaster Management Albino Atak presented a memo to the cabinet amid looming flooding forecasted to submerge much of the country and leave 3 million in dire need. Addressing reporters, Korok added that the plan outlines mapping of grounds and...",,3000000,affected,wider / not specified,"An independent data provider has warned that more than 3 million people will be impacted by the major flood event in South Sudan in the second half of 2024, many of whom will need humanitarian assistance.","3,000,000 ind (affected)",,Eye Radio,https://eyeradio.org/cabinet-passes-78-million-flood-response-budget/,state only,
,,2024,7,Jul,2024-07-11,Flood,S. Sudan to experience heavy-down pours till mid-next week -IGAD,"The IGAD Climate Prediction and Application Center has forecast heavy rainfall in South Sudan until Wednesday next week. In its weekly weather projection from July 10 to 17, ICPAC predicted similar heavy rainfall over southwestern Sudan, cross-border areas of Sudan, and north-western Ethiopia. In May this year, the World Meteorological Organization and IGAD Climate Center announced that South Sudan was among countries in the Greater Horn of Africa that will have above-normal...",,3000000,affected,wider / not specified,"An independent data provider has warned that more than 3 million people will be impacted by a major flood event in South Sudan in the second half of 2024, many of whom will need humanitarian assistance.","3,000,000 ind (affected); 5,000 ind (displaced)",,Eye Radio,https://eyeradio.org/s-sudan-to-experience-heavy-down-pour-till-mid-next-week-igad/,not found,
Unity,,2024,7,Jul,2024-07-11,Flood,NBGs governor Ober urges state citizens to fight hunger through farming,"The governor of Northern Bahr el Ghazal encouraged the state communities to unite and support his leadership in the fight against hunger and the impending challenges of flooding. He added that his leadership is working closely with relevant authorities and institutions to mitigate the impact of potential flood disasters and promote resilience. “As we embark on this rainy season, there are concerns of the looming floods in the state.",,,,,,,,Eye Radio,https://eyeradio.org/nbgs-governor-ober-urges-state-citizens-to-fight-hunger-through-farming/,state only,
Jonglei,,2024,7,Jul,2024-07-09,Flood,"South Sudan: Food Security Outlook, June 2024 - January 2025: Forecasted severe flooding elevates the risk of Famine (IPC Phase 5) in flood-prone areas","Years of conflict and flooding have decimated livelihoods and eroded coping capacity, and multiple shocks are converging as the lean season approaches, including an ongoing economic crisis, high returnee burden, anticipated violence in advance of planned elections in December, and severe flooding projected to be worse than the 2020 and 2022 floods in extent and livelihoods impact. Many of these areas are simultaneously hosting large shares of the returnee population while...",,9000000,in need,wider / not specified,"- South Sudan remains in the topmost food insecure countries globally, **with needs expected to rise to record high levels and some areas facing a risk of Famine during the upcoming rainy season.** FEWS NET projects that [8-9 million people](https://fews.net/2024-annual-peak-food-assistance-needs), or 65-70 percent of the population, will require food aid at the peak of the lean season (July-September).","9,000,000 ind (in need)",,ReliefWeb (Famine Early Warning System Network),https://reliefweb.int/report/south-sudan/south-sudan-food-security-outlook-june-2024-january-2025-forecasted-severe-flooding-elevates-risk-famine-ipc-phase-5-flood-prone-areas,state only,
Eastern Equatoria,Kapoeta East,2024,7,Jul,2024-07-06,Drought,Hunger hits Kapoeta East as crops wither in dry spell,"The Commissioner of Kapoeta East County of Eastern Equatoria State warned of a dire hunger crisis in the area following a dry spell that has withered crops and dashed hopes of harvest for the second consecutive year. This is the second consecutive year of drought in Kapoeta East. In February 2023, four people died of starvation in Jie Payam of the area amid reports of severe drought in the border area.",,3000000,affected,wider / not specified,"The dry spell occurs as climate data suggests a major flooding event in South Sudan that will affect more than 3 million people in the second half of 2024, many of whom will need humanitarian assistance.","3,000,000 ind (affected)",,Eye Radio,https://eyeradio.org/hunger-hits-kapoeta-east-as-crops-wither-in-dry-spell/,title,
Unity,Leer,2024,7,Jul,2024-07-05,Flood,1300 displaced by flooding in Leer County,"The Relief and Rehabilitation Commission in Leer County of Unity State said about one thousand three hundred individuals have been displaced by flooding in the area. Leer RRC Chairperson Paulino Kueh Mawich said the flooding affected three payams of Adok, Yang and Thonyor displacing hundreds including women and children. He added that the flooding also submerged the main road connecting Adok Port to the county headquarters – a vital route for commercial and humanitarian...",,,,,,,,Eye Radio,https://eyeradio.org/1300-displaced-by-flooding-in-leer-county/,title,
Upper Nile,Malakal,2024,7,Jul,2024-07-01,Flood,Upper Nile government ramps up flood response,"The governor of Upper Nile State said his government is aware of the risks associated with the anticipated flooding in the upcoming months and is preparing to alleviate a possible humanitarian crisis. James Odhok said at a social event in Juba on Sunday that his government is collaborating with non-governmental organizations in the state to put in place flood mitigation measures. “We expect flooding in Malakal, its surroundings, and all Nile-adjacent states.",,3000000,affected,wider / not specified,"According to a Geneva-based data provider, more than 3 million people will be impacted by a major flood event in South Sudan in the second half of 2024, many of whom will need humanitarian assistance.","3,000,000 ind (affected); 5,000 ind (displaced); 600 ind (reported); 75 ind (displaced); 62,000 ind (displaced)",Maban,Eye Radio,https://eyeradio.org/upper-nile-government-ramps-up-flood-response/,body,
,,2024,6,Jun,2024-06-30,Flood,"East Africa Seasonal Monitor: Increasing flood risk with forecasted above-average rains in parts of the northern sector (June 30, 2024)","- The onset of the June to September rains has been mixed over the northern unimodal sector of the region. Across northern South Sudan, northwestern Ethiopia, and parts of south-central Sudan, rains were delayed by up to 10 to 20 days, while parts of southeastern South Sudan, southwestern Ethiopia, and much of Sudan saw a timely to early start to the rains. - Given ongoing and forecasted above-average seasonal rains, combined with high river levels and flows, there is an...",,,,,,,,ReliefWeb (Famine Early Warning System Network),https://reliefweb.int/report/kenya/east-africa-seasonal-monitor-increasing-flood-risk-forecasted-above-average-rains-parts-northern-sector-june-30-2024,not found,
,,2024,6,Jun,2024-06-28,Flood,UN Refugee Agency sounds the alarm on climate change pounding refugee communities [EN/AR],"This is what UNHCR, the UN Refugee Agency, has observed with a series of catastrophic floods, earthquakes, cyclones, storms and heatwaves afflicting refugee and internal displacement settings in Africa, [the Americas](https://www.acnur.org/media/climate-change-and-forced-displacement-americas), Asia and beyond. In Brazil, devastating floods in the southern state of Rio Grande do Sul last month took the lives of at least 170 people, displaced more than half a million...",,2390000,displaced,wider / not specified,"In Brazil, devastating floods in the southern state of Rio Grande do Sul last month took the lives of at least 170 people, displaced more than half a million (630,000) and affected in total some 2.39 million individuals.","170 ind (displaced); 2,390,000 ind (displaced)",,ReliefWeb (UN High Commissioner for Refugees),https://reliefweb.int/report/world/un-refugee-agency-sounds-alarm-climate-change-pounding-refugee-communities-enar,not found,
,,2024,6,Jun,2024-06-28,Flood,"East Africa Key Message Update: Emergency (IPC Phase 4) and Catastrophe (IPC Phase 5) expected in worst conflict, drought, and flood-affected areas through September (May 2024)","- In May, humanitarian needs increased in several parts of East Africa, driven by intensifying conflict, flooding, and the sustained impacts of the 2020-2023 drought in the Horn. However, in most areas, the above-average March to May rainfall improved crop and livestock productivity, increasing food access and income-earning opportunities and easing food security outcomes. Ongoing and planned large-scale humanitarian food assistance is preventing worse outcomes in previously...",,,,,,,,ReliefWeb (Famine Early Warning System Network),https://reliefweb.int/report/sudan/east-africa-key-message-update-emergency-ipc-phase-4-and-catastrophe-ipc-phase-5-expected-worst-conflict-drought-and-flood-affected-areas-through-september-may-2024,not found,
Lakes,,2024,6,Jun,2024-06-28,Flood,Flooding to affect over 3 million in South Sudan: aid group,"An independent data provider has warned that more than 3 million people will be impacted by a major flood event in South Sudan in the second half of 2024, many of whom will need humanitarian assistance. IMPACT Initiatives said by September and October, when floodwaters have peaked, relief actors will grapple with a scenario in which more than three million people are affected and 2.4 million need aid. “Major flooding is all but certain to trigger widespread displacement and...",,3000000,affected,wider / not specified,"An independent data provider has warned that more than 3 million people will be impacted by a major flood event in South Sudan in the second half of 2024, many of whom will need humanitarian assistance.","3,000,000 ind (affected); 5,000 ind (displaced); 700,000 ind (displaced)",,Eye Radio,https://eyeradio.org/flooding-to-affect-over-3-million-in-south-sudan-aid-group/,state only,
Unity,,2024,6,Jun,2024-06-28,Flood,Govt launches final phase of Naam River cleaning,"South Sudan government with support from Egypt has resumed clearing of the remaining 15.5 kilometers of the Naam river from Unity State to Lake No as the project alleged to mitigate flooding draws to an end. South Sudan’s Minister of Water Resources and Irrigation Pal Mai Deng said the initiative, which aims to enhance river navigation, mitigate flood risks, and improve overall watercourse efficiency, is 80% complete, SSBC reported. On his part, Acting Unity State Governor...",,,,,,,,Eye Radio,https://eyeradio.org/govt-launches-final-phase-of-naam-river-cleaning/,state only,
Upper Nile,,2024,6,Jun,2024-06-27,Flood,"ALERT - South Sudan: forecasted floods threaten to accelerate public health crisis, spur mass displacement, and further disrupt livelihoods (June 2024)","• Another major flood event is likely to occur in South Sudan over the second half of 2024, according to government officials, UN agencies, and independent research groups, threatening to deepen an already severe humanitarian crisis. Though piecemeal hydrological data enable only a rough prediction of the floods’ scale and whereabouts, humanitarian actors are planning for a scenaio in which more than three million people are affected and 2.4 million are in need of...",,,,,,,,ReliefWeb (IMPACT Initiatives),https://reliefweb.int/report/south-sudan/alert-south-sudan-forecasted-floods-threaten-accelerate-public-health-crisis-spur-mass-displacement-and-further-disrupt-livelihoods-june-2024,state only,
Unity,Panyijiar,2024,6,Jun,2024-06-24,Flood,"5,000 displaced by flooding in Panyijiar County","An estimated 5,000 people have been displaced in Panyijiar County of Unity State, after rising Nile water submerged homesteads, according to the UN humanitarian agency. UN Office for Coordination of Humanitarian Affairs (OCHA) said severe flooding is expected to hit 20 counties in Northern Bahr el Ghazal, Unity, Warrap, Jonglei, Central Equatoria, and Upper Nile states in the coming months. OCHA said the possibility of flooding is indicated in the above average rainfall and...",,5000,displaced,county named in same sentence,"An estimated 5,000 people have been displaced in Panyijiar County of Unity State, after rising Nile water submerged homesteads, according to the UN humanitarian agency.","5,000 ind (displaced); 26,000 ind (displaced); 600 ind (displaced); 300 ind (reported)",Malakal; Tambura; Nagero,Eye Radio,https://eyeradio.org/5000-displaced-by-flooding-in-panyijiar-county/,title,
Central Equatoria,Juba,2024,6,Jun,2024-06-19,Flood,Mauna residents condemn ‘powerful woman’ for erecting fence on waterways,"Residents of Hai Mauna in Juba are voicing concerns over severe flooding caused by rainwater, which they attribute to a powerful woman who built her fence on a stream, leading to blockages. The extension of the fence narrowed the waterway forcing water to overflow and spread to cause flooding in the houses of the vulnerable people. Another citizen Benard Goya Alfred says, he has been in the same house since the 1980s but never experienced any flood in the house until the...",,,,,,,,Eye Radio,https://eyeradio.org/mauna-residents-condemn-powerful-woman-for-erecting-fence-on-waterways/,body,
,,2024,6,Jun,2024-06-19,Flood,Mauna resident accused of blocking waterway promises to expand bridge,"This came after residents in the area raised concerns over severe flooding caused by rainwater, which they attribute to Wani Hilary Moga and another unnamed woman for building a small bridge and a fence. The extension of the fence narrowed the waterway forcing water to overflow and spread to cause flooding in the houses of the vulnerable people.",,,,,,,,Eye Radio,https://eyeradio.org/mauna-resident-accused-of-blocking-waterway-promises-to-expand-bridge/,not found,
,,2024,6,Jun,2024-06-12,Flood,"Al Sabah Hospital receives 10 malnourished children daily, says Doctor","For her part, Dr Monica highlighted the reasons behind the surge in malnutrition cases, including large families with multiple children under five, maternal deaths leading to inadequate care, and environmental crises like flooding, causing food scarcity. For example, in the case of flooding where people are forced to relocate to other places leading to scarcity of food and increasing the level of malnutrition.” Last year, the World Food Program warned that over 1.6 million...",,1600000,reported,wider / not specified,"Last year, the World Food Program warned that over 1.6 million children under five were at risk of malnutrition in South Sudan, primarily due to flooding.","10 ind (reported); 10 ind (reported); 1,600,000 ind (reported); 1,400,000 ind (reported)",,Eye Radio,https://eyeradio.org/al-sabah-hospital-receives-10-malnourished-children-daily-says-doctor/,not found,
Lakes,Rumbek Centre,2024,6,Jun,2024-06-12,Flood,"Lakes, Warrap authorities embark on looming floods sensitization","Authorities in Warrap and Lakes states have started disseminating information on floods preparedness to the local populations. The flood early warning messages aims to safeguard the locals and their properties. In Lakes, the sensitization is targeting three flood-prone counties – Rumbek North, Rumbek East and Yirol West, while encouraging areas unlikely to be affected to venture into farming to avert food insecurity.",,,,,,,Rumbek North; Rumbek East; Yirol West,Eye Radio,https://eyeradio.org/lakes-warrap-authorities-embark-on-looming-floods-sensitization/,body,
Northern Bahr el Ghazal,Aweil Centre,2024,6,Jun,2024-06-10,Flood,IGAD recommends measures against looming floods in South Sudan,"The IGAD climate centre has suggested measures that South Sudan must put in place to mitigate anticipated flooding and heat stress that will cause displacement, disease outbreaks, and increase vulnerability in most parts of the country. The report titled “summary for decision makers on seasonal forecast – June to September 2024”, indicates above-normal rainfall and warmer-than-normal temperatures predicted over most parts of the Greater Horn of Africa. The ICPAC said the...",,,,,,,,Eye Radio,https://eyeradio.org/igad-recommends-measures-against-looming-floods-in-south-sudan/,body,
Unity,,2024,6,Jun,2024-06-10,Flood,Unity State governor to form floods committee,"A meeting of Unity State Governor Riek Bim Top and national parliamentarians from the state resolved to form a committee to respond to the anticipated flooding, among other issues including restoring rule of law and inter-communal peace. several issues affecting the state in form of; security concerns, internal conflicts, looming flooding, the need for conflict resolution and development in the state.” The meeting resolved to form a floods response committee as climate data...",,,,,,,,Eye Radio,https://eyeradio.org/unity-state-governor-to-form-floods-committee/,state only,
Jonglei,,2024,6,Jun,2024-06-09,Flood,Jonglei governor holds consultative meeting with state dignitaries,"About 200 public figures including politicians, community leaders, and experts from Jonglei State held a consultative meeting in Juba on Saturday to discuss issues affecting the state, including ways to mitigate the looming flooding. The meeting, summoned by newly appointed Jonglei Governor Mahjoub Biel Turuk, deliberated on the recent IGAD forecast of catastrophic flooding expected to submerge low-lying areas including the state counties. The water minister said the...",,,,,,,,Eye Radio,https://eyeradio.org/jonglei-governor-holds-consultative-meeting-with-state-dignitaries/,state only,
,,2024,6,Jun,2024-06-06,Flood,"East Africa Seasonal Monitor: Mostly beneficial impacts of above average rainfall in East Africa (May 31, 2024)","- The March to May, seasonal rains are likely to conclude on time with largely above-average rainfall across the region, with the exception of areas in bi-modal South Sudan and Uganda that continue to have cumulatively below average rainfall. - In the Horn, rainfall in late April and into May was characterized as exceptionally heavy causing severe flooding, displacement, property damage, and deaths. - Overall, the abundant rains have been very beneficial for the current...",,410000,displaced,wider / not specified,"Between mid-April and early May, the exceptionally above-average rains, especially in the eastern parts of the region, led to deadly flooding in parts of southern Burundi, central and eastern regions of Kenya, coastal Tanzania, northern and southern Ethiopia, southern Somalia, and parts of Uganda that claimed approximately 470 lives, displaced almost 410,000 people, and caused damage to unaccounted amount of property.","410,000 ind (displaced)",,ReliefWeb (Famine Early Warning System Network),https://reliefweb.int/report/kenya/east-africa-seasonal-monitor-mostly-beneficial-impacts-above-average-rainfall-east-africa-may-31-2024,not found,
Unity,,2024,6,Jun,2024-06-06,Flood,Populations in low-lying areas urged to move to high grounds,"The National Ministry of Environment encourages people living in lowlands in South Sudan to move to higher grounds as the country anticipates flooding in the coming months. Torrential rains in the East Africa region have swelled up Lake Victoria and triggered rising Nile water levels, which experts predict will cause catastrophic flooding downstream of South Sudan. Photos shared online as of June 2024 show floodwaters have already overpowered weak dykes and submerged...",,,,,,,,Eye Radio,https://eyeradio.org/populations-in-low-lying-areas-urged-to-move-to-high-grounds/,state only,
,,2024,6,Jun,2024-06-06,Flood,UNICEF young reporters call for nationwide afforestation,"Scientific evidence has it that, the loss of trees and other vegetation can cause climate change, desertification, soil erosion, fewer crops, flooding and long period of dry spells. “Deforestation is causing desertification and drought. “When we talk of the floods, it causes displacement of children.",,2500000,displaced,wider / not specified,"The release of the water is expected to have serious negative impacts on South Sudan and that 2.5 million people will be affected, with one million to be in need of evacuation across more than four states, prompting the quest for 50 million US Dollars to respond to the anticipated crisis.","2,500,000 ind (displaced)",,Eye Radio,https://eyeradio.org/unicef-child-reporters-call-for-nationwide-afforestation/,not found,
Jonglei,,2024,6,Jun,2024-06-06,Flood,Jonglei government braces for looming floods,"Jonglei State government has resolved to come up with a contingency plan in the next two weeks to respond to the expected floods in the state and other parts of the country. Atong Kuol Manyang, the Deputy Governor of Jonglei State said the government is aware of the anticipated floods first reported by the ministries of Water Resources and Irrigation, and Environment and Forestry. In a statement issued on World Environment Day on Wednesday, the Ministry of Environment urged...",,,,,,,,Eye Radio,https://eyeradio.org/jonglei-government-braces-for-looming-floods/,state only,
,,2024,6,Jun,2024-06-05,Flood,"The Republic of South Sudan: Flood Hazard - Flood Event Frequency on Settlements, 2019 to 2023 (Production date: 05 June 2024)","Note: Settlement Flood Event dataset indicates number of years flooded in a particular settlement between 2019 and 2023 across South Sudan based on maximum flood extent detected in each year. Each annual dataset is an aggregation of all flood analyses undertaken by UNOSAT in that year in the settlement areas. The lowest value of 1 indicates 1 flooding event in a settlement between 2019-2023, whilst a maximum value of 5 indicates 5 flooding events in a settlement during this...",,,,,,,,ReliefWeb (REACH Initiative),https://reliefweb.int/map/south-sudan/republic-south-sudan-flood-hazard-flood-event-frequency-settlements-2019-2023-production-date-05-june-2024,not found,
Jonglei,Bor South,2024,6,Jun,2024-06-03,Flood,Minister Atak seeks $50 million to tackle looming flooding,"The Minister of Humanitarian Affairs and Disaster Management appeals for 50 million US dollars to mitigate the looming flooding that is predicted to wreak havoc in the country’s lowlands this year. According to the minister, flood-prone areas such as Rubkona, Duk, Twic East, Yirol East, Bor South, Nasir, Pigi, Manyo, Melut, and Twic counties are likely to be affected Albino added that the interventions include building the capacity of early warning system to floods and...",,2500000,displaced,wider / not specified,"Addressing a parliamentary sitting on Monday, Albino Akol Atak said data shows that 2.5 million people will be affected, with one million to be in need of evacuation across more than four states.","2,500,000 ind (displaced); 100,000 ind (displaced)",Twic; Wau,Eye Radio,https://eyeradio.org/minister-atak-seeks-50-million-to-tackle-looming-flooding/,body,
,,2024,5,May,2024-05-30,Flood,Eastern Africa: Heavy rains and flooding Flash Update #4 (30 May 2024),"- Heavy rains and flash floods continued to cause damage and displacement across Eastern Africa, mainly in Kenya, Ethiopia and Somalia, with nearly 1.6 million people affected, including 528 people who lost their lives and more than 480,000 people who have been displaced, as of 30 May. Additional funding to scale up response as heavy rains and floods spread is needed. Djibouti, Eritrea, central and northern Ethiopia, western and coastal Kenya, much of Uganda, South Sudan,...",61304,1600000,displaced,wider / not specified,"- Heavy rains and flash floods continued to cause damage and displacement across Eastern Africa, mainly in Kenya, Ethiopia and Somalia, with nearly 1.6 million people affected, including 528 people who lost their lives and more than 480,000 people who have been displaced, as of 30 May. | **In Kenya,** 315 people have been killed, 188 injured, and 38 missing, while more than 306,520 (61,304 families) have been affected by heavy rains and floods between 1 March and 29 May 2024, including an estima","1,600,000 ind (displaced); 528 ind (displaced); 480,000 ind (displaced); 1,600,000 ind (displaced); 528 ind (displaced); 482,320 ind (displaced); 61,304 HH (displaced); 58,641 HH (displaced)",,ReliefWeb (UN Office for the Coordination of Humanitarian Affairs),https://reliefweb.int/report/kenya/eastern-africa-heavy-rains-and-flooding-flash-update-4-30-may-2024,not found,
,,2024,5,May,2024-05-25,Flood,El Nino not responsible for East Africa floods: scientists,"The El Nino weather pattern did not have “any influence” on widespread flooding that killed hundreds in East Africa this year, an expert group of scientists said Friday. Torrential rainfall in Kenya, Tanzania and neighbouring nations killed more than 500 people, displacing hundreds of thousands as the deluge swept away homes and swamped roads during the March to May monsoon season. The region was hit by floods late last year as well, with researchers saying that the Indian...",,500,displaced,wider / not specified,"Torrential rainfall in Kenya, Tanzania and neighbouring nations killed more than 500 people, displacing hundreds of thousands as the deluge swept away homes and swamped roads during the March to May monsoon season.",500 ind (displaced); 300 ind (reported),,Eye Radio,https://eyeradio.org/el-nino-not-responsible-for-east-africa-floods-scientists/,not found,
Western Bahr el Ghazal,Wau,2024,5,May,2024-05-24,Heavy rainfall,ARC commits to resolving Wau road blockage after heavy rainfall,"The African Resources Company (ARC) said it is addressing the recent flooding caused by road construction in Gonia residential area, Wau in Western Barh el-ghazal state. According to a resident who identified herself as Habuba Mario, the road construction-induced flooding has affected most households. The road is good in the dry season but now it will affect the civilians because when it rains water enters the houses and destroys houses,” she said.",,,,,,,,Eye Radio,https://eyeradio.org/arc-commits-to-resolving-wau-road-blockage-after-heavy-rainfall/,title,
Lakes,,2024,5,May,2024-05-23,Flood,Eastern Africa Seasonal Monitor: Severe Flooding Across Equatorial Areas in April - May 2024,"• The probability of El Nino occurrence has declined, and the La Nina condition is expected to develop over the June-September period, occasioning enhanced rains in northern areas. Its continued development towards the end of 2024 and into 2025 might depress the October-December rains and cause dry conditions in East Africa (Somalia, Kenya, south-southeast Ethiopia). • Despite a delayed onset, the March-May long/Gu rains intensified in April and May resulting in...",,874907,displaced,wider / not specified,"• An estimated 874,907 people have been affected by flooding (348,307 of them being displaced) over the April-May period.","874,907 ind (displaced)",,ReliefWeb (World Food Programme),https://reliefweb.int/report/kenya/eastern-africa-seasonal-monitor-severe-flooding-across-equatorial-areas-april-may-2024,state only,
Unity,,2024,5,May,2024-05-22,Flood,"Kiir swears in Unity State governor, Ruweng chief administrator","Manytuil said he has enjoyed Kiir’s mentorship and support throughout his long term in a state hit with multiple crisis including flooding and violence. He said the president’s support has enabled him to achieve the aspiration of his people in promoting peace, mitigating flood, and rehabilitating roads in the State. “Your Excellency, throughout my tenure as Governor of Unity State I had the privilege of enjoying your mentorship and support that transpire to achieving the...",,,,,,,,Eye Radio,https://eyeradio.org/kiir-swears-in-unity-state-governor-ruweng-chief-administrator/,state only,
,,2024,5,May,2024-05-21,Flood,South Sudan launches $33 million project to combat climate change and food insecurity,"Around 95 percent of South Sudan’s population relies on climate-sensitive natural resources, making them extremely vulnerable to rising temperatures, more erratic rainfall, and more frequent extreme weather events driven by climate change. The Global Environment Facility (GEF) is a family of funds dedicated to confronting biodiversity loss, climate change, pollution, and strains on land and ocean health. Four consecutive years of record flooding has led to widespread...",,7700000,in need,wider / not specified,"According to the [World Food Programme](https://www.wfp.org/emergencies/south-sudan-emergency), approximately 7.7 million people in South Sudan are facing severe food insecurity.","75,000 ind (reported); 7,700,000 ind (in need)",,ReliefWeb (UN Development Programme),https://reliefweb.int/report/south-sudan/south-sudan-launches-33-million-project-combat-climate-change-and-food-insecurity,not found,
,,2024,5,May,2024-05-21,Flood,'Caught between a war and a flood' - more support needed in South Sudan,"OVER 660,000 refugees are caught between war in Sudan and flooding in neighbouring South Sudan, according to an Irish aid organisation responding to both major humanitarian crises. South Sudan already has a humanitarian crisis of its own made worse by severe floods and with an estimated 9 million people projected to need humanitarian assistance and protection by the end of this year. “Many of those fleeing the conflict in Sudan into northern South Sudan are caught between a...",,10700000,displaced,wider / not specified,Over 10.7 million people have fled the ongoing war in Sudan including 1.7 million to neighbouring countries like Chad and South Sudan – despite these countries also facing major challenges of their own.,"9,000,000 ind (reported); 10,700,000 ind (displaced)",,ReliefWeb (Concern Worldwide),https://reliefweb.int/report/south-sudan/caught-between-war-and-flood-more-support-needed-south-sudan,not found,
Lakes,,2024,5,May,2024-05-21,Flood,South Sudan lacks technological ability to fight climate change: Atak,"Albino Atak said South Sudan has not done enough in fighting climate related crisis including flooding and dry spells. The launch of the monitoring stations came as the country experienced years of catastrophic flooding from 2019 to 2022 – leading to mass displacement and loss of livelihoods. On May 16, 2024, the Ministry of Water Resource and Irrigation warned the public to prepare for an imminent flooding in the northern and central parts of South Sudan after the water of...",,,,,,,,Eye Radio,https://eyeradio.org/south-sudan-lacks-technological-ability-to-fight-climate-change-atak/,state only,
Central Equatoria,Juba,2024,5,May,2024-05-20,Flood,Regional forum on climate-related challenges kicks off in Juba,"Last Thursday, tThe Ministry of Water Resource and Irrigation warned of imminent flooding in the northern and central parts of South Sudan after the water of Lake Victoria rise to a record level. Mai said the data suggests that a catastrophic flooding will affect Unity State, Upper Nile, Lakes and Warrap between October and December. According to him, the upcoming flooding is expected to cause displacement, outbreak of diseases, flooding of farmlands and crop failure,...",,,,,,,,Eye Radio,https://eyeradio.org/regional-forum-on-climate-related-challenges-kicks-off-in-juba/,title,
,,2024,5,May,2024-05-19,Flood,Sustainable peace is key to alleviating chronic food insecurity in S. Sudan -experts,"“Building climate-resilient infrastructure, such as flood-resistant roads, in rural areas could support food security. This infrastructure would enable people to move more easily to more food secure areas in times of flood or drought. “Introducing climate-smart agricultural practices and crops could help mitigate the increasing flood and drought risks that threaten food production and security.",,,,,,,,Eye Radio,https://eyeradio.org/sustainable-peace-is-key-to-alleviating-chronic-food-insecurity-in-s-sudan-experts/,not found,
Lakes,,2024,5,May,2024-05-17,Flood,South Sudan warned to prepare for looming floods,"The Ministry of Water Resource and Irrigation has called for preparations against an imminent flooding in the northern and central parts of South Sudan after the water of Lake Victoria rise to a record level. Mai also mentioned that the torrential rainfalls affecting Nile Basin countries have contributed to the rising water levels. Mai said the data suggests that a catastrophic flooding will affect Unity State, Upper Nile, Lakes and Warrap between October and December.",,,,,,,,Eye Radio,https://eyeradio.org/south-sudan-warned-to-prepare-for-looming-floods/,state only,
,,2024,5,May,2024-05-15,Flood,More rains in South Sudan from May 15-22: ICPAC,"The IGAD Climate Prediction and Application Center estimates that more than usual rainfall is expected in South Sudan, central to northern Ethiopia and northern Somalia. Some parts of north-eastern Somalia and western Ethiopia are projected to experience heavy rainfall of more than 200 millimeters, the center said. Moderate rainfall between 50 and 200mm is expected over most parts of South Sudan, central to western Ethiopia and north-eastern Somalia.",,637000,displaced,wider / not specified,"The International Organization for Migration (IOM) has reported that heavy rainfall and flooding in East Africa have displaced over 637,000 people as of May 8, 2024.","637,000 ind (displaced)",,Eye Radio,https://eyeradio.org/more-rains-in-south-sudan-from-may-15-22-icpac/,not found,
,,2024,5,May,2024-05-14,Flood,"East Africa Seasonal Monitor: Extensive flooding across parts of East Africa (April 30, 2024)","- Overall, the March–April seasonal rainfall performance has been largely average to above-average (110 to 200 percent of average), but with persistently below-average rainfall (60 to 90 percent of average) over the western - Heavy El-Niño-enhanced seasonal rains in April have caused extensive flooding in parts of East Africa, with",,,,,,,,ReliefWeb (Famine Early Warning System Network),https://reliefweb.int/report/kenya/east-africa-seasonal-monitor-extensive-flooding-across-parts-east-africa-april-30-2024,not found,
,,2024,5,May,2024-05-03,Flood,Eastern Africa: El Niño Floods Impact Snapshot (May 2024),"**The impact of El Niño-induced heavy rains and flooding during the long rainy season (March-May) have been devastating across the Eastern Africa Region.** Torrential rains and flooding (both riverine and flash floods) in Burundi, Kenya, Somalia, Rwanda, Tanzania and other parts of East Africa have resulted in the loss of lives, displacement and destruction. **Heavy rains and flooding affected nearly 205,000 people in Kenya, 179,000 in Burundi, 127,000 in Somalia and over...",,306000,affected,wider / not specified,"**Governments and humanitarian partners are working closely to conduct search and rescue as well as provide life-saving assistance in the affected countries.** In **Burundi,** a flood response plan seeking $25.3 million is being finalized and will target 306,000 people vulnerable due to rising levels of Tanganyika Lake.","205,000 ind (displaced); 194,305 ind (displaced); 306,000 ind (affected); 2,500 ind (reported); 127,000 ind (affected); 770,000 ind (reported); 2,880 ind (reported)",,ReliefWeb (UN Office for the Coordination of Humanitarian Affairs),https://reliefweb.int/report/kenya/eastern-africa-el-nino-floods-impact-snapshot-may-2024,not found,
,,2024,5,May,2024-05-03,Flood,Stakeholders urged to back media on climate reporting,"Abuyi also acknowledged that the country is greatly affected by natural calamities such as floods, droughts, and water shortages, which he says needs media coverage. “Our country has been greatly affected by natural calamities, such as floods, droughts, and water shortages, as a result of environmental degradation.” In December 2023, while addressing the UN Climate Change Conference, President Kiir said South Sudan was being severely impacted by catastrophic flooding and...",,,,,,,,Eye Radio,https://eyeradio.org/stakeholders-urged-to-back-media-on-climate-reporting/,not found,
,,2024,5,May,2024-05-02,Flood,"ADAM (Advanced Disaster Analysis & Mapping) Flood Impact Analysis South Sudan, 2 May 2024",,,,,,,,,ReliefWeb (World Food Programme),https://reliefweb.int/map/south-sudan/adam-advanced-disaster-analysis-mapping-flood-impact-analysis-south-sudan-2-may-2024,not found,
Jonglei,Bor South,2024,4,Apr,2024-04-26,Heavy rainfall,"South Sudan to experience week of heat stress, heavy rains: SSMS",South Sudan Meteorological Service has predicted that the northern part of the country will experience heat stress while the southern part will be hit by heavy rains in the coming week. The forecast further said there is a high likelihood of moderate rainfall in most parts of the Country with greater Equatoria region receiving rainfall ranging from 10mm – 120mm. It adds that the amount of rainfall over most areas in the greater Equatoria region was adequate and had good...,,,,,,,Malakal; Pibor; Aweil Centre; Aweil North; Aweil East; Abiemnhom; Panyikang,Eye Radio,https://eyeradio.org/south-sudan-to-experience-week-of-heat-stress-heavy-rains-ssms/,body,
,,2024,4,Apr,2024-04-25,Flood,Kenya on alert as flood death toll reaches 13,"T he death toll from flash floods in Kenya’s capital Nairobi has risen to 13 after the discovery Thursday of three more bodies, police said. President William Ruto convened an emergency multi-agency meeting Thursday to respond to the crisis after torrential rains triggered floods that caused chaos across the city, blocking roads and bridges and engulfing homes in slum districts. Kenyans have been warned to stay on alert, with the forecast for more heavy rains across the...",,,,,,,,Eye Radio,https://eyeradio.org/kenya-on-alert-as-flood-death-toll-reaches-13/,not found,
,,2024,4,Apr,2024-04-20,Flood,Creation care and engaging the displacement crisis,"When [historic flooding](https://worldrelief.org/blog-through-the-flood-how-conflict-and-climate-change-are-converging-in-south-sudan/) impacted Nyawaraga’s community in South Sudan in 2021, she and her three children were displaced from their homes. Flood waters deluged fields and wiped out food supplies, destroyed schools and health facilities, caused flood-related illnesses and injuries and cut families off from humanitarian services. Floods and famines, droughts and...",400,23000000,displaced,wider / not specified,"An estimated* ***23 million people*** *are displaced each year by extreme climate events, leaving families who are already vulnerable to extreme poverty, hunger and conflict at even greater risk.* | We distributed food and other essential supplies to 400 households.","23,000,000 ind (displaced); 23,000,000 ind (displaced); 650,000 ind (displaced); 400 HH (reported)",,ReliefWeb (World Relief),https://reliefweb.int/report/south-sudan/creation-care-and-engaging-displacement-crisis,not found,
,,2024,4,Apr,2024-04-18,Flood,"Burundi appeals for aid as rains, floods displace 100,000","T he government of Burundi and the United Nations have launched an appeal for financial aid to cope with the “devastating effects” of months of relentless rainfall that has displaced nearly 100,000 people. East Africa has been experiencing torrential rains in recent weeks that have cost the lives of at least 58 people in Tanzania in the first half of April, and 13 people in Kenya. Burundi, which the UN says is one of the 20 countries most vulnerable to climate change, has...",,203944,displaced,wider / not specified,"Between September and April 7, a total of 203,944 people were affected while the number of internally displaced people increased by 25 percent to 96,000, they said.","100,000 ind (displaced); 58 ind (reported); 13 ind (reported); 203,944 ind (displaced); 306,000 ind (in need); 300 ind (reported)",,Eye Radio,https://eyeradio.org/burundi-appeals-for-aid-as-rains-floods-displace-100000/,not found,
Western Equatoria,Yambio,2024,4,Apr,2024-04-18,Heavy rainfall,Torrential rains expected in most parts of Equatoria,"South Sudan Metrological Service’s weekly forecast has predicted heavy rainfall between 100-200 millimeters in eastern and central parts of the Equatoria region, while predicting light rain in the country’s north. The metrological service said the areas of Yei, Morobo, Lainya, Terekeka and Kajo-Keji in Central Equatoria State will be hit with downpours, with a similar pattern in Magwi, Torit, Lafon, Ikotos, Budi and the Kapoeta region. It also stated that the central parts...",,,,,,,Torit; Kajo-keji; Terekeka; Lainya; Morobo; Yei,Eye Radio,https://eyeradio.org/torrential-rains-expected-in-most-parts-of-equatoria/,body,
Jonglei,,2024,3,Mar,2024-03-27,Flood,South Sudanese urged to prepare for floods amid heavy rain forecast,"The Ministry of Environment and Forestry is calling on South Sudanese to brace for possible flooding this season as the Great Lakes region is hit with heavy downpours that are likely to raise the Nile water level. “We have come out from the heat but the next thing that is going to come is, we are going to have heavy rains which will also cause flooding,” he said. Four years of flooding in South Sudan from 2019 to 2022 affected two-thirds of the country – submerging swathes...",1000,,affected,wider / not specified,"In neighboring Kenya, heavy rains pounded the capital Nairobi and its surroundings since March 24 affected more than 1,000 households and killed at least four people, according to local media.","1,000 HH (affected)",,Eye Radio,https://eyeradio.org/south-sudanese-urged-to-prepare-for-floods-amid-heavy-rain-forecast/,state only,
Eastern Equatoria,Kapoeta East,2024,3,Mar,2024-03-27,Flood,16 Kapoeta East gold miners drown as heavy rain floods pits,"Kapoeta East Commissioner in Eastern Equatoria State said 16 people were confirmed dead and eight others survived after flash floods submerged a gold mine in the area on Sunday. Abdallah Lokeno said four miners met their death in Loyoro village after heavy rains burst riverbanks and flooded mining pits. Then water submerged the pits where they were mining gold – leading to the death of 4 people and about 8 others sustained injuries,” he narrated.",,16,reported,county named in same sentence,Kapoeta East Commissioner in Eastern Equatoria State said 16 people were confirmed dead and eight others survived after flash floods submerged a gold mine in the area on Sunday.,16 ind (reported); 12 ind (reported),Kapoeta South,Eye Radio,https://eyeradio.org/four-kapoeta-east-gold-miners-drown-as-heavy-rain-floods-pits/,title,
,,2024,3,Mar,2024-03-26,Drought,"Rising Heat, Drought and Disease: Climate Crisis Poses Grave Risks to Children in Eastern and Southern Africa","**Nairobi, 25 March 2024**-- As a prolonged heatwave and drought grip several countries in Eastern and Southern Africa, UNICEF is sounding the alarm on the dire situation faced by vulnerable communities who are bearing the brunt of climate change**. **In the region, 45 million children are living through multiple and often overlapping crises intensified by climate change, including cholera outbreaks, malnutrition, drought and floods. The 2023-24 El Niño phenomenon, one of...",,9000000,affected,wider / not specified,"Inadequate rains, floods, and prolonged dry spells have led to severe damage to crops and food production, impacting two million households (an estimated 9 million people, including 4.59 million children).","9,000,000 ind (affected); 4,590,000 ind (affected); 6,500,000 ind (affected); 3,000,000 ind (affected); 22,000 ind (affected); 2,400,000 ind (in need); 262,000 ind (reported); 5,200,000 ind (displaced)",,ReliefWeb (UN Children's Fund),https://reliefweb.int/report/madagascar/rising-heat-drought-and-disease-climate-crisis-poses-grave-risks-children-eastern-and-southern-africa,not found,
,,2024,3,Mar,2024-03-25,Flood,Police officer missing as floods submerge Kenya’s capital,"Torrential rains submerged critical transport routes in parts of Kenya’s capital Nairobi on Sunday as a police officer rescuing trapped residents was swept away in running water, local media reported. According to Citizen Digital, the police officer disappeared in raging floodwaters in Nairobi’s Country Bus station while helping to rescue four people trapped by the flash floods. Local media reported chaotic Sunday evening when heavy downpours led to flash floods in some...",,,,,,,,Eye Radio,https://eyeradio.org/police-officer-missing-as-floods-submerge-kenyas-capital/,not found,
,,2024,3,Mar,2024-03-18,Drought,Official calls for tree-planting to curb climate change,"Joseph Africano Bartel said most parts of South Sudan are expected to experience changes in weather patterns including drought, high temperatures, heavy rains and flooding. “We are experiencing heatwave, and the next thing we will be having heavy rain, then flooding will also be there and also drought, so these impacts are going to be more pronounce,” Bartel said in a joint press conference on Saturday. In 2022, temperatures soared across Europe and North America as...",,,,,,,,Eye Radio,https://eyeradio.org/official-calls-for-tree-planting-to-curb-climate-change/,not found,
Northern Bahr el Ghazal,Aweil Centre,2024,3,Mar,2024-03-14,Flood,"Govt, partners launch 2024 planting season in Aweil","According to a statement from his office, Governor Akeen outlined that the issue of climate change-induced flooding is a “major threat that always affects agricultural production in the state. South Sudan experienced unprecedented levels of seasonal floods from 2019 to 2022 that inundated low-lying areas including Northern Bahr el Ghazal – a phenomenon linked to the consequences of climate change. According to humanitarian agencies, floods are affecting between 750,000 and...",,,,,,,,Eye Radio,https://eyeradio.org/govt-partners-launch-2024-planting-season-in-aweil/,title,
,,2024,2,Feb,2024-02-23,Flood,Greater Horn of Africa is forecast to get above-average rainfall - March to May 2024,"Whilst this is a welcome prospect for food security after the prolonged drought that gripped the region until early 2023, it is accompanied by the risk that flooding will impact local communities and livelihoods. “Due to the increased rainfall recorded in the October to December 2023 period, along with the forecast of wetter-than-normal conditions from March to May, there is an elevated risk of flooding in areas prone to floods, said ICPAC director Dr. “The forecast...",,,,,,,,ReliefWeb (World Meteorological Organization),https://reliefweb.int/report/burundi/greater-horn-africa-forecast-get-above-average-rainfall-march-may-2024,not found,
,,2024,2,Feb,2024-02-23,Flood,Boost for farmers as IGAD predicts early rains over Horn of Africa,"It said the expected enhanced rainfall in several parts of the region is likely to “positively impact agriculture, water resources, and overall livelihoods.” “Due to the increased rainfall recorded in the October to December 2023 period, along with the forecast of wetter-than-normal conditions from March to May, there is an elevated risk of flooding in areas prone to floods,” noted ICPAC director Dr. Artan said the forecast raises the urgent need for coordinated action and...",,,,,,,,Eye Radio,https://eyeradio.org/boost-for-farmers-as-igad-predicts-early-rains-over-horn-of-africa/,not found,
,,2024,2,Feb,2024-02-08,Drought,World sees first 12 months above 1.5C warming level: climate monitor,"Storms, drought and fire have lashed the planet as climate change, supercharged by the naturally occurring El Nino phenomenon, stoked record warming in 2023, making it likely the hottest in 100,000 years. “1.5 is a very big number and it hurts us really badly in terms of heat waves, droughts, floods, reinforced storms, water scarcity across the entire world. Recent months have seen an onslaught of extremes across the planet, including devastating drought gripping the Amazon...",,130,reported,wider / not specified,"Those conditions have continued into February, with fires that started on Friday whipping into a deadly inferno that tore through neighbourhoods in the coastal Valparaiso region over the weekend leaving more than 130 people dead.",130 ind (reported),,Eye Radio,https://eyeradio.org/world-sees-first-12-months-above-1-5c-warming-level-climate-monitor/,not found,
Unity,Koch,2024,1,Jan,2024-01-25,Flood,"Unity State govt to renovate feeder roads, open Nile port","The state has been badly hit by four years of devastating seasonal floods that submerged swathes of its territories, destroying livelihoods and displacing thousands of people. Seasonal rains between 2019 and 2022 result in the overflowing of the rivers Nile, Lol, and Sobat, as well as the wetlands, causing unprecedented flooding in vast areas of land and settlements, the UN humanitarian agency – OCHA said. The floods situation means the feeder roads in Unity State and...",,,,,,,,Eye Radio,https://eyeradio.org/unity-state-govt-to-renovate-feeder-roads-open-nile-port/,body,
,,2024,1,Jan,2024-01-12,Flood,East Africa Key Message Update: Widespread flooding in the Horn and conflict in Sudan drive rising needs in November (December 2023),"- In November, humanitarian needs remained atypically high across several parts of East Africa amid record-high El Niño- induced rainfall and related flooding in the Horn, as well as ongoing conflict, displacement, and persistent macroeconomic challenges across the region. Overall, Crisis (IPC Phase 3) or worse outcomes persist in the worst drought- and flood- affected areas of the eastern Horn alongside reduced levels of humanitarian assistance in many areas, with concern...",,1500000,displaced,wider / not specified,"The floods have displaced nearly 1.5 million people across the three countries, caused extensive crop and livestock losses, disrupted livelihood and trade activities, and damaged infrastructure.","1,500,000 ind (displaced)",,ReliefWeb (Famine Early Warning System Network),https://reliefweb.int/report/sudan/east-africa-key-message-update-widespread-flooding-horn-and-conflict-sudan-drive-rising-needs-november-december-2023,not found,
,,2024,1,Jan,2024-01-08,Flood,Rice to the rescue: A WFP project changes lives and diets in flood-hit South Sudan,"With the climate crisis unleashing extreme weather, particularly flooding in the region, cultivating sorghum and other customary crops is becoming near impossible, pushing families perilously close to hunger and despair. ""Our crops were affected by floods, and our land had become infertile,"" Noon says. According to the United Nations Environment Programme, South Sudan is among the five most climate-vulnerable countries in the world, with decreasing rainfall in recent decades...",1200,900000,affected,wider / not specified,"He joined the project in 2020, at the height of devastating floods that swept across the country, uprooting and otherwise affecting nearly 900,000 people. | Supported by the United Kingdom, the project and similar ones have reached some 1,200 families in Northern Bahr El Gazal and neighbouring Warrap states.","1,200 HH (reported); 900,000 ind (affected)",,ReliefWeb (World Food Programme),https://reliefweb.int/report/south-sudan/rice-rescue-wfp-project-changes-lives-and-diets-flood-hit-south-sudan,not found,
,,2024,1,Jan,2024-01-04,Flood,"East Africa Seasonal Monitor: Atypically hot conditions persist while rainfall deficits deepen in August in the western sector (November 30, 2023)","- Exceptionally heavy rains and severe flooding over southeastern Ethiopia, Somalia, and Kenya in October and November have displaced around 1.5 million people, caused human fatalities and livestock deaths, and caused significant damage to critical infrastructure, property, and crops, according to UN OCHA and government agencies. - The intensity of rainfall in the October to December *deyr*/short rains season and impacts of associated floods have been among the worst in 40...",,1500000,displaced,wider / not specified,"- Exceptionally heavy rains and severe flooding over southeastern Ethiopia, Somalia, and Kenya in October and November have displaced around 1.5 million people, caused human fatalities and livestock deaths, and caused significant damage to critical infrastructure, property, and crops, according to UN OCHA and government agencies.","1,500,000 ind (displaced)",,ReliefWeb (Famine Early Warning System Network),https://reliefweb.int/report/south-sudan/east-africa-seasonal-monitor-atypically-hot-conditions-persist-while-rainfall-deficits-deepen-august-western-sector-november-30-2023,not found,
,,2023,12,Dec,2023-12-31,Flood,WFP Eastern Africa El-Nino Situation Update (20th December 2023),"*WFP is currently providing food and nutrition assistance to approximately 900,000 flood-affected people in the region. • Approximately 4.6 million people are affected by floods in the region since the October-December rains started, including over 1.8 million displaced. Rains are expected to continue up to early 2024.",,4600000,displaced,wider / not specified,"• Approximately 4.6 million people are affected by floods in the region since the October-December rains started, including over 1.8 million displaced.","2,200,000 ind (in need); 4,600,000 ind (displaced); 230,000 ind (reported)",,ReliefWeb (World Food Programme),https://reliefweb.int/report/somalia/wfp-eastern-africa-el-nino-situation-update-20th-december-2023,not found,
,,2023,12,Dec,2023-12-26,Flood,IOM Regional Office for East and Horn of Africa: East and Horn of Africa Flood Snapshot (July - November 2023),"The current El Niño conditions and the positive Indian Ocean Dipole have brought increased rains in most parts of the East and Horn of Africa, causing riverine and flash floods. Torrential rains also affected critical infrastructure, such as roads, bridges, water sources, and health facilities. Although the above-average rainfall may help pastoralist communities recover from the 2020–2023 drought, there are also risks of pasture and livestock disease outbreaks that may...",,3000000,displaced,wider / not specified,"The most affected countries have been Somalia (1.7 M), Ethiopia (763 K) and Kenya (475 K), with almost 3 million people affected and over 1.5 million displaced in those countries.","3,000,000 ind (displaced)",,ReliefWeb (International Organization for Migration),https://reliefweb.int/report/ethiopia/iom-regional-office-east-and-horn-africa-east-and-horn-africa-flood-snapshot-july-november-2023,not found,
,,2023,12,Dec,2023-12-20,Flood,Two million people to be protected from water-related climate shocks and flooding in Eastern and Southern Africa,"**WASHINGTON, December 20, 2023 —** Nearly two million people will be protected from exposure to water-related climate shocks, including flooding, thanks to protective and resilient infrastructure, improved disaster risk management, and social protection systems supported by the Regional Climate Resilience Program for Eastern and Southern Africa 2 (RCRP-2). *“Malawi has experienced 19 major floods and eight catastrophic droughts in the last five decades that have rolled back...",,,,,,,,ReliefWeb (World Bank),https://reliefweb.int/report/malawi/two-million-people-be-protected-water-related-climate-shocks-and-flooding-eastern-and-southern-africa,not found,
,,2023,12,Dec,2023-12-14,Flood,Eastern Africa: El Niño Impact Snapshot (December 2023),"**El Niño-induced heavy rains and flooding (riverine and flash floods) continued to hit parts of the Eastern African region,** including Burundi, Ethiopia, Kenya, Rwanda, Somalia, South Sudan, Sudan, Tanzania, and Uganda, leading to loss of lives, livelihoods, and displacement. At least 479 people have been killed, and more than 5.2 million people were affected by the heavy rains and flooding between September and mid-December 2023, with nearly two million people displaced...",,5200000,displaced,wider / not specified,"At least 479 people have been killed, and more than 5.2 million people were affected by the heavy rains and flooding between September and mid-December 2023, with nearly two million people displaced in Kenya, Somalia, Uganda, Burundi, and Ethiopia as of 15 December.","479 ind (displaced); 5,200,000 ind (displaced); 2,500,000 ind (affected); 1,500,000 ind (affected); 451,000 ind (affected); 546,000 ind (affected); 89,200 ind (affected)",,ReliefWeb (UN Office for the Coordination of Humanitarian Affairs),https://reliefweb.int/report/somalia/eastern-africa-el-nino-impact-snapshot-december-2023,not found,
Upper Nile,Malakal,2023,12,Dec,2023-12-08,Flood,SPLM Upper Nile adjourns Kiir’s endorsement over bad roads network,"SPLM members in the Upper Nile region have adjourned to February 2024 the endorsement of President Salva Kiir as flagbearer in the upcoming general elections due to bad roads caused by torrential rains and flooding, organizers have said. Joseph Nguen Monytuil, the head of Upper Nile High-Level Committee for the SPLM rally said, in a statement, the event has been adjourned due to pending preparations and existing flooding that affected roads network. The Unity State governor...",,,,,,,Wau,Eye Radio,https://eyeradio.org/splm-upper-nile-adjourns-kiirs-endorsement-over-bad-roads-network/,body,
,,2023,12,Dec,2023-12-07,Flood,Flood disaster in East Africa after devastating drought,"*After a long period of drought, heavy rainfall hit the countries in the Horn of Africa in October and November 2023. The arid soil could not absorb the water, resulting in devastating floods in many areas.* The floods in Somalia, Kenya, Ethiopia and South Sudan have been particularly destructive.",700,3100000,affected,wider / not specified,"In the entire region between Sudan and Tanzania, **over 3.1 million people** have been affected by the disaster in one way or another. | - In **southern and central Somalia**, WHH and partner organizations have so far provided more than 700 households (approx.","450,000 ind (displaced); 100 ind (displaced); 3,100,000 ind (affected); 330,000 ind (affected); 700 HH (reported); 4,300 ind (reported)",,ReliefWeb (Welthungerhilfe),https://reliefweb.int/report/somalia/flood-disaster-east-africa-after-devastating-drought,not found,
,,2023,12,Dec,2023-12-01,Flood,Horn of Africa floods displace more than two million,"More than two million people across the Horn of Africa have been forced from their homes by torrential rains and floods, according to an AFP tally compiled Thursday from government and UN figures. The heavy rainfall, linked to the El Nino weather pattern, has struck just as the region is emerging from the worst drought in 40 years that drove millions into hunger. “Regions that were struggling to recover from the economic and environmental impacts of prolonged drought are now...",,460000,displaced,wider / not specified,"In neighbouring Kenya, the interior ministry said Thursday the death toll from the flood disaster had risen to 136, with more than 460,000 people displaced.","300 ind (reported); 100 ind (displaced); 1,500,000 ind (reported); 4,300,000 ind (reported); 460,000 ind (displaced); 57 ind (displaced); 23 ind (reported)",,Eye Radio,https://eyeradio.org/horn-of-africa-floods-displace-more-than-two-million/,not found,
Northern Bahr el Ghazal,Aweil Centre,2023,11,Nov,2023-11-29,Flood,Village Saving and Loans Associations increasing flood resilience in South Sudan,"Concern Worldwide, through the Zurich Flood Resilience Alliance, is focused on finding practical ways to support communities to strengthen their flood resilience in Aweil West and Aweil North countries of Northern Bahr el Ghazal State through local actions such as Village Saving and Loans Associations.* **Building flood resilience through Village Saving and Loans Associations** Through the [Flood Resilience Measurement for Communities](https://floodresilience.net/frmc/)...",54,,reported,wider / not specified,54 households contributed about 3.5kgs of sorghum and three households contributed 3000SSP (1000 SSP per household).,54 HH (reported),Aweil North,ReliefWeb (Concern Worldwide),https://reliefweb.int/report/south-sudan/village-saving-and-loans-associations-increasing-flood-resilience-south-sudan,body,
Lakes,Rumbek Centre,2023,11,Nov,2023-11-28,Flood,Flooded Yirol-Rumbek road back to use after ARC intervened,Lake state Information minister says the road network linking Yirol and Rumbek that was destroyed last week due to flood water has been fixed.,,,,,,,,Eye Radio,https://eyeradio.org/flooded-yirol-rumbek-road-back-to-use-after-arc-intervened/,title,
Central Equatoria,Juba,2023,11,Nov,2023-11-25,Flood,NBGs decries high cost of living as floods block supply from Juba,Northern Bahr el Ghazal government said a supply cut caused by flooding that submerged sections of the Juba-Bahr el Ghazal Highway and the influx of displaced people from Sudan have worsened high cost of living in the state. Information Minister William Anyuon said commercial goods have not been coming from Juba for a month since flooding caused by torrential rains submerged parts of the tarmacked highway in Aluak-Luak of Lakes State.,,,,,,,,Eye Radio,https://eyeradio.org/nbgs-decries-high-cost-of-living-as-floods-block-supply-from-juba/,title,
,,2023,11,Nov,2023-11-23,Flood,EAC forum discusses climate change as El Nino rains hit region,"Food security, climate change, and financial sustainability topped the agenda of the East African High-Level Forum on Thursday as the region continues to endure catastrophic floods and droughts. Years of inadequate rainfalls and disastrous floods in the Horn of Africa, have shriveled crops, killed livestock and forced millions out of their homes, seeking relief, according to reports. Currently, the presence of El Niño rains in most parts of the region including Somalia,...",,3000000,displaced,wider / not specified,"The UN humanitarian agency said in November 2023 more than 3 million people were affected by the heavy rains and flooding between September and mid-November 2023, with at least 772,000 people displaced in Kenya, Somalia, Uganda, Burundi, and Ethiopia.","3,000,000 ind (displaced); 772,000 ind (displaced)",,Eye Radio,https://eyeradio.org/eac-forum-discusses-climate-change-as-el-nino-rains-hit-region/,not found,
Jonglei,Uror,2023,11,Nov,2023-11-20,Flood,24 miss PLE exams in Uror as plane unable to land over flooding,"At least 24 candidates in Jonglei State’s Uror County have missed the ongoing nationwide Primary 8 exams as floods hampered delivery of the examination papers on Monday morning. Martin Tako, the Acting Minister of General Education and Instruction said chartered planes were unable to find a landing space in Uror as the local airstrip is inundated and there is no suitable spot. He said flooding has submerged almost the whole area – making it difficult for planes to land...",,,,,,,,Eye Radio,https://eyeradio.org/24-miss-ple-exams-in-uror-as-plane-unable-to-land-over-flooding/,title,
,,2023,11,Nov,2023-11-17,Flood,Eastern Africa: El Niño Impact Snapshot (November 2023),"*The confirmation of the presence of El Niño conditions and a positive Indian Ocean Dipole by local models*have led to wetter-than-normal conditions triggering flooding (riverine and flash floods) in most parts of the affected by the heavy rains and flooding between September and mid-November 2023, with at least 772,000 *The floods have also reduced access to and caused damage to existing water sources and sanitation infrastructures*.",,3100000,reported,wider / not specified,"By 15 November, more than 3,100,000 people were","3,100,000 ind (reported); 1,700,000 ind (reported); 760,000 ind (reported); 450,980 ind (reported); 122,075 ind (reported); 89,200 ind (reported)",,ReliefWeb (UN Office for the Coordination of Humanitarian Affairs),https://reliefweb.int/report/somalia/eastern-africa-el-nino-impact-snapshot-november-2023,not found,
,,2023,11,Nov,2023-11-17,Flood,"Climate change is a headache for farmers everywhere, and especially in Aululic, South Sudan","Every year for five years, farmers in Aululic, South Sudan, watched their sorghum crops rot after floods inundated their lands. In Aululic, the farmers – 506 households comprising 3 306 individuals – turned to rice in the 2022 planting season after flooding destroyed their sorghum crop each year between 2018 and 2022. Cash-for-assets programmes allow low-income individuals and households to swap cash for some kind of labour-based activity that improves a community’s overall...",506,3306,reported,wider / not specified,"In Aululic, the farmers – 506 households comprising 3 306 individuals – turned to rice in the 2022 planting season after flooding destroyed their sorghum crop each year between 2018 and 2022.","506 HH (reported); 3,306 ind (reported)",,ReliefWeb (ForAfrika),https://reliefweb.int/report/south-sudan/climate-change-headache-farmers-everywhere-and-especially-aululic-south-sudan,not found,
,,2023,11,Nov,2023-11-16,Flood,ACAPS Briefing note - Kenya: Flooding in eastern and northern counties (16 November 2023),"- Rainfall escalated on 2 November and the River Tana overflowed its banks on 7 November, **flooding communities in Garissa county**. - Rainfall and flooding has had the **most significant impacts** in Garissa, Isiolo, Mandera, Marsabit, Samburu, Tana River, and Wajir counties. - Dadaab (Garissa county) and Kakuma (Turkana county) **refugee camps** have both been affected, with five flood-related deaths among refugees in Kakuma camp.",,,,,,,,ReliefWeb (ACAPS),https://reliefweb.int/report/kenya/acaps-briefing-note-kenya-flooding-eastern-and-northern-counties-16-november-2023,not found,
Upper Nile,Maban,2023,11,Nov,2023-11-16,Flood,300 household displaced following flash flooding in Maban County,"About three hundred households in Maban County of Upper Nile State have been displaced from their homes due to a recent flood, an official has said. Bolis Yemobili, the area Deputy Executive Director says the flash flooding which occurred on November 2, destroyed dozens of houses in about ten residential areas in the county. Speaking to Eye Radio, one of the flood-displaced persons, Theresa Joseph said they are living along the road to protect their children from water-borne...",300,,displaced,county named in same sentence,300 household displaced following flash flooding in Maban County.,300 HH (displaced),,Eye Radio,https://eyeradio.org/300-household-displaced-following-flash-flooding-in-maban-county/,title,
Warrap,Gogrial West,2023,11,Nov,2023-11-15,Flood,How floods introduced new method of farming in Warrap,"In Warrap State, where large settlements have been inundated by flashfloods and other stricken by dry spells in recent years, farmers abandon staple crops and turn to rice cultivation in a bid to adapt to the impact of climate change. Since 2019, South Sudan’s northern regions, including Warrap, have been adversely affected by flooding that had submerged farmlands and wiped livestock – leading to loss of livelihood and a prevailing food security situation. The floods and...",30539,1222397,reported,state named in same sentence,"Warrap has six counties with an estimated population of 1,222,397 people and covers an area of 33,962 square kilometers . | This is in comparison to the 2022 farm outcome that saw 30,539 households harvesting 150,465 bags of cereals and groundnuts.","1,222,397 ind (reported); 5,500,000 ind (reported); 15 ind (reported); 18 ind (reported); 30,539 HH (reported)",Twic,Eye Radio,https://eyeradio.org/how-floods-introduced-new-method-of-farming-in-warrap/,body,
Central Equatoria,Juba,2023,11,Nov,2023-11-13,Flood,East Africa Seasonal Outlook: Status & Implications of the Ongoing October –December 2023 Rainfall Season,"▪ The probabilities of EL Nino and the Indian Ocean Dipole (IOD) events remain high, indicating the likelihood of wetter-than-normal rains during the remaining part of the October-December season and into early 2024. ▪ Heavy rains have been received in central and southwest Somalia, and in southern and southeast Ethiopia since October leading to increased water levels in Juba and Shabelle rivers. Elsewhere, the rains intensified in late October or in early November.",12000,1240000,displaced,county named in same sentence,"This has affected about 1.24 million people in Somalia, with over 456,000 of them being temporarily displaced from their homes in Puntland, Galmudug, Southwest, Hirshabelle states and along the Juba River in Jubaland State. | • In Ethiopia’s Somali region, about 12,000 households (and 20 fatalities) have been affected in addition to damage to roads and bridges that is hindering the delivery of relief assistance, caused livestock losses, and damaged crops and properties.","1,240,000 ind (displaced); 12,000 HH (affected); 380 ind (displaced); 19,017 ind (displaced)",,ReliefWeb (World Food Programme),https://reliefweb.int/report/somalia/east-africa-seasonal-outlook-status-implications-ongoing-october-december-2023-rainfall-season,body,
Central Equatoria,Juba,2023,11,Nov,2023-11-13,Flood,Towards Flood Resilient Shelter Solutions,"Every year, natural hazards such as floods destroy thousands of houses and rob people of their homes. In 2021, in collaboration with EPFL Structural Xploration Lab and the Department of Engineering and Architecture at the University of Juba, Medair started a research project about flood-resilient shelter solutions, funded by Tech4Dev. The initial phase involved researching existing [traditional flood resilient construction solutions and...",,,,,,,,ReliefWeb (Medair),https://reliefweb.int/report/south-sudan/towards-flood-resilient-shelter-solutions,body,
,,2023,11,Nov,2023-11-12,Flood,NGO urges farmers to embrace climate-smart farming,"An international organization is calling on communities in the low-lying areas of the country to plant crops that are resistant to floods and dry spells in order to adapt to the impact of climate change. Guwoly Stella, a Roving Nutrition Program Manager at Action Against Hunger said producing flood-resistant crops such as banana, rice and sugarcane can help increase yields and avert hunger. Stella also feared that with the recent heavy downpours and climatic shocks...",,7100000,in need,wider / not specified,"According to the Integrated Food Security Phase Classification (IPC) report, about 7.1 million people in South Sudan are projected to be food insecure next year.","7,100,000 ind (in need)",,Eye Radio,https://eyeradio.org/ngo-urges-farmers-to-embrace-climate-smart-farming/,not found,
,,2023,11,Nov,2023-11-10,Flood,Libya Flood Reveals Disaster Prevention Deficit in Fragile States,"In early September, unseasonal heavy rainfall during Storm Daniel in Libya submerged settlements along the northeastern coast and caused extensive destruction. In the city of Derna, two dams and four bridges collapsed, leading to even worse flooding. As of October reports, the floods claimed over 4,000 lives and more than 8,500 people were still reported missing.",,8500,reported,wider / not specified,"As of October reports, the floods claimed over 4,000 lives and more than 8,500 people were still reported missing.","8,500 ind (reported)",,ReliefWeb (United Nations University),https://reliefweb.int/report/libya/libya-flood-reveals-disaster-prevention-deficit-fragile-states,not found,
Central Equatoria,Juba,2023,11,Nov,2023-11-10,Flood,"Flooding displaces 5,000 in Juba’s Gondokoro Payam","At least five thousand people have been displaced from Gondokoro and Mangala areas of Juba County due to the recent floods, a lawmaker in Central Equatoria State parliament said. Honorable Edward Dial, who visited the area on Thursday, said torrential rains has caused massive flooding that washed away farms and destroyed houses across four villages of the two payams. “People from Gondokoro and Mangala have all come to Jebel Ladu because the areas are flooded with water, we...",,,,,,,,Eye Radio,https://eyeradio.org/flooding-displaces-5000-in-jubas-gondokoro-payam/,title,
Jonglei,Pibor,2023,11,Nov,2023-11-08,Flood,Education Ministry records rising number of school dropouts,"He further stated that the rise in the number of children leaving schools is caused by factors including flash floods, conflicts, and food insecurity. According to him, the recent heavy rainfall may even polarize the dire situation in greater Pibor and Unity state. “The issue of flash floods.",,,,,,,,Eye Radio,https://eyeradio.org/education-ministry-records-rising-number-of-school-dropouts/,body,
Central Equatoria,Yei,2023,11,Nov,2023-11-07,Flood,MP appeals for relief aid to flood-displaced Yei residents,"A member of the national parliament representing Yei River County is appealing for immediate humanitarian assistance for flood-affected people in the area. ” Yesterday (Monday), 5 November heavy downpours affected a number of areas in Yei County particularly in Yei town and this has led to the displacement of civilians or residents in some areas in Yei, adding to all existing catastrophe humanitarian situations in the area , said The heavy downpour that lasted for three...",,,,,,,,Eye Radio,https://eyeradio.org/mp-appeals-for-relief-aid-to-flood-displaced-yei-residents/,title,
Unity,Rubkona,2023,11,Nov,2023-11-06,Flood,"Climate crisis drives malnutrition in South Sudan to unprecedented levels in flood-affected areas, WFP warns","JUBA – Children in flood-affected parts of South Sudan are expected to face extreme levels of malnutrition in the first half of 2024 as the climate crisis tightens its grip on the country, the United Nations World Food Programme (WFP) warned today. Rubkona, a county where floodwaters have permanently submerged entire communities or trapped them on small islands since 2021, is at the very frontline of the flooding and projected to face exceptionally high levels and severity...",,1600000,reported,wider / not specified,Data from the Integrated Food Security Phase Classification (IPC) shows more than 1.6 million children under five years of age are expected to suffer from malnutrition in 2024.,"1,600,000 ind (reported)",,ReliefWeb (World Food Programme),https://reliefweb.int/report/south-sudan/climate-crisis-drives-malnutrition-south-sudan-unprecedented-levels-flood-affected-areas-wfp-warns,body,
Central Equatoria,Yei,2023,11,Nov,2023-11-06,Heavy rainfall,"4 killed, 300 houses destroyed as torrential rains pound Yei River County","At least four people have died in Yei River County of Central Equatoria State after three days of heavy down pours accompanied by devastating storms caused flooding and landslide that left hundreds of homes destroyed, the commissioner said. Agrey Cyrus Kanyikwa lamented that the torrential rains battered the area in early November this year. A house covered in mud after heavy rain pounded Yei River County in Central Equatoria State.",,,,,,,,Eye Radio,https://eyeradio.org/4-killed-300-houses-destroyed-as-torrential-rains-pound-yei-river-county/,title,
Warrap,Twic,2023,11,Nov,2023-11-03,Flood,"Warrap rice farmers reap big, push for nationwide rice cultivation","Some local farmers in Twic County of Warrap State are calling on communities in the flooded plains of the country to plant rice as an adaptable crop that overcomes climate adversity. Warrap is among the most flood-hit areas in the country – a situation that leads to crops failure and dire food insecurity. However, in the beginning of last rainy season, the UN Food Agency (WFP) introduced new crops including rice to help the flood-affected areas overcome the effects of...",,,,,,,,Eye Radio,https://eyeradio.org/warrap-rice-farmers-reap-big-push-for-nationwide-rice-cultivation/,body,
Warrap,Twic,2023,11,Nov,2023-11-01,Flood,Warrap: How WFP training is helping women farmers diversified food production,"As a result, the agency initiated a capacity building of the locals and introduced them to verities of crops such as sweet potatoes and cassava that withstand the effects of long dry spells or droughts. The locals also thought rice farming to withstand the adverse effects of heavy rains causing floods We are experiencing high flooding, and we are also experiencing a long spell of dry season happening in this part of the country.",30539,,reported,wider / not specified,"This is in comparison to the 2022 farm outcome that saw 30,539 households harvesting 150,465 bags of cereals and groundnuts.","30,539 HH (reported)",,Eye Radio,https://eyeradio.org/warrap-how-wfp-training-is-helping-women-farmers-diversified-food-production/,body,
,,2023,10,Oct,2023-10-25,Flood,17 African countries join workshop to enhance access to climate change adaptation funds,"“Our continent faces consecutive droughts, floods, and locust infestations, endangering lives and livelihoods, hindering development gains, and impeding progress towards sustainable development goals,” he said. This led to an estimated 5,000 fatalities, 48 percent of which were associated with drought and 43 percent connected to flooding. Addressing the workshop by video, GEF CEO and Chairperson Carlos Manuel Rodriguez depicted the climate change toll in the Horn of Africa...",,,,,,,,ReliefWeb (Global Environment Facility),https://reliefweb.int/report/world/17-african-countries-join-workshop-enhance-access-climate-change-adaptation-funds,not found,
Central Equatoria,Terekeka,2023,10,Oct,2023-10-21,Drought,"‘Dry spell’ displaces Terekeka residents to Lakes, Equatoria, riverbanks – OCHA","The UN Office for Coordination of Humanitarian Affairs said a localized dry spell and crops failure in Terekeka County has forced the migration of thousands of local communities to neighboring areas. In its September Humanitarian Snapshot, OCHA said vulnerable people have been in dire need of humanitarian assistance due to food insecurity, conflict, economic downturn, and climatic shocks including floods and droughts and disease outbreaks. It says 6,000 people have been...",,12000,displaced,wider / not specified,"The agency also revealed that 12,000 people were displaced in mid-September during fighting between the SSPDF and armed youth in Pochalla County of Pibor Administrative Area.","6,000 ind (displaced); 12,000 ind (displaced); 17 ind (reported); 15 ind (reported)",Mundri West; Pibor; Mundri East; Awerial,Eye Radio,https://eyeradio.org/dry-spell-displaces-terekeka-residents-to-lakes-equatoria-riverbanks-ocha/,title,
,,2023,10,Oct,2023-10-17,Flood,Sudan war worsens South Sudan’s dire humanitarian crisis – OCHA,"The conflict in Sudan has exacerbated South Sudan’s humanitarian situation, with hundreds of thousands of displaced and local communities suffering overlapping crisis from flooding and food insecurity to the impact of funding constraints, a UN agency said. The agency said the country continues to face “overlapping crises, including floods, conflict and food insecurity – all of which adversely affect the resilience and vulnerability of people across the country.” It further...",,,,,,,,Eye Radio,https://eyeradio.org/sudan-war-worsens-south-sudans-dire-humanitarian-crisis-ocha/,not found,
,,2023,10,Oct,2023-10-15,Drought,"EHAGL Region: UNHCR's Drought response in Ethiopia, Kenya and Somalia (as of 30 Sep 2023)","Following poor rainfall in recent years, along with changing climatic conditions, the Horn of Africa region is facing a catastrophic drought. The drought is severely affecting millions of refugees, internally displaced persons (IDPs) and their host communities in Ethiopia, Kenya and Somalia. This dashboard provides a summary of new internal and cross-border displacements from and into drought-affected areas, as conflict, insecurity and environmental elements continue to...",,,,,,,,ReliefWeb (UN High Commissioner for Refugees),https://reliefweb.int/report/somalia/ehagl-region-unhcrs-drought-response-ethiopia-kenya-and-somalia-30-sep-2023,not found,
,,2023,10,Oct,2023-10-11,Flood,FSNWG Special Report: El Niño and Positive Indian Ocean Dipole to have Significant Multi-Sectoral Impacts in East Africa (11 October 2023),"Across western parts, El Niños are associated with below-normal rains from June to September. Meanwhile, across the Horn of Africa, El Niños are associated with above-normal rains and flooding between October and December. A positive Indian Ocean Dipole (IOD) is also underway and will likely enhance above-average rains in the Horn of Africa.",,18000000,displaced,wider / not specified,● Forecast flooding will likely drive additional population displacements in a region with already about 18 million internally displaced persons (IDPs).,"18,000,000 ind (displaced)",,ReliefWeb (Food Security and Nutrition Working Group),https://reliefweb.int/report/world/fsnwg-special-report-el-nino-and-positive-indian-ocean-dipole-have-significant-multi-sectoral-impacts-east-africa-11-october-2023,not found,
Unity,Rubkona,2023,10,Oct,2023-10-10,Flood,"In flood ravaged Bentiu, UNMISS, South Sudan government continue protecting displaced people","On the ground, more than two years of excessive rainfall have taken its toll on communities living here.",,160000,displaced,wider / not specified,"The worst sufferers of these unprecedented climate shocks: A fluctuating population of some 100,000 – 160,000 people who live in temporary shelters at the Internally Displaced Persons (IDP) camp here.","160,000 ind (displaced)",,ReliefWeb (UN Mission in South Sudan),https://reliefweb.int/report/south-sudan/flood-ravaged-bentiu-unmiss-south-sudan-government-continue-protecting-displaced-people,title,
,,2023,10,Oct,2023-10-09,Flood,S-Sudan’s govt secures $215 million in climate-change funding,"In South Sudan, project activities aim to prepare the ground for investments in long-term flood and drought protection measures as well as prioritize interventions through strengthening climate-resilient water resource management planning, early warning systems, enhanced monitoring and forecasting capabilities, and flood risk mapping. Launched in Juba today, the project also includes the construction and rehabilitation of flood protection infrastructure and supports...",,,,,,,,Eye Radio,https://eyeradio.org/s-sudans-govt-secures-215-million-in-climate-change-funding/,not found,
,,2023,10,Oct,2023-10-06,Flood,El Nino & IOD Conditions in Eastern Africa : Past Experiences & Anticipated Impacts in 2023/2024,"▪ EL Nino events are associated with the warming of the Sea Surface Temperatures (SST) over the tropical Pacific Ocean, which significantly influences rainfall in various parts of the world. ▪ In the eastern Horn of Africa, rainfall performance during El Nino events is associated with the perturbations in the Sea Surface Temperature (SST) over the Pacific ocean in addition to the Indian Ocean Dipole (IOD) i.e., the warming of the sea surface temperatures in the western pole...",,,,,,,,ReliefWeb (World Food Programme),https://reliefweb.int/report/somalia/el-nino-iod-conditions-eastern-africa-past-experiences-anticipated-impacts-20232024,not found,
,,2023,10,Oct,2023-10-06,Flood,Tens of millions of children uprooted by climate disasters: UNICEF,"Weather disasters fueled by climate change — from floods to droughts, storms to wildfires — sparked 43.1 million child displacements from 2016 to 2021, the UN Children’s Fund warned Thursday, slamming the lack of attention paid to victims. “We moved our belongings to the highway, where we lived for weeks,” recounts Sudanese child Khalid Abdul Azim, whose flooded village was only accessible by boat. From 2016 to 2021, four types of climate disasters (floods, storms, droughts...",,,,,,,,Eye Radio,https://eyeradio.org/tens-of-millions-of-children-uprooted-by-climate-disasters-unicef/,not found,
,,2023,10,Oct,2023-10-03,Drought,"Global Food Security Alert: Strong El Niño event will contribute to high food assistance needs through 2024 (October 3, 2023)","[El Niño](https://fews.net/sites/default/files/2023-03/White%20Paper%20-%20El%20Nino_1.pdf) typically brings below-average rainfall to Southern Africa, western East Africa, and LAC, on the one hand, and above-average rainfall to eastern East Africa and Afghanistan, on the other hand. The impacts of poor rainfall and above-average temperatures on agricultural production, food prices, and water, sanitation, and hygiene (WASH) are of greatest concern in drought-prone areas of...",,,,,,,,ReliefWeb (Famine Early Warning System Network),https://reliefweb.int/report/world/global-food-security-alert-strong-el-nino-event-will-contribute-high-food-assistance-needs-through-2024-october-3-2023,not found,
Eastern Equatoria,Torit,2023,9,Sep,2023-09-29,Drought,Why traditional rainmakers cannot make or block rain,"In drought-hit Eastern Equatoria State, farming communities turn their frustration on local rainmakers as four ritualists have been murdered in the last three years over allegations that they failed to bring rain to withered crops. Ali, also the Head of the Weather Forecast Department at Juba International Airport stated that the only way to alter rainfall patterns is through a scientific process. “They are beliefs, but humans do not have the ability to cause rain, whether...",,,,,,,,Eye Radio,https://eyeradio.org/why-traditional-rainmakers-cannot-make-or-block-rain/,body,
Central Equatoria,Juba,2023,9,Sep,2023-09-20,Drought,Hunger-stricken people from EES resort to quarry work in Juba,"Dudu started working at the quarries a few days after arriving in Juba from her village in Eastern Equatoria after her drought hit her village. He says he used to farm huge chang of land but the drought forced him to move to town to work at a quarry to make ends meet. “I came from the village to Juba because of drought which caused hunger in the village I farmed a big land but the sun burned the crops if there was no drought,” said Alberto.",,,,,,,,Eye Radio,https://eyeradio.org/hunger-stricken-people-from-ees-resort-to-quarry-work-in-juba/,title,
Western Equatoria,Mundri West,2023,9,Sep,2023-09-18,Flood,"Flood assessment report: Mundri West County - Western Equatoria State, Date: 18th September 2023","The assessment on the second flooding in Mundri was conducted by 14 humanitarian partners in Mundri West county namely; Sudan Relief and Rehabilitation Commission (RRC), County Health Department (CHD) South Sudan Red Cross (SSRC),Rural Development Action Aid (RDAA), Youth Empowerment Development Aid (YEDA), Mundri Relief and Development Association (MRDA), Sudan Evangelical Mission (SEM), Nonviolent Peace force (NP), Safe Community, This assessment report covers the areas...",,,,,,,,ReliefWeb (UN Children's Fund),https://reliefweb.int/report/south-sudan/flood-assessment-report-mundri-west-county-western-equatoria-state-date-18th-september-2023,title,
Unity,Leer,2023,9,Sep,2023-09-12,Flood,"Flooding cuts off roads, threatens human lives in Unity State","Nok Jiek Mok is a 70-year-old grandmother often transported on a wheelbarrow for medical follow-up in flood-devastated Unity State. It says the environmental impact including drought and flooding in different countries in the East and Horn of Africa coming that year and said it would have more impacts than normal. South Sudan, the youngest Nation in the world which was already affected by post-independence brutal war was affected by flooding.",,12000000,reported,state named in same sentence,“Governor Manytuil knows that all the 12 million people depend on it not only the people of Unity State.,"120,000 ind (reported); 12,000,000 ind (reported)",Rubkona; Juba; Koch; Wau,Eye Radio,https://eyeradio.org/flooding-cuts-off-roads-threatens-human-lives-in-unity-state/,body,
Unity,,2023,9,Sep,2023-09-10,Flood,Professor Akech regrets encounter with Unity State governor,"John Akech, his “was disagreement with him [Monytuil] and others on finding a more sustainable solution to problems of flooding.” Professor Akech asked whether the project was for flood defense, whether people knew the consequences, and if the government of Unity State knew anything about it. What is it for, flood defense, does he know what will be the consequences, does the government know anything about it?",,,,,,,,Eye Radio,https://eyeradio.org/professor-akech-regrets-encounter-with-unity-state-governor/,state only,
Upper Nile,Renk,2023,9,Sep,2023-09-02,Flood,Hundreds displaced as flood submerges Renk County,"Hundreds of people have been displaced as floodwater flowing from neighboring Sudan submerged Renk County in Upper Nile State leading to the destruction of livelihoods. Floodwater triggered by torrential rains in neighboring Sudan reportedly broke riverbanks and submerged residential areas. Padiet said the flooding is caused by an enormous volume of water flowing from Tadamun County in the Damazine region, through Khor Selif.",,,,,,,,Eye Radio,https://eyeradio.org/hundreds-displaced-as-flood-submerges-renk-county/,title,
Unity,Mayendit,2023,9,Sep,2023-09-02,Flood,A battle against malnutrition as children find hope through Right2Grow project,"The impact of communal and political conflicts, coupled with an apocalyptic flooding which first struck the area in 2020, have destroyed livelihoods and left this rural population in unimaginable condition. Since then, the area has remained poverty-stricken, with children under five years being extremely malnourished – and their chances of survival increasingly lessening every day as diseases, poor hygiene and floods continue to rage on. Rubkuay is one of the 13 payams of...",,6000000,reported,county named in same sentence,"The level of hunger here in Mayendit and other parts of Unity State reflects a similar situation elsewhere in the country, where more than 6 million people are at risk of hunger, according to the Integrated Food Security Phase Classification (IPC) report released late in 2022.","100,000 ind (reported); 6,000,000 ind (reported); 15,000 ind (reported); 4,900,000 ind (affected)",,Eye Radio,https://eyeradio.org/a-battle-against-malnutrition-as-children-find-hope-through-right2grow-project/,body,
Eastern Equatoria,Lafon,2023,9,Sep,2023-09-02,Flood,Lawmaker raises alarm over worsening hunger in Lafon,"A legislator representing Lafon County in Eastern Equatoria State parliament has raised alarm over a worsening hunger in the drought-hit area. Honorable Visor Likali said flooding and two consecutive dry spells have resulted in poor harvest and caused a dire food insecurity situation. “The situation of food security is very alarming; you remember last year there was too much flooding in the area and that flooding has resulted in a poor harvest,” he said speaking to Eye Radio...",,,,,,,,Eye Radio,https://eyeradio.org/lawmaker-raises-alarm-over-worsening-hunger-in-lafon/,title,
,,2023,8,Aug,2023-08-25,Drought,"EHAGL Region: UNHCR's Drought response in Ethiopia, Kenya and Somalia (as of 31 July 2023)","Following poor rainfall in recent years, along with changing climatic conditions, the Horn of Africa region is facing a catastrophic drought. The drought is severely affecting millions of refugees, internally displaced persons (IDPs) and their host communities in Ethiopia, Kenya and Somalia. This dashboard provides a summary of new internal and cross-border displacements from and into drought-affected areas, as conflict, insecurity and environmental elements continue to...",,,,,,,,ReliefWeb (UN High Commissioner for Refugees),https://reliefweb.int/report/somalia/ehagl-region-unhcrs-drought-response-ethiopia-kenya-and-somalia-31-july-2023,not found,
,,2023,8,Aug,2023-08-23,Flood,Greater Horn of Africa is forecast to get above-average rainfall,"The Greater Horn of Africa is finally emerging from three years of devastating drought, with above average rainfall predicted for the forthcoming season. Whilst this is a welcome prospect, it is accompanied by the risk that flooding will impact local communities and livelihoods. Notably, there is an exceptionally high probability (more than 80%) of experiencing wetter-than-usual rainfall in southern Ethiopia, eastern Kenya, and southern Somalia.",,,,,,,,ReliefWeb (World Meteorological Organization),https://reliefweb.int/report/ethiopia/greater-horn-africa-forecast-get-above-average-rainfall,not found,
,,2023,8,Aug,2023-08-22,Flood,"Al Gabalain interagency flood assessment, 07 August 2023","On 7 August 2023, Join Inter Agency Assessment with the Cluster lead agencies including UNHCR, WHO, UNFPA, UNICEF and WFP, and the NGOs respective partners (NRS-ADRA-S-PLAN-, CAFOD, ASSISST) conducted one day assessment for the affected 1016 HHs affected by the floods in Aljabalin town. Due to heavy rain falls and flood the main road to Aljabalain is closed. as observed during the mission, the running water and the flood destroyed all the houses and the latrines especially...",1023,,affected,wider / not specified,• The total affected population is 1023 HHs.,"1,016 HH (affected); 1,023 HH (affected); 728 HH (affected); 265 HH (affected)",,ReliefWeb (UN Office for the Coordination of Humanitarian Affairs),https://reliefweb.int/report/sudan/al-gabalain-interagency-flood-assessment-07-august-2023,not found,
,,2023,8,Aug,2023-08-22,Flood,IOM Regional Office for East and Horn of Africa: East and Horn of Africa Flood Snapshot (January - June 2023),"**1.4 M** Displaced by floods Since early 2023, the East and Horn of Africa has been affected by high levels of rainfall accumulation resulting in flash and riverine flooding and wet mass movements affecting millions of people the region, devastating agricultural land, and destroying water, sanitation, health, and transportation infrastructure. As of June, these weather events have displaced 1.4 million people in addition to the 2.7 million people displaced by the five...",,2700000,displaced,wider / not specified,"As of June, these weather events have displaced 1.4 million people in addition to the 2.7 million people displaced by the five consecutive seasons of drought in the Horn of Africa, amounting to an unprecedented degree of disaster displacement in the region.","1,400,000 ind (displaced); 2,700,000 ind (displaced)",,ReliefWeb (International Organization for Migration),https://reliefweb.int/report/ethiopia/iom-regional-office-east-and-horn-africa-east-and-horn-africa-flood-snapshot-january-june-2023,not found,
,,2023,8,Aug,2023-08-17,Flood,"The Republic of South Sudan: Flood Hazard - Flood Event Frequency, 2019 to 2022",,,,,,,,,ReliefWeb (REACH Initiative),https://reliefweb.int/map/south-sudan/republic-south-sudan-flood-hazard-flood-event-frequency-2019-2022,not found,
,,2023,8,Aug,2023-08-17,Drought,The Republic of South Sudan: Drought Hazard - Drought Condition 2001-2022,,,,,,,,,ReliefWeb (REACH Initiative),https://reliefweb.int/map/south-sudan/republic-south-sudan-drought-hazard-drought-condition-2001-2022,not found,
,,2023,8,Aug,2023-08-14,Flood,The Republic of South Sudan: Flood susceptibility,,,,,,,,,ReliefWeb (REACH Initiative),https://reliefweb.int/map/south-sudan/republic-south-sudan-flood-susceptibility,not found,
Unity,,2023,8,Aug,2023-08-14,Flood,"IGAD, UNDP sign $10m deal to establish early warning system","The establishment of an early warning system will provide timely weather information and alert citizens on climate hazards such as floods, droughts, heat waves, and storms. “The climate crisis is worsening in the Republic of South Sudan and over two million people are internally displaced due to flooding, droughts, excessive heat waves, and rain patterns resulting in crop failure,” Napwon said. Four straight years of flooding, an unprecedented phenomenon linked to climate...",,,,,,,,Eye Radio,https://eyeradio.org/igad-undp-sign-10m-deal-to-establish-early-warning-system/,state only,
,,2023,8,Aug,2023-08-10,Flood,Health and climate change,"Changing climate conditions are increasing the risks of heat-related illnesses, changing the patterns of infectious disease transmission and increasing the risk from extreme weather events like floods, droughts, wildfires, hurricanes as well as hazards like air pollution. Water-borne diseases like malaria can increase following floods while shifts in agricultural practices and food safety raise threats of food-related illnesses and malnutrition. In [South...",,,,,,,,ReliefWeb (World Bank),https://reliefweb.int/report/world/health-and-climate-change,not found,
Unity,Rubkona,2023,8,Aug,2023-08-07,Flood,Communities across flood-beleaguered Unity state continue suffering from climate shocks,"UNITY - Transformed into a watery archipelago by nearly four years of relentless flooding, Unity State stands as a stark testament to the climate crisis. When the rains first began, thousands scrambled to find dry land. Recently, Mongolian peacekeepers from the United Nations Mission in South Sudan (UNMISS), travelled by boat to Thong, a former town that has now—thanks to incessant rainfall—become a riverine island.",,5000,reported,wider / not specified,"Journeying seven kilometres, crisscrossing through a labyrinth of purple and white waterlilies that conceal the grim reality of submerged villages, Blue Helmets made their way carefully to this isolated settlement of roughly 5,000 people.","5,000 ind (reported)",,ReliefWeb (UN Mission in South Sudan),https://reliefweb.int/report/south-sudan/communities-across-flood-beleaguered-unity-state-continue-suffering-climate-shocks,body,
,,2023,8,Aug,2023-08-04,Flood,"East Africa Key Message Update: Above-average rainfall brings some relief in the Horn of Africa, but food assistance needs remain high in May (June 2023)","This is driven by the compounding impacts of the historic 2020-2023 drought in the Horn, conflict, four consecutive years of flooding in South Sudan, and sustained poor macroeconomic conditions. Meanwhile, the above-average March-May rainfall across the Horn has brought some relief from consecutive years of drought, contributing to a gradual recovery of livestock production. - In the Horn, above-average March to May rainfall generally supported crop production activities and...",,1300000,displaced,wider / not specified,"- Unprecedented fighting between the Sudan Armed Forces and the Rapid Support Forces in [Sudan](https://fews.net/east-africa/sudan/alert/may-2023) since mid-April has caused extensive disruption to markets and trade flows, the banking and health systems, basic infrastructure, and humanitarian operations, as well as led to the displacement of over 1.3 million people and deaths of hundreds of civilians.","1,300,000 ind (displaced); 75,000 ind (reported)",,ReliefWeb (Famine Early Warning System Network),https://reliefweb.int/report/south-sudan/east-africa-key-message-update-above-average-rainfall-brings-some-relief-horn-africa-food-assistance-needs-remain-high-may-june-2023,not found,
,,2023,8,Aug,2023-08-02,Flood,IGAD raises flood warning over parts of South Sudan,"Most parts of South Sudan could see heavy to extreme rainfall in the coming days with the possibility of flash floods, IGAD’s scientific center has warned. IGAD Climate Prediction and Application Center (ICPAC)’s forecast published on Wednesday shows torrential rains in 15% of South Sudan’s geographical map, in the next seven days. “There is a possibility of isolated flash floods due to rapid water accumulation in specific areas,” ICPAC says in its latest forecast.",,,,,,,,Eye Radio,https://eyeradio.org/igad-raises-flood-warning-over-parts-of-south-sudan/,not found,
Unity,Rubkona,2023,8,Aug,2023-08-01,Flood,Mongolian peacekeepers help battle malaria in flood-ravaged Bentiu,"UNITY - As the rainy season descends upon South Sudan, it brings two perennial challenges—widespread flooding and a formidable explosion of the mosquito population. Banen Non, the Head of Bentiu Hospital stated, ""We do have some tests, but many of our supplies are cut off due to flooding and the ongoing conflict in Sudan, our northern neighbour.",,,,,,,,ReliefWeb (UN Mission in South Sudan),https://reliefweb.int/report/south-sudan/mongolian-peacekeepers-help-battle-malaria-flood-ravaged-bentiu,title,
Upper Nile,Malakal,2023,8,Aug,2023-08-01,Flood,Communities in South Sudan prepare for flooding ahead of rainy season,"“It might not look like it, but when the rains come, this whole area is seriously hit by flooding and the only way to get around is by boat,” says Jorge, MSF’s logistics team leader. This year's rains have not yet arrived, but seasonal forecasts and climate change projections point to difficult times ahead. In May, the UN predicted that recent heavy rains in the Lake Victoria basin, coupled with the El Niño event (the warming of sea surface temperature) expected later this...",,,,,,,,ReliefWeb (Médecins Sans Frontières),https://reliefweb.int/report/south-sudan/communities-south-sudan-prepare-flooding-ahead-rainy-season,body,
Jonglei,Bor South,2023,7,Jul,2023-07-28,Flood,Climate change and conflict in South Sudan: Community perceptions and implications for conflict-sensitive aid,"Communities in Kapoeta reported anecdotal experience of increased frequency, severity, and length of dry periods and droughts, which are associated with loss of pastureland, drying up of ponds, and crop failures over the last 20 years. Participants described how, as dry spells have become longer, pastoralists have altered migration patterns, sometimes encroaching onto land considered to be the preserve of other tribal communities and staying longer in locations where water...",,,,,,,,ReliefWeb (Conflict Sensitivity Resource Facility),https://reliefweb.int/report/south-sudan/climate-change-and-conflict-south-sudan-community-perceptions-and-implications-conflict-sensitive-aid,body,
,,2023,7,Jul,2023-07-28,Flood,MP echoes Kiir’s call for $100m climate response budget,"The world is currently experiencing extreme weather and climate events, record temperatures, wildfires, drought, flooding, and rapid ice melt in the polar regions. South Sudan has also witnessed four years of unprecedented floods, resulting in the displacement of communities, destruction of infrastructure, and loss of lives. Josephine Napon stated that the ministry’s budget was being cut at a time when the country had experienced severe flooding in the last two years.",,,,,,,,Eye Radio,https://eyeradio.org/mp-echoes-kiirs-call-for-100m-climate-response-budget/,not found,
,,2023,7,Jul,2023-07-26,Drought,"EHAGL Region: UNHCR's Drought response in Ethiopia, Kenya and Somalia (as of 30 June 2023)","Following poor rainfall in recent years, along with changing climatic conditions, the Horn of Africa region is facing a catastrophic drought. The drought is severely affecting millions of refugees, internally displaced persons (IDPs) and their host communities in Ethiopia, Kenya and Somalia. This dashboard provides a summary of new internal and cross-border displacements from and into drought-affected areas, as conflict, insecurity and environmental elements continue to...",,,,,,,,ReliefWeb (UN High Commissioner for Refugees),https://reliefweb.int/report/somalia/ehagl-region-unhcrs-drought-response-ethiopia-kenya-and-somalia-30-june-2023,not found,
,,2023,7,Jul,2023-07-16,Flood,Japan issues heatstroke alerts as temperatures soar,"Japan issued heatstroke alerts Sunday to tens of millions of people as near-record high temperatures scorched swathes of the country, while torrential rain pummelled other regions. Meanwhile, torrential rain continued to lash northern Japan, where flooding and at least one landslide have been recorded. A man was found dead in a car submerged in a rice field in Akita prefecture, police told AFP, a week after seven people were killed in similar weather in the country’s...",,,,,,,,Eye Radio,https://eyeradio.org/japan-issues-heatstroke-alerts-as-temperatures-soar/,not found,
Jonglei,,2023,7,Jul,2023-07-08,Flood,Dr. John Garang Univ. launches rice plantation,John Garang Memorial University of Science and Technology in Jonglei State has launched a Rice Plantation initiative in a new agricultural method adapting to flooding. Jonglei state was submerged under water for four years of South Sudan seasonal floods – leaving thousands in dire humanitarian situations. The university is now set to plant climate-resilient crops as flooding in rice fields improves the growth of most varieties and reduces vulnerability to uneven rainfall.,,,,,,,,Eye Radio,https://eyeradio.org/dr-john-garang-univ-launches-rice-plantation/,state only,
,,2023,7,Jul,2023-07-07,Flood,Rising Above The Flood Waters,"In South Sudan, Relief International staff and the communities we work with pull together to ensure people can access health care even during floods. In South Sudan, when it rains, it pours. Every year, prolonged flooding caused by days of heavy rain devastates people’s lives in the hard-to-reach parts of the country.",,1000000,affected,wider / not specified,"According to OCHA, more than 1 million people in 39 counties across South Sudan were affected by severe flooding in 2022.","1,000,000 ind (affected); 9,400,000 ind (in need); 1,000,000 ind (reported)",,ReliefWeb (Relief International),https://reliefweb.int/report/south-sudan/rising-above-flood-waters,not found,
,,2023,7,Jul,2023-07-07,Flood,"IGAD predicts heavy rains, flooding in South Sudan",The IGAD Climate Prediction and Application Center has forecast torrential rains that could trigger severe flooding in most parts of South Sudan and parts of the East African region. ICPAC weekly weather forecast for the region says heavy rainfall of more than 200 millimeters is expected to hit central and northwestern South Sudan from 5-12 of July. The scientific center also predicts moderate rains of at least 50-200 millimeters over much of the country.,,,,,,,,Eye Radio,https://eyeradio.org/igad-predicts-heavy-rains-flooding-in-south-sudan/,not found,
,,2023,6,Jun,2023-06-30,Flood,Eastern Africa: Regional Flood Snapshot (June 2023),"**The global climate crisis is taking a devastating toll on communities in Eastern Africa, with over 2.2 million people facing destructive floods and landslides since mid-2022, many of whom had already been hit by five consecutive seasons of [drought](https://reliefweb.int/node/3965824/).** In South Sudan, persistent flooding from July 2022 into 2023 has affected at least one million people, many of whom were already facing urgent needs due to conflict and violence. In...",,3400000,affected,wider / not specified,"The last positive IOD in Eastern Africa, in 2019, caused widespread flooding—[affecting](https://reliefweb.int/node/3483258/) at least 3.4 million people—and contributed to a serious and widespread desert locust outbreak.","2,200,000 ind (affected); 468,000 ind (displaced); 247,000 ind (displaced); 355,000 ind (affected); 90,000 ind (displaced); 60,000 ind (affected); 163,000 ind (affected); 3,400,000 ind (affected)",,ReliefWeb (UN Office for the Coordination of Humanitarian Affairs),https://reliefweb.int/report/ethiopia/eastern-africa-regional-flood-snapshot-june-2023,not found,
Warrap,Gogrial West,2023,6,Jun,2023-06-30,Flood,Warrap launches rice plantation in Gogrial West,"The state Ministry of Agriculture introduces the rice plantation which started with the cultivation of 8.4 hectares of land in the flood-prone region. Gogrial West has been submerged throughout the four years of South Sudan seasonal floods – leaving thousands in dire humanitarian situations. But the government now plans to capitulate on the situation as flooding in rice fields improves the growth of most varieties, reduces vulnerability to uneven rainfall, and produces...",,,,,,,,Eye Radio,https://eyeradio.org/warrap-launches-rice-plantation-in-gogrial-west/,title,
,,2023,6,Jun,2023-06-23,Drought,"EHAGL Region: UNHCR's Drought response in Ethiopia, Kenya and Somalia (as of 31 May 2023)","Following poor rainfall in recent years, along with changing climatic conditions, the Horn of Africa region is facing a catastrophic drought. The drought is severely affecting millions of refugees, internally displaced persons (IDPs) and their host communities in Ethiopia, Kenya and Somalia. This dashboard provides a summary of new internal and cross-border displacements from and into drought-affected areas, as conflict, insecurity and environmental elements continue to...",,,,,,,,ReliefWeb (UN High Commissioner for Refugees),https://reliefweb.int/report/somalia/ehagl-region-unhcrs-drought-response-ethiopia-kenya-and-somalia-31-may-2023,not found,
,,2023,6,Jun,2023-06-23,Flood,Ethiopia to start fourth filling of grand dam,"The initiative is viewed by government officials, including several vice presidents, as a move to help open up rivers for economic activity and help mitigate floods that have affected most of the country. For four years, South Sudan has been experiencing extreme flooding leaving 1.2 million people affected by flooding across the country.",,1200000,affected,wider / not specified,"For four years, South Sudan has been experiencing extreme flooding leaving 1.2 million people affected by flooding across the country.","1,200,000 ind (affected)",,Eye Radio,https://eyeradio.org/ethiopia-to-start-fourth-filling-of-grand-dam/,not found,
,,2023,6,Jun,2023-06-20,Drought,Europe is world’s fastest warming continent: climate report,"Crop-withering drought, record sea-surface temperatures and unprecedented glacier melt are among the consequences laid out in a report by the World Meteorological Organization and the European Union’s Copernicus Climate Change Service. The world has warmed an average of nearly 1.2C since the mid-1800s, unleashing a devastating cascade of extreme weather, including more intense heatwaves, more severe droughts in some areas and storms made more ferocious by rising seas. In...",,16000,reported,wider / not specified,"Severe heat left more than 16,000 people dead last year, the report said, while floods and storms accounted for most of the $2 billion in damages from weather and climate extremes.","16,000 ind (reported)",,Eye Radio,https://eyeradio.org/europe-is-worlds-fastest-warming-continent-climate-report/,not found,
,,2023,6,Jun,2023-06-06,Flood,"East Africa Key Message Update: Humanitarian needs remain high despite improvement in rainfall over the Horn, April 2023","(IPC Phase 4!) in parts of Ethiopia and Somalia, and pockets of households in Catastrophe (IPC Phase 5), despite a favorable start to the March to May rains over much of the Horn of Africa that has helped to ease drought conditions. The continuation of high levels of acute food insecurity across East Africa is due primarily to three consecutive years of drought that have eroded livelihoods and assets; four consecutive years of flooding in South Sudan; episodic or protracted...",,,,,,,,ReliefWeb (Famine Early Warning System Network),https://reliefweb.int/report/somalia/east-africa-key-message-update-humanitarian-needs-remain-high-despite-improvement-rainfall-over-horn-april-2023,not found,
,,2023,5,May,2023-05-24,Drought,"EHAGL Region: UNHCR's Drought response in Ethiopia, Kenya and Somalia (as of 30 April 2023)","Following poor rainfall in recent years, along with changing climatic conditions, the Horn of Africa region is facing a catastrophic drought. The drought is severely affecting millions of refugees, internally displaced persons (IDPs) and their host communities in Ethiopia, Kenya and Somalia. This dashboard provides a summary of new internal and cross-boarder displacements from and into drought-affected areas, as conflict, insecurity and environmental elements continue to...",,,,,,,,ReliefWeb (UN High Commissioner for Refugees),https://reliefweb.int/report/somalia/ehagl-region-unhcrs-drought-response-ethiopia-kenya-and-somalia-30-april-2023,not found,
,,2023,5,May,2023-05-15,Flood,"Flooding in Somalia displaces 200,000 people: official","Around 200,000 people have been displaced due to flash flooding in central Somalia, a regional official told AFP on Saturday, as the Shabelle River burst its banks and submerged roads. Inhabitants of Beledweyne town in Hiran region were forced out of their homes as heavy rainfall caused water levels to rise sharply, with residents carrying their belongings on top of their heads as they waded through flooded streets in search of refuge. “Some 200,000 people are now displaced...",,200000,displaced,wider / not specified,"Flooding in Somalia displaces 200,000 people: official.","200,000 ind (displaced); 200,000 ind (displaced); 200,000 ind (displaced); 135 ind (displaced); 400 ind (reported); 65 ind (reported); 265 ind (displaced)",,Eye Radio,https://eyeradio.org/flooding-in-somalia-displaces-200000-people-official/,not found,
Unity,Rubkona,2023,5,May,2023-05-12,Flood,Acting in Advance of Flooding: Early action in South Sudan,"In 2022, forecasts showed there was a significant risk of catastrophic flooding in the most flood-prone areas of South Sudan during that year’s rainy season. The project was funded via allocations from two OCHA-managed pooled funds, Central Emergency Response Fund (CERF) and South Sudan Humanitarian Fund (SSHF), and intended to anticipate and actively mitigate the projected impacts of severe flooding. Suggestions for doing so ranged from increasing adaptive actions, such as...",,,,,,,,ReliefWeb (Tufts University),https://reliefweb.int/report/south-sudan/acting-advance-flooding-early-action-south-sudan,body,
Unity,,2023,5,May,2023-05-07,Flood,No river cleaning without feasibility studies – says official,"“We know flooding has impacted that place (Unity State), and people are looking for ways of mitigating the impact of flooding,” he said on the state-owned television SSBC. “We are glad that the ministry is taking the right step in making sure that before any activity can happen in Unity State regarding the flood management approach, a proper environmental impact study is done,” Mohamed said. In March 2023, President Salva Kiir directed the Ministry of Finance and Planning to...",,,,,,,,Eye Radio,https://eyeradio.org/no-river-cleaning-without-feasibility-studies-says-official/,state only,
,,2023,5,May,2023-05-07,Flood,Rwanda to spend almost $100m rebuilding after floods,"Rwanda on Saturday said it had set aside nearly $100 million to repair damaged infrastructure following powerful floods and landslides this week that claimed 131 lives and destroyed thousands of homes. More than 9,000 people were left homeless after rivers of mud swept through villages and cut off roads following heavy rain in several parts of the hilly and impoverished East African nation. Infrastructure Minister Ernest Nsabimana said 110 billion Rwandan francs ($98.5...",,9000,displaced,wider / not specified,"More than 9,000 people were left homeless after rivers of mud swept through villages and cut off roads following heavy rain in several parts of the hilly and impoverished East African nation.","9,000 ind (displaced); 9,000 ind (displaced); 65 ind (reported); 200 ind (reported); 170 ind (reported)",,Eye Radio,https://eyeradio.org/rwanda-to-spend-almost-100m-rebuilding-after-floods/,not found,
,,2023,5,May,2023-05-06,Flood,Floods kill over 170 people in east DR Congo,"More than 170 people have died after heavy rains and flooding in eastern DR Congo’s South Kivu province, officials said Friday, after torrential downpours killed dozens in neighbouring Rwanda. South Kivu governor Theo Ngwabije said dozens of people were unaccounted for in the Kalehe region, west of Lake Kivu and near the Rwandan border, where the floods also washed away hundreds of homes. Several villages in Kalehe were submerged when rivers burst their banks after heavy...",,176,affected,wider / not specified,"“We have about 176 people dead,” he said while visiting the affected area.",170 ind (reported); 170 ind (reported); 176 ind (affected); 100 ind (reported); 100 ind (reported); 11 ind (reported); 127 ind (reported); 20 ind (reported),,Eye Radio,https://eyeradio.org/floods-kill-over-170-people-in-east-dr-congo/,not found,
,,2023,5,May,2023-05-03,Flood,Rwanda floods and landslides kill more than 100 people,"More than 100 people have died after floods and landslides hit Rwanda’s northern and western provinces, authorities say. Rwanda’s public broadcaster RBA reports that the casualty numbers are expected to increase as floodwaters continue to rise. The heavy rains pounded Rwanda “all night” and more downpours are expected throughout the month, authorities say.",,100,reported,wider / not specified,Rwanda floods and landslides kill more than 100 people.,100 ind (reported); 100 ind (reported); 80 ind (reported),,Eye Radio,https://eyeradio.org/102017-2/,not found,
Central Equatoria,Juba,2023,4,Apr,2023-04-30,Flood,Juba Airport resumes flights after rain floods runway,The authorities at Juba International Airport say the airport has reopened to flights after heavy rain flooded the runway and caused the suspension of flights. Footage shared on social media on Saturday showed a section of the landing site submerged underwater forcing the cancellation of all flights.,,300,reported,wider / not specified,"On Friday, about 300 people coming from Paloch survived when their cargo plane slipped and crash-landed on the edge of the airport.",300 ind (reported),,Eye Radio,https://eyeradio.org/juba-airport-resumes-flights-after-rain-floods-runway/,title,
,,2023,4,Apr,2023-04-28,Drought,"EHAGL Region: UNHCR's Drought response in Ethiopia, Kenya and Somalia (as of 31 March 2023)","Following poor rainfall in recent years, along with changing climatic conditions, the Horn of Africa region is facing a catastrophic drought. The drought is severely affecting millions of refugees, internally displaced persons (IDPs) and their host communities in Ethiopia, Kenya and Somalia. This dashboard provides a summary of new internal and cross-boarder displacements from and into drought-affected areas, as conflict, insecurity and environmental elements continue to...",,,,,,,,ReliefWeb (UN High Commissioner for Refugees),https://reliefweb.int/report/somalia/ehagl-region-unhcrs-drought-response-ethiopia-kenya-and-somalia-31-march-2023,not found,
,,2023,4,Apr,2023-04-28,Heavy rainfall,Heavy rain submerges Mangateen IDPs camp,"Consecutive heavy downpours have battered Mangateen Internally Displaced Persons Camp in Juba, ripping through makeshift shelters and leaving hundreds in dire situation. Mangateen IDPs camp chairperson Makuei Chien Jok said the heavy rain has flooded all the shelters at the camp situated northwest of Juba city. Flooded office of the Mangateen camp chairman.",,14000,displaced,wider / not specified,The Mangateen camp was established in 2015 and hosts around 14 thousand internally displaced people who found refuge after the ongoing conflicts in the country.,"14,000 ind (displaced)",,Eye Radio,https://eyeradio.org/heavy-rain-submerges-mangateen-idps-camp/,not found,
,,2023,4,Apr,2023-04-28,Drought,"Drought in Horn of Africa due to global warming, report says","A devastating drought that has struck the Horn of Africa could not have occurred without global warming, according to a new report released Thursday from an international team of climate scientists. “Human-caused climate change has made agricultural drought in the Horn of Africa about 100 times more likely,” said a summary of the report by the World Weather Attribution (WWA) group. “The ongoing devastating drought would not have happened at all without the effect of...",,20000000,in need,wider / not specified,"“Instead, widespread crop failures and livestock deaths have left more than 20 million people at risk of acute food insecurity,” it further said.","20,000,000 ind (in need)",,Eye Radio,https://eyeradio.org/drought-in-horn-of-africa-due-to-global-warming-report-says/,not found,
Western Equatoria,Mundri West,2023,4,Apr,2023-04-24,Heavy rainfall,30 injured as heavy rain flattens houses in Mundri West,The commissioner of Mundri West County in Western Equatoria State said dozens of houses have collapsed injuring at least 30 people following a heavy downpour in Mundri town.,,30,reported,county named in same sentence,The commissioner of Mundri West County in Western Equatoria State said dozens of houses have collapsed injuring at least 30 people following a heavy downpour in Mundri town.,30 ind (reported); 30 ind (reported),,Eye Radio,https://eyeradio.org/30-injured-as-heavy-rain-flattens-houses-in-mundri-west/,title,
,,2023,4,Apr,2023-04-11,Drought,UN chief Guterres arrives in Mogadishu for brief visit to Somalia,"Guterres’s trip comes as the country is in the grip of a calamitous drought that has driven many to the brink of famine, while the government is also engaged in a major offensive to put down a bloody Islamist insurgency. Baidoa town and surrounding locations are hosting some of the largest camps for people displaced by the devastating drought and insecurity. Five straight failed rainy seasons in parts of Somalia as well as Kenya and Ethiopia have led to the worst drought in...",,260000,affected,wider / not specified,"Somalia was hit by a famine in 2011 which killed 260,000 people, more than half of them children under six, partly because the international community did not act fast enough, according to the UN.","1,700,000 ind (reported); 21 ind (displaced); 260,000 ind (affected)",,Eye Radio,https://eyeradio.org/un-chief-guterres-arrives-in-mogadishu-for-brief-visit-to-somalia/,not found,
Unity,Mayendit,2023,4,Apr,2023-04-03,Flood,Ghanaian peacekeepers give hope to flood-stricken Unity cattle and people alike,"UNITY – Persistent floods in southern Unity continue to have a devastating impact on not only people but also their livestock, which further exacerbates the situation of their owners. Floods have forced beasts and humans alike to the few highland areas not under water, thus creating a hazardous, fatal and disease-inducing scramble for grazing areas.",,,,,,,,ReliefWeb (UN Mission in South Sudan),https://reliefweb.int/report/south-sudan/ghanaian-peacekeepers-give-hope-flood-stricken-unity-cattle-and-people-alike,body,
Unity,Mayendit,2023,3,Mar,2023-03-31,Flood,"Aid convoy heads to flood-stricken Mayendit, Leer counties","At least 15 trucks of grain are destined for Rubkuai payam and Leer County, in Unity State, to be distributed to flood-affected populations in the area. As part of a wider commitment to support families and Flood Displaced persons in Southern Unity,” says the statement. South Sudan is reeling from four consecutive years of flooding, with the disaster now affecting nine out of ten states, the UN Office for the Coordination of Humanitarian Affairs (OCHA) said.",,,,,,,Leer; Rubkona,Eye Radio,https://eyeradio.org/aid-convoy-heads-to-flood-stricken-mayendit-leer-counties/,title,
,,2023,3,Mar,2023-03-28,Flood,14 perish in Somalia flash floods,"At least 14 people have been killed in southern Somalia after torrential rains triggered flash floods that have caused havoc in several towns and villages. “Most of the casualties were caused after the victims were trapped across a bridge in the town Thursday evening which was swept up in the floods,” he said. The rains signal the early start of the April-June rainy season, and have brought some relief to areas of the country suffering from the worst drought in four decades.",,100000,reported,wider / not specified,"Earlier this month, the World Health Organization (WHO) warned that nearly 100,000 people in Somalia were facing catastrophic levels of hunger due to the worst drought to hit the region in four decades.","14 ind (reported); 14 ind (reported); 100,000 ind (reported)",,Eye Radio,https://eyeradio.org/14-perish-in-somalia-flash-floods/,not found,
Unity,,2023,3,Mar,2023-03-28,Flood,Govt to release fund for Naam River feasibility studies,"President Salva Kiir directed the Ministry of Finance and Planning to avail funds for feasibility studies on the Naam River and building the resilience of flood-affected communities. The government gambles that the initiative, widely speculated to cause irreversible environmental damage, will ease the flow of access water downstream and alleviate the catastrophic flooding that has inundated the sudd region. Kiir said South Sudan is currently experiencing the impact of...",,,,,,,,Eye Radio,https://eyeradio.org/govt-to-release-fund-for-naam-river-feasibility-studies/,state only,
Northern Bahr el Ghazal,,2023,3,Mar,2023-03-26,Flood,NBGs govt asks residents to move to islands before rainy season,"Many of the five counties of Northern Bahr el Ghazal State are in plain low-lying areas susceptible to seasonal floods. In 2022, nearly seventy people died due to flood-related causes, and hundreds of thousands were internally displaced in the state, according to the authorities. William Anyuon the state minister of information said thousands of people have now returned to their homes after the floodwater started receding late last year.",,,,,,,,Eye Radio,https://eyeradio.org/nbgs-govt-asks-residents-to-move-to-islands-before-rainy-season/,state only,
,,2023,3,Mar,2023-03-23,Drought,"EHAGL Region: UNHCR's Drought response in Ethiopia, Kenya and Somalia (as of 28 February 2023)","Following poor rainfall in recent years, along with changing climatic conditions, the Horn of Africa region is facing a catastrophic drought. The drought is severely affecting millions of refugees, internally displaced persons (IDPs) and their host communities in Ethiopia, Kenya and Somalia. This dashboard provides a summary of new internal and cross-boarder displacements from and into drought-affected areas, as conflict, insecurity and environmental elements continue to...",,,,,,,,ReliefWeb (UN High Commissioner for Refugees),https://reliefweb.int/report/somalia/ehagl-region-unhcrs-drought-response-ethiopia-kenya-and-somalia-28-february-2023,not found,
Unity,Rubkona,2023,3,Mar,2023-03-23,Flood,‘Uncharted territory’: South Sudan’s four years of flooding,"It had not rained properly for months but the floods kept coming, inching up the mud-earth fortifications that stood between Bentiu’s marooned and starving people and the endless water beyond. Four straight years of flooding, an unprecedented phenomenon linked to climate change, has swamped two-thirds of South Sudan but nowhere more dramatically than Bentiu, a northern city besieged by water. Hundreds of thousands of people are trapped beneath the water line, protected only...",,7700000,reported,wider / not specified,Millions of livestock have perished and 10 percent of the country’s arable land has turned to swamp at a time when 7.7 million people do not have enough to eat.,"7,700,000 ind (reported); 20,000 ind (reported)",,Eye Radio,https://eyeradio.org/uncharted-territory-south-sudans-four-years-of-flooding/,body,
,,2023,3,Mar,2023-03-16,Flood,Malawi urges global help after Cyclone Freddy kills 225,"Malawi’s president appealed Wednesday for global support to tackle “a national tragedy” after Cyclone Freddy pummeled the southeast African nation, causing flooding and mudslides that have killed hundreds. Rescuers scrambled to reach survivors in southern parts of Malawi, mostly around the commercial capital of Blantyre, after Freddy smashed into the country and neighbouring Mozambique, triggering floods and landslides that have killed nearly 290 people in both countries....",,88000,displaced,wider / not specified,"Across the country, more than 88,000 people have been displaced, with many sheltering in 165 temporary camps.","290 ind (reported); 49,000 ind (displaced); 88,000 ind (displaced); 1,600 ind (reported)",,Eye Radio,https://eyeradio.org/malawi-urges-global-help-after-cyclone-freddy-kills-225/,not found,
,,2023,2,Feb,2023-02-27,Drought,"EHAGL Region: UNHCR's Drought response in Ethiopia, Kenya and Somalia (as of 31 January 2023)","Following poor rainfall in recent years, along with changing climatic conditions, the Horn of Africa region is facing a catastrophic drought. The drought is severely affecting millions of refugees, internally displaced persons (IDPs) and their host communities in Ethiopia, Kenya and Somalia. This dashboard provides a summary of new internal and cross-boarder displacements from and into drought-affected areas, as conflict, insecurity and environmental elements continue to...",,,,,,,,ReliefWeb (UN High Commissioner for Refugees),https://reliefweb.int/report/somalia/ehagl-region-unhcrs-drought-response-ethiopia-kenya-and-somalia-31-january-2023,not found,
,,2023,2,Feb,2023-02-22,Drought,Another poor rainy season forecast for drought-hit Horn of Africa,"Catastrophic consequences of the multi-year drought will continue in 2023 in the Horn of Africa, leaving communities in urgent need of assistance. According to new seasonal forecast, below-normal rainfall is expected in most parts of the region over the next three months. The IGAD Climate Prediction and Applications Centre (ICPAC), which is a WMO regional climate centre, announced that below-normal rainfall is expected in most parts of the Greater Horn of Africa (GHA) over...",,23000000,in need,wider / not specified,"The Food Security and Nutrition Working Group (FSNWG), co-chaired by IGAD and FAO, estimates that close to 23 million people are currently highly food insecure in Ethiopia, Kenya, and Somalia.","23,000,000 ind (in need)",,ReliefWeb (World Meteorological Organization),https://reliefweb.int/report/ethiopia/another-poor-rainy-season-forecast-drought-hit-horn-africa,not found,
,,2023,2,Feb,2023-02-22,Drought,Dry conditions highly likely to continue over the Horn of Africa during the March to May 2023 rainfall season,"**22 February 2023, Nairobi (Kenya) -** After almost three years of persistent drought conditions, IGAD Climate Prediction and Applications Centre (ICPAC) today announced that below-normal rainfall is expected in most parts of the Greater Horn of Africa (GHA) over the next three months. Delegates gathering in Nairobi, Kenya, for the 63rd Greater Horn of Africa Climate Outlook Forum (GHACOF 63) examined the forecast for the March to May (MAM) 2023 season which points towards...",,23000000,in need,wider / not specified,"The Food Security and Nutrition Working Group (FSNWG), co-chaired by IGAD and FAO, estimates that close to 23 million people are currently highly food insecure in Ethiopia, Kenya, and Somalia.","23,000,000 ind (in need)",,ReliefWeb (Intergovernmental Authority on Development),https://reliefweb.int/report/somalia/dry-conditions-highly-likely-continue-over-horn-africa-during-march-may-2023-rainfall-season,not found,
Eastern Equatoria,Kapoeta East,2023,2,Feb,2023-02-20,Drought,Four starve to death in drought-hit Kapoeta East,"Four people are known to have died of starvation in hunger-hit Jie Payam of Kapoeta East County amid reports of severe drought in the border area. Kapoeta East County in Eastern Equatoria lies in the same geographical location with northern Kenya, which has been drought-stricken for years. “They are depending on the rain, if it rains and water accumulates, then they drink from there.”",,70000,reported,wider / not specified,"The Jie tribe constitutes a population of 70,000 people, according to the 2008 census.","70,000 ind (reported)",,Eye Radio,https://eyeradio.org/four-starve-to-death-in-drought-hit-kapoeta-east/,title,
,,2023,2,Feb,2023-02-16,Drought,Sustained “no regrets” humanitarian efforts urgently needed in response to drought in the Horn of Africa,"Catastrophic consequences of the multi-year drought will continue in 2023, leaving communities in urgent need of assistance. Seasonal forecasts suggest a reasonable chance that the upcoming March–May rains will again underperform which, should it occur, would be an unprecedented sixth poor season. Communities will need years to recover from this historically severe drought.",,,,,,,,ReliefWeb (Famine Early Warning System Network),https://reliefweb.int/report/somalia/sustained-no-regrets-humanitarian-efforts-urgently-needed-response-drought-horn-africa,not found,
,,2023,2,Feb,2023-02-14,Drought,President of drought-hit Kenya holds prayers for rain,"Kenyan President William Ruto hosted a national prayer day to seek God’s intervention in challenges facing the country including drought and hunger. The East and Horn of Africa region is witnessing the worst drought in 40 years, with Kenyan officials saying at least 4.3 million people are in dire need of food assistance.",,4300000,reported,wider / not specified,"The East and Horn of Africa region is witnessing the worst drought in 40 years, with Kenyan officials saying at least 4.3 million people are in dire need of food assistance.","4,300,000 ind (reported)",,Eye Radio,https://eyeradio.org/president-of-drought-hit-kenya-holds-prayers-for-rain/,not found,
,,2023,1,Jan,2023-01-23,Drought,"EHAGL Region: UNHCR's Drought response in Ethiopia, Kenya and Somalia (as of 31 December 2022)",,,,,,,,,ReliefWeb (UN High Commissioner for Refugees),https://reliefweb.int/report/somalia/ehagl-region-unhcrs-drought-response-ethiopia-kenya-and-somalia-31-december-2022,not found,
Jonglei,,2023,1,Jan,2023-01-19,Flood,Egypt donates medical supplies to help affected people in Jonglei,"“Egypt donated a shipment of medicines, about two tons, to deal with the floods and the humanitarian situation in Jonglei state,” Ambassador Abdelkader told Eye Radio via phone in Juba on Thursday. “We have requested tents and equipment to deal with the floods the aid will not be limited to Jonglei, but will extend to other states, and we are waiting for your assistance very soon:” We are very much aware that the flood affected seven states in the country,” said Deng Dau.",,,,,,,,Eye Radio,https://eyeradio.org/egypt-donates-medical-supplies-to-help-affected-people-in-jonglei/,state only,
,,2023,1,Jan,2023-01-18,Drought,"Amid Record Drought and Food Insecurity, East Africa’s Protracted Humanitarian Crisis Worsens","Catastrophic drought in East Africa is the region’s worst disaster of its kind in four decades and is primed to bring an unprecedented sixth consecutive failed rainy season in 2023. Nearly 83,000 refugees and asylum seekers took refuge in similarly drought-affected areas of Kenya, Ethiopia, and Somalia during the first 11 months of 2022, according to the UN High Commissioner for Refugees (UNHCR). Another 1.1 million Somalis and 590,000 Ethiopians were displaced internally...",,37000000,in need,wider / not specified,"More than 37 million people around the region faced acute food insecurity as of August 2022, and analysts predict that a famine will be declared in Somalia this year","260,000 ind (in need); 37,000,000 ind (in need); 6,300,000 ind (in need); 4,400,000 ind (in need); 7,000,000 ind (reported); 15,000,000 ind (reported); 10,000,000 ind (reported)",,ReliefWeb (Migration Policy Institute),https://reliefweb.int/report/ethiopia/amid-record-drought-and-food-insecurity-east-africas-protracted-humanitarian-crisis-worsens,not found,
Unity,,2023,1,Jan,2023-01-16,Flood,Unity State floodwater levels remain high despite dry season – official,Authorities in Unity State said on Sunday that the flood situation there is still challenging as the water level has not receded even after 3 months without rain. The state is one of the worst hit regions by the persistent floods in parts of the country. Minister David Gai is appealing for intervention of the national government and humanitarian agencies to conduct research on the prevailing flooding in the lowlands of the country.,,,,,,,,Eye Radio,https://eyeradio.org/unity-state-floodwater-levels-remain-high-despite-dry-season-official/,state only,
Jonglei,,2023,1,Jan,2023-01-12,Flood,Gov’t approves SSP2B to rescue climate change-affected livestock,The economic cluster chaired by Vice President Wani Igga has approved more than two billion pounds meant to mitigate flood and drought impact on livestock in the country. Minister Napwon says the money will be used to buy necessary equipment and medicine to rescue flood-affected animals. “According to the assessment most of the livestock in the country has been affected by drought and floods.,,,,,,,,Eye Radio,https://eyeradio.org/govt-approves-ssp2b-to-rescue-climate-change-affected-livestock/,state only,
,,2022,12,Dec,2022-12-24,Flood,South Sudan ratifies Paris Agreement on Climate Change,"The country is in its fourth year of record floods that have submerged 60% of the land mass , and displaced hundreds of thousands of people. According to the International Crisis Group, South Sudan’s exposed floodplains and Nile Basin location render it especially susceptible to flooding. In upstream countries like Uganda and others, rainfall elevates Lake Victoria and Lake Albert’s water levels, and increases the flow of other sources that feed the White Nile, which...",,,,,,,,Eye Radio,https://eyeradio.org/south-sudan-ratifies-paris-agreement-on-climate-change/,not found,
Western Equatoria,,2022,12,Dec,2022-12-23,Flood,Floods submerge 60% of South Sudan’s land – MSF,"The four-year flooding in South Sudan submerged 60% of the country’s land and triggered a catastrophic humanitarian situation, the Medicines Sans Frontiers has said. In a press release, the medical charity says Jonglei, Northern Bahr El Ghazal, Upper Nile, Unity, Warrap, Western Equatoria, Lakes States, and Abyei Administrative Area, all experienced severe floods in the past few months. MSF says the floods have displaced hundreds of thousands of people, killed millions of...",,4000,reported,wider / not specified,"According to the charity outreach team, the situation has caused an alarming increase in rates of moderate to severe acute malnutrition – with more than 4000 children treated for malnutrition from January to September this year.","4,000 ind (reported)",,Eye Radio,https://eyeradio.org/floods-submerge-60-of-south-sudans-land-msf/,state only,
Upper Nile,Ulang,2022,12,Dec,2022-12-23,Flood,Flood waters submerge Ulang town as Dyke collapse – Official,"The Commissioner of Ulang County in Upper Nile State has said most parts of Ulang town have been submerged by the flood after the only Dyke there collapsed on Thursday. Ulang County in Upper Nile state has experienced several episodes of flooding since 2019. The recent flooding has caused the massive internal displacement of populations with their livestock in most parts of the county, posing a serious risk of food insecurity, poor health, poor nutrition status, and loss of...",,,,,,,,Eye Radio,https://eyeradio.org/flood-waters-submerge-ulang-town-as-dyke-collapse-official/,title,
,,2022,12,Dec,2022-12-22,Flood,"CRED Crunch Newsletter, Issue No. 69 (December 2022) - The interplay of drought-flood extreme events in Africa over the last twenty years (2002-2021)","Climate change is expected to increase the frequency and magnitude of hydro-climatic extremes events, such as floods and droughts, impacting economies, livelihoods, and the environment, particularly in vulnerable areas, such as in some African countries, where the occurrence of multi-hazard events is likely to amplify disaster impacts (IPCC, 2022) (1). The EM-DAT international disaster database indicates that over the last twenty years (2002-2021) floods (n=793) and droughts...",,33000000,affected,wider / not specified,"In contrast, droughts affected about 33 million people in 2021, 30 million in 2015, and 24 million in 2011 (Fig.","33,000,000 ind (affected)",,ReliefWeb (Centre for Research on the Epidemiology of Disasters),https://reliefweb.int/report/world/cred-crunch-newsletter-issue-no-69-december-2022-interplay-drought-flood-extreme-events-africa-over-last-twenty-years-2002-2021,not found,
,,2022,12,Dec,2022-12-20,Flood,"South Sudan, WFP sign water resources management deal","Emmanuel Lado Parmenas, the Undersecretary at the Water Ministry says the initiative will help mitigate and minimize the effects of flooding. Lado says the three-year agreement will start with an assessment and studies of areas impacted by floods across the country, to determine and design the projects. “WFP through the process of giving services to the people, have been constructing water management infrastructures such as dykes and roads,”",,,,,,,,Eye Radio,https://eyeradio.org/south-sudan-wfp-sign-water-resources-management-deal/,not found,
,,2022,12,Dec,2022-12-19,Drought,"EHAGL Region: UNHCR's Drought response in Ethiopia, Kenya and Somalia (as of 30 November 2022)",,,,,,,,,ReliefWeb (UN High Commissioner for Refugees),https://reliefweb.int/report/somalia/ehagl-region-unhcrs-drought-response-ethiopia-kenya-and-somalia-30-november-2022,not found,
Upper Nile,Ulang,2022,12,Dec,2022-12-19,Flood,Catastrophic floods cause mass displacement and escalate humanitarian crisis,"Behind them, their village is almost fully submerged by floodwaters. As many countries in Eastern Africa suffer the worst drought in four decades, [South Sudan](https://www.msf.org/south-sudan) sits uneasily on the opposite end of the spectrum – saturated by years of intense flooding that has affected more than one million people in the country. Four consecutive years of flooding have left about two-thirds of the country under water, with Jonglei, Northern Bahr El Ghazal,...",,4200,reported,wider / not specified,"Between January to September this year, more than 4,200 children were treated for malnutrition across our medical facilities in South Sudan.","4,200 ind (reported)",,ReliefWeb (Médecins Sans Frontières),https://reliefweb.int/report/south-sudan/catastrophic-floods-cause-mass-displacement-and-escalate-humanitarian-crisis,body,
,,2022,12,Dec,2022-12-14,Flood,Japan donates emergency flood relief to South Sudan,"The Government of Japan has donated emergency relief aid for flood-affected people in South Sudan. Maki Nakajima, a Development and Cooperation Officer in the Embassy of Japan in Juba told Eye Radio that the relief items are to help flood victims to protect themselves. “JICA provided relief goods for the people who are suffering from flooding to protect themselves and the emergency relief includes 80 tents, 900 blankets, 100 plastic sheets, 900 sleeping pads,” Nakajima told...",,,,,,,,Eye Radio,https://eyeradio.org/japan-donates-emergency-flood-relief-to-south-sudan/,not found,
,,2022,12,Dec,2022-12-07,Drought,"EHAGL Region: UNHCR's Drought response in Ethiopia, Kenya and Somalia (as of 31 October 2022)","Following poor rainfall in recent years, along with changing climatic conditions, the Horn of Africa region is facing a catastrophic drought. The drought is severely affecting millions of refugees, internally displaced persons (IDPs) and their host communities in Ethiopia, Kenya and Somalia. This dashboard provides a summary of new internal and cross-boarder displacements from and into drought-affected areas, as conflict, insecurity and environmental elements continue to...",,,,,,,,ReliefWeb (UN High Commissioner for Refugees),https://reliefweb.int/report/somalia/ehagl-region-unhcrs-drought-response-ethiopia-kenya-and-somalia-31-october-2022,not found,
Upper Nile,Fashoda,2022,12,Dec,2022-12-07,Flood,"“We don’t have resources”, says RRC Boss on humanitarian crisis in Chollo Kingdom","“We were just staying in the villages, we have no idea about what is happening, they just come and attack the area, and then people run away and many of the people drown in the flood water since the day before yesterday [December 5, 2022] other people are still in the water.” “We came yesterday [December 5, 2022] through all this flood, no boats, we were just footing in that water, now we are angry, no food, no clothes, and no shoes.” “During the heavy shooting people were...",,6725,reported,county named in same sentence,"One of the latest attacks occurred November 30, 2022, at the Aburoc IDPs camp in Fashoda that was hosting reportedly 6,725 civilians.","6,725 ind (reported)",Melut,Eye Radio,https://eyeradio.org/we-dont-have-resources-says-rrc-boss-on-humanitarian-crisis-in-chollo-kingdom/,body,
,,2022,12,Dec,2022-12-06,Drought,UNICEF Kenya Flash Situation Report No. 6 (Drought): October 2022,"- The drought situation continues to deteriorate in 21 out of the 23 ASAL counties in Kenya, due to the four failed consecutive rain seasons and the depressed October – December 2022 (short rains) season. Fourteen counties are in ALARM phase; 7 are in ALERT phase and only 2 are at NORMAL phase, and drought is affecting about 4.5 million people, (compared to 2.1 million in September 2021), of these approximately 2.14 million are children. With the drought situation continuing...",2058,4500000,affected,wider / not specified,"Fourteen counties are in ALARM phase; 7 are in ALERT phase and only 2 are at NORMAL phase, and drought is affecting about 4.5 million people, (compared to 2.1 million in September 2021), of these approximately 2.14 million are children. | - 2,058 households consisting of 2,606 children (1,324 girls and 1,282 boys) reached with humanitarian cash transfers, integrated with other UNICEF-supported outreach services, such as nutrition and health treatment, plus referrals for child protection cases an","4,500,000 ind (affected); 2,140,000 ind (affected); 10,316 ind (reported); 164,715 ind (reported); 42,826 ind (reported); 25,730 ind (reported); 10,127 ind (reported); 5,555 ind (reported)",,ReliefWeb (UN Children's Fund),https://reliefweb.int/report/kenya/unicef-kenya-flash-situation-report-no-6-drought-october-2022,not found,
Unity,Rubkona,2022,12,Dec,2022-12-05,Flood,Dozens of food trucks for flood-displaced arrive Unity State,"More than 20 trucks loaded with food items from Sudan, have arrived in Rubkona County in Unity State, as part of the government’s humanitarian response to flood-affected populations. A statement from the government of Unity State says the food items will be distributed to those affected and displaced by the fourth year of flash floods. In October 2022, the former Minister of Humanitarian Affairs and Disaster Management said he purchased food and non-food items for the...",,8300000,in need,wider / not specified,"According to the UN’s food agency – WFP, around 8.3 million people – 75 percent of the population are facing severe food insecurity.","8,300,000 ind (in need)",,Eye Radio,https://eyeradio.org/dozens-of-food-trucks-for-flood-displaced-arrive-unity-state/,body,
,,2022,11,Nov,2022-11-21,Flood,Emergency Assistance to the Republic of South Sudan in Response to the Flood,"Today, November 21, 2022, upon the request of the Government of the Republic of South Sudan, the Government of Japan has decided to provide emergency relief goods (tents, blankets, plastic sheets, sleeping pads, etc.) through the Japan International Cooperation Agency (JICA) to South Sudan in response to the damages caused by the flood. In light of the humanitarian perspective and the close relations between Japan and South Sudan, Japan has decided to provide emergency...",,1000000,affected,wider / not specified,"According to the UN OCHA, as of November 10, 2022, more than 1 million people were affected by the flood.","1,000,000 ind (affected)",,ReliefWeb (Government of Japan),https://reliefweb.int/report/south-sudan/emergency-assistance-republic-south-sudan-response-flood,not found,
Unity,Rubkona,2022,11,Nov,2022-11-17,Flood,Worsening flooding threatens fragile health system in South Sudan,"Many parts of South Sudan are submerged under several feet of flood waters as the rain continues to pour, with no signs of subsiding. Since mid-October, one million people across 29 counties have been displaced, as the fourth consecutive year of flooding ravages the country. Some people who fled from their villages due to floods in 2019 are yet to return to their homes which were destroyed.",,140000,reported,county named in same sentence,"In Rubkona County of Unity state, current estimates indicate that more than 140,000 people have had to leave their homes due to rising waters.","140,000 ind (reported); 300,000 ind (affected); 1,800,000 ind (affected); 10,000 ind (reported)",,ReliefWeb (CARE),https://reliefweb.int/report/south-sudan/worsening-flooding-threatens-fragile-health-system-south-sudan,body,
,,2022,11,Nov,2022-11-09,Flood,Building the evidence base: IMPACT’s research on climate change in crisis contexts,"In many crises, we are seeing how droughts, floods, and rising temperatures are worsening humanitarian conditions, triggering new cycles of displacement, eroding livelihoods, and contributing to food and water shortages. Reduced rainfall has contributed to significant water access issues, which has eroded longstanding agricultural livelihoods, triggered displacement in search of new economic opportunities, and caused a loss of biodiversity and disruption to ecosystems. This...",,,,,,,,ReliefWeb (IMPACT Initiatives),https://reliefweb.int/report/iraq/building-evidence-base-impacts-research-climate-change-crisis-contexts,not found,
,,2022,11,Nov,2022-11-04,Flood,"The triple threat of climate change, conflict, and health emergencies: A deadly mix for the most vulnerable in fragile settings [EN/ZH]","Somalia has suffered through an erratic cycle of droughts and floods in recent years, exacerbating an already dire humanitarian situation further complicated by three decades of armed conflict. Humanitarian organisations have also been responding to flooding in South Sudan and across the Sahel; devastating cyclones in Madagascar and Mozambique; and severe drought in the Horn of Africa. We see droughts, floods, insect plagues and changing rainfall patterns which can all...",,,,,,,,ReliefWeb (International Committee of the Red Cross),https://reliefweb.int/report/world/triple-threat-climate-change-conflict-and-health-emergencies-deadly-mix-most-vulnerable-fragile-settings-enzh,not found,
,,2022,11,Nov,2022-11-04,Flood,7.8 million South Sudanese risk famine next year – UN,"Nearly 8 million people in South Sudan are at risk of food insecurity and famine due to years of climate-induced flooding, according to a United Nations report on Thursday. “Hunger and malnutrition are on the rise in flood, drought- and conflict-affected areas of South Sudan, and some communities are at risk of famine unless humanitarian assistance is sustained and climate adaptation measures are strengthened,” reads the joint statement released by the UN agencies on...",,8000000,in need,wider / not specified,"Nearly 8 million people in South Sudan are at risk of food insecurity and famine due to years of climate-induced flooding, according to a United Nations report on Thursday.","8,000,000 ind (in need); 7,760,000 ind (in need); 1,400,000 ind (reported); 400,000 ind (reported)",,Eye Radio,https://eyeradio.org/7-8-million-south-sudanese-risk-famine-next-year-un/,not found,
Jonglei,,2022,11,Nov,2022-11-02,Flood,South Sudan: Seeds replace bullets as peace fund tackles hunger and climate change,"Now, thanks to the peace initiative, a 3km dyke has been built to protect homes from flooding – turning the area into something of an Eden insofar as the merciless climate crisis will allow. Devastating floods that began in 2019 made humanitarian conditions worse in Greater Jonglei. Together, people from different communities are now tilling and planting 1,000 *feddan*s (equivalent to 420 hectares), building the town’s dyke, repairing 6km of access roads, and maintaining the...",,131,reported,state named in same sentence,"Since June, WFP partners working through the trust fund helped the people of Walgak and other communities within the greater Jonglei region trace and recover 50 women and 131 children who had been abducted in past attacks.",50 ind (reported); 131 ind (reported),,ReliefWeb (World Food Programme),https://reliefweb.int/report/south-sudan/south-sudan-seeds-replace-bullets-peace-fund-tackles-hunger-and-climate-change,state only,
Upper Nile,Melut,2022,11,Nov,2022-11-01,Flood,"60,000 displaced by floods in Melut County","The commissioner of Melut County in Upper Nile State has described the flood situation as very awful – after reported tens of thousands of people were displaced. Deng Jou said on Tuesday, fresh floods has battered four Payams of Melut County, displacing 60,000 of the locals. “The situation here in the county I can say that it’s very awful, the southern area have been affected completely and seriously by the floods,” said the commissioner.",,,,,,,,Eye Radio,https://eyeradio.org/60000-displaced-by-floods-in-melut-county/,title,
Northern Bahr el Ghazal,Aweil Centre,2022,10,Oct,2022-10-31,Flood,South Sudan: Flooding Situation Report No. 1 (As of 31 October 2022),"• As of 28 October, over 1 million people were verified as affected by torrential rain and flooding in 36 counties across South Sudan and over 20,000 people in the southern part of the Abyei Administrative Area (AAA). • The ongoing flood response is hampered by renewed violence and insecurity, inaccessibility due to impassible roads, broken bridges, flooded airstrips, the lack of air assets, the lack of critical core pipeline supplies and funding constraints. If this water...",,108000,affected,state named in same sentence,"According to the Nutrition Cluster partners, floods and insecurity have affected a total of 111 nutrition sites and hindered the delivery of nutrition services to 108,000 children and pregnant and lactating women (PLW) in 42 counties in eight states, including Jonglei, Unity, Upper Nile, Lakes, Warrap, Western Bahr el Ghazal, Northern Bahr el Ghazal and Western Equatoria.","1,000,000 ind (affected); 20,000 ind (affected); 1,000,000 ind (affected); 20,000 ind (affected); 108,000 ind (affected)",Rubkona,ReliefWeb (UN Office for the Coordination of Humanitarian Affairs),https://reliefweb.int/report/south-sudan/south-sudan-flooding-situation-report-no-1-31-october-2022,body,
Unity,,2022,10,Oct,2022-10-31,Flood,"Govt procures food, non-food aid worth $20m for floods survivors","The Ministry of Humanitarian Affairs and Disaster Management said it has purchased food and non-food items amounting to 20 million US dollars for the flood-affected populations in the country. The relief items will be distributed to those displaced by flash floods in the states of Northern Bahr El Ghazal, Western Bahr El Ghazal, and Unity. “This shipment today, which we have purchased from Sudan to be delivered to those affected by flood and climate change related events;...",,,,,,,,Eye Radio,https://eyeradio.org/govt-procures-food-non-food-aid-worth-20m-for-floods-survivors/,state only,
Jonglei,,2022,10,Oct,2022-10-28,Flood,South Sudan - Flood Frequency 2019-2022 (28 October 2022),"**Recurrent flooding in South Sudan** This map shows areas where floodwater has been detected in multiple years between 2019 and 2022. Wetlands are indicated on the map as these areas are characterised by seasonal flooding, whilst flood extent beyond these areas represents more exceptional flooding.",,,,,,,,ReliefWeb (REACH Initiative),https://reliefweb.int/map/south-sudan/south-sudan-flood-frequency-2019-2022-28-october-2022,state only,
,,2022,10,Oct,2022-10-28,Flood,"‘Relocate flood victims to higher ground,’ activist tells govt",An environmental activist has called on the government to relocate the population in the floods affected areas to higher ground. Nyamach Hoth Mai told Eye Radio that cleaning and clearing are not going to solve the floods immediately. But Nyamach told Eye Radio that this is not a final solution for the issue of floods in the Upper Region.,,,,,,,,Eye Radio,https://eyeradio.org/relocate-flood-victims-to-higher-ground-activist-tells-govt/,not found,
,,2022,10,Oct,2022-10-27,Drought,"EHAGL Region: UNHCR's Drought response in Ethiopia, Kenya and Somalia (as of 30 September 2022)","Following poor rainfall in recent years, along with changing climatic conditions, the Horn of Africa region is facing a catastrophic drought. The drought is severely affecting millions of refugees, internally displaced persons (IDPs) and their host communities in Ethiopia, Kenya and Somalia. This dashboard provides a summary of new displacements, both internal and across borders, from and into drought-affected areas, as well as presenting the existing refugee populations...",,,,,,,,ReliefWeb (UN High Commissioner for Refugees),https://reliefweb.int/report/somalia/ehagl-region-unhcrs-drought-response-ethiopia-kenya-and-somalia-30-september-2022,not found,
,,2022,10,Oct,2022-10-27,Flood,"Floods, Displacement and Violence in South Sudan","The Horn is experiencing several weather hazards simultaneously, including a historic drought in its east and record floods in South Sudan, both of which are expected to continue at least through the end of 2022.",,,,,,,,ReliefWeb (International Crisis Group),https://reliefweb.int/report/south-sudan/floods-displacement-and-violence-south-sudan,not found,
,,2022,10,Oct,2022-10-25,Flood,South Sudan: Flooding - Country overview (25 Oct 2022),,,,,,,,,ReliefWeb (MapAction),https://reliefweb.int/map/south-sudan/south-sudan-flooding-country-overview-25-oct-2022,not found,
Upper Nile,,2022,10,Oct,2022-10-24,Flood,"Inter-agency rapid need assessment to the flood affected areas in greater Nasir county, 27th – 28th September 2022","The Upper Nile has been the most affected by flooding. Nasir County in particular has experienced several episodes of flooding since 2019 and since then the situation has never been the same. The recent flooding has caused massive internal displacement of populations with their Livestock in most parts of the county posing a serious risk food insecurity, poor health, poor nutrition status, loss of lives and loss of shelter Nasir County borders Ethiopia through main border...",,,,,,,,ReliefWeb (Adventist Development and Relief Agency International),https://reliefweb.int/report/south-sudan/inter-agency-rapid-need-assessment-flood-affected-areas-greater-nasir-county-27th-28th-september-2022,state only,
Unity,,2022,10,Oct,2022-10-24,Flood,"Machar, Angelina donate SSP 15m at Unity State’s floods fundraising","The First Vice President and the Minister of Defense donated 15 Million South Sudanese Pounds during Saturday’s fundraising to support flood-affected populations in Unity State. On the weekend, natives of the flood-stricken state including civilians, and political and military leaders organized the fundraising initiatives to render assistance to those displaced and stranded by flash floods. “So let’s think about dredging so the water can follow and invest in river transport...",,386000,affected,wider / not specified,"An estimated 386,000 people have been affected based on assessments that were conducted in 18 of the 27 counties reportedly impacted by floods.","386,000 ind (affected)",,Eye Radio,https://eyeradio.org/machar-angelina-donate-ssp-15m-at-unity-states-floods-fundraising/,state only,
Jonglei,Fangak,2022,10,Oct,2022-10-21,Flood,Conflict in Greater Upper Nile impedes assistance to people already devastated by flooding,"Catastrophic [flooding](https://www.msf.org/natural-disasters) and impeded access for humanitarian organisations to deliver essential and life-saving aid has made the situation even more dire. Numerous people were killed in the attack and many more drowned in the floodwaters as they tried to escape. The Protection of Civilians (PoC) site in Malakal is being inundated with new arrivals, with more than 18,000 people seeking safety in the camp.",,25000,displaced,county named in same sentence,"Another 25,000 people have fled south to Old Fangak.","40,000 ind (displaced); 18,000 ind (reported); 34,000 ind (reported); 25,000 ind (displaced)",Malakal; Panyikang,ReliefWeb (Médecins Sans Frontières),https://reliefweb.int/report/south-sudan/conflict-greater-upper-nile-impedes-assistance-people-already-devastated-flooding,body,
Unity,Panyijiar,2022,10,Oct,2022-10-20,Flood,"Inter-Agency Flood Assessment Report, Greater Nyal-Panyijiar County. 26th September 2022","Panyijiar County continues to experience floods due to increased water flow from upfront states such as Jonglei and Lakes State. The local communities in greater Nyal, with the support from the County leadership through the office of the RRC and County Commissioner, are mitigating the situation through relocation of the affected people to the higher lands and dykes’ construction. The humanitarian agencies/partners operating in Nyal through the office of the Relief and...",,,,,,,,ReliefWeb (International Medical Corps),https://reliefweb.int/report/south-sudan/inter-agency-flood-assessment-report-greater-nyal-panyijiar-county-26th-september-2022,title,
,,2022,10,Oct,2022-10-18,Drought,Policy Brief - A gendered impact of the hunger and drought crisis in the Horn of Africa,"*This policy brief combines findings from Plan International's Rapid Gender Analyses conducted in Ethiopia, South Sudan, Somalia and Kenya and existing literature, to present the gendered impacts of the hunger and drought crises in the Horn of Africa.*",,,,,,,,ReliefWeb (Plan International),https://reliefweb.int/report/ethiopia/policy-brief-gendered-impact-hunger-and-drought-crisis-horn-africa,not found,
Northern Bahr el Ghazal,,2022,10,Oct,2022-10-17,Flood,NBGs flood survivors have not received govt aid – official,"An official in Northern Bahr el Ghazal State said flood-affected populations in the state are yet to receive assistance despite the allocation of a budget by the national cabinet. Early in September, the government approved 16.7 million US dollars to the Ministry of Humanitarian Affairs and Disaster Management for emergency flood response across the country. The ministry later contracted 25 national companies to supply food and non-food items for the flood-affected...",,,,,,,,Eye Radio,https://eyeradio.org/nbgs-flood-survivors-have-not-received-govt-aid-official/,state only,
,,2022,10,Oct,2022-10-16,Drought,Greater Horn of Africa Drought and Food Insecurity (Grade 3 Emergency) Situation Report as of 16 September 2022,"• With the expectation of a poor rainfall season in late 2022 and prolonged drought, food insecurity and its impacts will increase the burden on the affected communities with already exhausted coping capacities. A major driver for the current situation is drought, with this year’s early rainy season preluding one of the most severe droughts in the last 70 years. Moreover, more than 80% of the eastern Horn of Africa received below average precipitation which is recorded to be...",,3000000,reported,wider / not specified,Over 3 million children below age of 5 years are suffering from acute malnutrition in Sudan4 .,"1,300,000 ind (reported); 189,580 ind (reported); 3,000,000 ind (reported); 192,000 ind (in need); 1,200,000 ind (in need); 386,973 ind (reported)",,ReliefWeb (World Health Organization),https://reliefweb.int/report/ethiopia/greater-horn-africa-drought-and-food-insecurity-grade-3-emergency-situation-report-16-september-2022,not found,
Northern Bahr el Ghazal,Aweil Centre,2022,10,Oct,2022-10-16,Flood,"South Sudan Key Message Update: Conflict and flooding continue to drive Crisis (IPC Phase 3) or worse outcomes, September 2022","Crisis (IPC Phase 3) outcomes, with an increasing number of areas in Emergency (IPC Phase 4), are widespread across South Sudan due to the impacts of conflict, flooding, and macroeconomic challenges. However, many households still face moderate to extreme food consumption gaps, especially in the areas where the impacts of conflict and/or flooding is severe and humanitarian access is limited. The June to September main rainy season has broadly improved in northwestern and...",,1000000,displaced,wider / not specified,"So far, this is notably lower than the estimated 1 million people displaced by flooding in 2020 and 835,000 people in 2021.","27,000 ind (displaced); 250,000 ind (affected); 386,000 ind (affected); 1,000,000 ind (displaced); 835,000 ind (displaced)",Fangak; Canal/Pigi; Rumbek Centre; Mayendit; Cueibet; Torit; Leer,ReliefWeb (Famine Early Warning System Network),https://reliefweb.int/report/south-sudan/south-sudan-key-message-update-conflict-and-flooding-continue-drive-crisis-ipc-phase-3-or-worse-outcomes-september-2022,body,
,,2022,10,Oct,2022-10-14,Flood,"Flooding, conflict, and hunger crushing the lives of South Sudan’s children","TONJ, South Sudan, 14 October 2022 – Widespread flooding in recent months, combined with inter-communal conflict and soaring food prices, has driven South Sudan into its worst hunger crisis since independence in 2011, with rising numbers of children at risk daily from malnutrition, disease, and snakebites, Save the Children said. The situation has deteriorated in recent months with more than [615,000...",,4000000,displaced,wider / not specified,"So far, only about 45% of a UN international humanitarian funding appeal for [US$1.7 billion](https://reliefweb.int/report/south-sudan/urgent-funding-needed-multiple-interconnected-shocks-plight-people-south-sudan ""https://reliefweb.int/report/south-sudan/urgent-funding-needed-multiple-interconnected-shocks-plight-people-south-sudan"") has been raised for South Sudan where more than 4 million people are displaced including about 2.2 million refugees from neighbouring countries.","8,900,000 ind (reported); 1,400,000 ind (reported); 615,000 ind (affected); 4,000,000 ind (displaced); 2,200,000 ind (reported); 1,500,000 ind (reported)",,ReliefWeb (Save the Children),https://reliefweb.int/report/south-sudan/flooding-conflict-and-hunger-crushing-lives-south-sudans-children,not found,
Western Equatoria,,2022,10,Oct,2022-10-14,Flood,"Floods displaced over 900,000 people countrywide – OCHA","Heavy rains and severe flooding have affected more than 900,000 people across South Sudan since August, the UN’s humanitarian agency said in a report. The Office for Coordination of Humanitarian Affairs has also revealed that at least 616,000 people were affected by floods and torrential rains in 22 counties as of 30 September. The report said that extensive flooding, high levels of food insecurity, violence, and disease outbreak continue to impact people across the country...",,900000,displaced,wider / not specified,"Floods displaced over 900,000 people countrywide – OCHA.","900,000 ind (displaced); 900,000 ind (affected); 616,000 ind (affected)",,Eye Radio,https://eyeradio.org/floods-displaced-over-900000-people-countrywide-ocha/,state only,
Northern Bahr el Ghazal,Aweil Centre,2022,10,Oct,2022-10-14,Flood,NBGs authorities probe mysterious death of 33 livestock,"“We have a team in Aweil South, where the water submerged the area. Uguak said the disease often affects livestock in flood situation. The four years of flooding has submerged much of South Sudan under water, taking heavy tolls on livestock in the country’s plains.",,,,,,,Aweil South; Aweil West,Eye Radio,https://eyeradio.org/nbgs-authorities-probe-mysterious-death-of-33-livestock/,body,
Unity,Rubkona,2022,10,Oct,2022-10-14,Flood,Unity state govt calls on oil companies to protect environment amid flash floods,The deputy governor of Unity State has called on the oil companies operating in the state to protect the environment amid flash floods.,,,,,,,Guit; Koch,Eye Radio,https://eyeradio.org/unity-state-govt-calls-on-oil-companies-to-protect-environment-amid-flash-floods/,body,
Upper Nile,,2022,10,Oct,2022-10-12,Flood,"Flash floods displace over 50,000 people in Nasir County – Official","Flash floods displaced more than 50,000 people in Nasir County of Upper Nile state, and the authority is now appealing to humanitarian agencies for emergency intervention. Commissioner Nasir County, Duol Kun Thian told Eye Radio, the flooding which covers the entire county has displaced thousands of his citizens. He attributes the situation to the persistent torrential rainfall causing the Nile River to burst its bank and flow into villages.",,50000,displaced,state named in same sentence,"Flash floods displaced more than 50,000 people in Nasir County of Upper Nile state, and the authority is now appealing to humanitarian agencies for emergency intervention.","50,000 ind (displaced); 50,000 ind (displaced); 50,000 ind (displaced)",,Eye Radio,https://eyeradio.org/flash-floods-displace-over-50000-people-in-nasir-county-official/,state only,
Western Bahr el Ghazal,Wau,2022,10,Oct,2022-10-11,Flood,South Sudan: Flooding Snapshot No. 2 (As of 11 October 2022),"Over 900,000 people were reportedly impacted by floods in 29 counties across South Sudan and in the southern part of the Abyei Administrative Area. Reportedly, the floods destroyed livestock and crops; washed away roads and bridges; destroyed homes, schools and health facilities; and submerged boreholes and latrines thereby contaminating water sources and risking outbreaks of waterborne diseases. In Unity, increasing water levels were reported in Rubkona and Bentiu towns,...",,50000,reported,county named in same sentence,"In Western Bahr el Ghazal, the collapse of a key bridge between Wau-Raja counties due to heavy rains is hampering the response of some 50,000 people, including 30,000 returnees mainly from Sudan, living in Raja County.","900,000 ind (affected); 50,000 ind (reported)",Raja; Rubkona,ReliefWeb (UN Office for the Coordination of Humanitarian Affairs),https://reliefweb.int/report/south-sudan/south-sudan-flooding-snapshot-no-2-11-october-2022,body,
Northern Bahr el Ghazal,Aweil North,2022,10,Oct,2022-10-11,Flood,"Citizens praise MP who donated $15,000 allowance to constituency","Citizens across the country have heaped praises for the member of parliament, who donated his medical allowances to the flood-affected populations at his constituency. On Tuesday, Deng Tong Kuol, a national lawmaker representing Aweil North County in the state of Northern Bahr el Ghazal, donated his $15,000 medical allowance to floods survivors. He confirmed, the donation of 3 million SSP to support people affected by flooding in Aweil North County and 8,000 USD to his...",,,,,,,Aweil Centre,Eye Radio,https://eyeradio.org/citizens-praise-mp-who-donated-15000-allowance-to-constituency/,body,
,,2022,10,Oct,2022-10-10,Drought,Greater Horn of Africa Drought and Food Insecurity (Grade 3 Emergency) Situation Report as of 10 October 2022,"•The drought in the Greater Horn of Africa (GHoA) is predicted to continue into the late annual rainy season (Figure 1). For the first time in 40 years, four consecutive seasons of below-normal rains have been recorded in the GHoA countries. A major driver for the current situation is drought, with this year’s early rainy season preluding one of the most severe droughts in the last 70 years.",,5,affected,wider / not specified,•Food insecurity compounded by rising food prices continues to negatively impact the quality of diets and the rate of malnutrition relapse in the GHoA countries •Trends in new admissions of acute malnourished cases among U5 children in nutrition programs in refugee sites and nutrition screening among new arrivals indicate critical levels of global acute malnutrition (above 15% of emergency) and acute food insecurity with further deterioration likely in 2023.,"5 ind (affected); 1,300,000 ind (reported); 189,580 ind (reported); 3,000,000 ind (reported); 192,000 ind (in need); 1,200,000 ind (in need); 386,973 ind (reported)",,ReliefWeb (World Health Organization),https://reliefweb.int/report/ethiopia/greater-horn-africa-drought-and-food-insecurity-grade-3-emergency-situation-report-10-october-2022,not found,
Unity,Rubkona,2022,10,Oct,2022-10-10,Flood,Anxiety as flood submerges section of Bentiu IDPs camp,"Part of the Internally Displaced Persons Camp in Rubkona County of Unity State has been submerged in floodwater after the main dyke broke over the weekend. “One of these sectors is the one in which the water was leaking yesterday in the morning so there are not too many populated people who have displaced it maybe a hundred people who have been displaced yesterday because of dyke in IDP camp yesterday,” The government spokesperson downplayed the magnitude of devastation...",,112329,displaced,wider / not specified,"As per April 2022 population count findings, the population of Bentiu IDP Camp stands at 112,329 individuals in 12,017 inhabited shelters according to Displacement Tracking Matrix.","112,329 ind (displaced)",,Eye Radio,https://eyeradio.org/anxiety-as-flood-submerges-section-of-bentiu-idps-camp/,title,
Jonglei,Uror,2022,10,Oct,2022-10-10,Flood,"Over 3,000 displaced by flooding in Uror County","More than 3,000 people are rendered homeless after flashfloods submerged the entire area, the local authorities in Uror County of Jonglei State have said. The Relief and Rehabilitation Coordinator, Gatwang Jokthiang termed the flood situation as a disaster for the entire area. “The flooding in Uror County so it occurred like a disaster.",,3000,displaced,county named in same sentence,"More than 3,000 people are rendered homeless after flashfloods submerged the entire area, the local authorities in Uror County of Jonglei State have said.","3,000 ind (displaced); 3,500 ind (displaced)",,Eye Radio,https://eyeradio.org/over-3000-displaced-by-flooding-in-uror-county/,title,
,,2022,10,Oct,2022-10-06,Flood,The Great Flood: Rising waters and food insecurity (October 2022),"From monsoons in Southeast Asia to hurricanes in America and droughts in Africa, receding and surging water flows have become the cycle of people’s lives. Africa has been hit disproportionately hard by the fallout from climate change, which has aggravated droughts, flooding and cyclones across the continent in recent years. South-East Asia has not been spared of floods whose patterns are governed by the volume of rain that comes with the summer Monsoon season.",,38200000,in need,wider / not specified,"Regionally, 38.2 million people are projected to be food insecure across West and Central Africa while 10 of the 48 Asian nations recognised by the UN are food deficit.","1,550 ind (reported); 38,200,000 ind (in need)",,ReliefWeb (SBM Intelligence),https://reliefweb.int/report/world/great-flood-rising-waters-and-food-insecurity-october-2022,not found,
Northern Bahr el Ghazal,Aweil East,2022,10,Oct,2022-10-02,Flood,Flood-displaced NBGs civilians living on edges of highway,"Civilians displaced by flooding in Aweil East County of Northern Bahr El Ghazal State are living on road sides after flash-floods submerged villages, forcing an estimated 2,000 households out of their homes, according to local authorities. The paramount chief of Koum village Garang Tail said flooding said torrential rainfall throughout September has caused a humanitarian disaster in the village. The local chief told Eye Radio that flooding has destroyed livelihoods and left...",2000,38,reported,county named in same sentence,"RRC Coordinator Dut Majokdit said 38 people drowned as floods submerged their homes while 30 others died from venomous snake bites. | Civilians displaced by flooding in Aweil East County of Northern Bahr El Ghazal State are living on road sides after flash-floods submerged villages, forcing an estimated 2,000 households out of their homes, according to local authorities.","2,000 HH (displaced); 38 ind (reported)",Aweil Centre,Eye Radio,https://eyeradio.org/flood-displaced-nbgs-civilians-living-on-edges-of-highway/,body,
Western Bahr el Ghazal,Jur River,2022,10,Oct,2022-10-02,Flood,"Over 100,000 displaced by flooding in Jur River County","More than a hundred thousand farmers and cattle keepers have been displaced by flash-floods in Jur River County of Western Bahr el Gazal state since last month, local authority said. Barsham said the number of people affected by flooding in the area has doubled since the last assessment at the end of August. “This is the second stage of the flood, and I think this stage is more difficult than the first one in which 70 thousand people were displaced but this time its double...",,70000,displaced,wider / not specified,"“This is the second stage of the flood, and I think this stage is more difficult than the first one in which 70 thousand people were displaced but this time its double and becomes 141 thousand,” he told Eye Radio on Sunday.","70,000 ind (displaced)",,Eye Radio,https://eyeradio.org/over-100000-displaced-by-flooding-in-jur-river-county/,title,
Abyei,,2022,9,Sep,2022-09-30,Flood,"Sudan Key Message Update: Conflict, high prices, and flooding remain key drivers of acute food insecurity in Sudan (September 2022)","In September, typically the peak of the lean season, humanitarian food assistance needs remain high driven by displacement, above-average staple food prices, and low household purchasing power, particularly in areas impacted by flooding and recent inter-communal clashes. In particular, Crisis (IPC Phase 3) or worse outcomes are likely to be high among households recently displaced by intercommunal clashes in the Blue Nile, parts of Darfur, parts of Kordofan, Kassala, and...",,348700,affected,wider / not specified,"According to UN OCHA, as of September 24, around 348,700 people have been reported to be affected by heavy rainfall and flooding across Sudan, with over 73,100 homes damaged or destroyed and around 4,800 livestock killed or lost since July.","348,700 ind (affected)",,ReliefWeb (Famine Early Warning System Network),https://reliefweb.int/report/sudan/sudan-key-message-update-conflict-high-prices-and-flooding-remain-key-drivers-acute-food-insecurity-sudan-september-2022,state only,
Upper Nile,Fashoda,2022,9,Sep,2022-09-28,Flood,"IRNA Report: Kodok ,Lul ,Dethwok Fashoda County Flood assesement, Upper Nile State (28 September 2022)","Comprsed of (WV, Cordaid ,SI,NRDC,HDC,WHO,SSRC,SPEDP,DRC and WOCO ) conducted 5 days IRNA flood assesement for affected population of Fashoda County this was undertaken in Lul ,Kodok and Dethwok Payam areas due to concerns/Call raised by the commissioner of Fashoda County on flooding and food shortage. The information provide by the community Boma chief, parmount Chief and Payams Adminstratives that there was a overflow of the Rivr and heavry rain causes flooded which...",1523,40350,affected,wider / not specified,"RRC said total estimate population for Dethwok is 6725HHs( 40,350 individuals ) affected by Flood whole the area | According to general observation and Physical data collected from the community and local authorities in Lul , the Lul Payam Officer and RRC said the Estimate Population of Lul are 24,360 individuals(4,060HH) those are affected by Flood as whole area is surrounding with water , But the Most affected people displaced are 1523 HHs( 9,138)individuals in Lul Payam as followed :- Boma As","1,523 HH (displaced); 24,360 ind (displaced); 40,350 ind (affected)",,ReliefWeb (Cordaid),https://reliefweb.int/report/south-sudan/irna-report-kodok-lul-dethwok-fashoda-county-flood-assesement-upper-nile-state-28-september-2022,title,
,,2022,9,Sep,2022-09-28,Flood,Moderate rainfall expected in western parts of the country,"Moderate rainfall is expected in western parts of the country from September 28 to October 5, 2022, the IGAD Climate Prediction and Application Center has said. The center, also known as ICPAC, predicted moderate rainfall over southern Sudan, western Ethiopia, northern Somalia, central to western Uganda, and a few parts of central to western Kenya. In its weekly weather forecast for the IGAD region Tuesday, ICPAC predicted light rainfall over central to southern Sudan,...",,835000,affected,wider / not specified,"The country, still struggling to overcome multiple challenges, is said to have recorded its worst flooding in decades, impacting more than 835,000 people, according to the UN humanitarian affairs office.","835,000 ind (affected)",,Eye Radio,https://eyeradio.org/moderate-rainfall-expected-in-western-parts-of-the-country/,not found,
Lakes,Yirol West,2022,9,Sep,2022-09-26,Flood,Fears as hundreds cut off amid flash flood in Yirol West County,"Hundreds of Ahier Boma residents have been cut off from basic services after flash floods submerged several villages in the area, the authorities there have said. Heavy downpours in Yirol West County have reportedly caused the Payil River to overflow, displacing an unspecified number of residents living near its bank. Two weeks ago, the government declared flood-affected parts of the country as national disaster areas and appeals to humanitarian organizations and...",,,,,,,,Eye Radio,https://eyeradio.org/fears-as-hundreds-cut-off-amid-flash-flood-in-yirol-west-county/,title,
Eastern Equatoria,Magwi,2022,9,Sep,2022-09-25,Flood,Govt urged to rehabilitate feeder roads,"The Minister of Humanitarian Affairs and Disaster Management called on the Ministry of Road and Bridges to urgently rehabilitate feeder roads, for a quick delivery of assistance to flood affected populations. During an assessment visit to Magwi County of Eastern Equatoria State, Peter Mayen Majongdit said torrential rain and flooding have destroyed feeder roads and affected his ministry’s efforts to deliver emergency assistance to needy people. Early this month, the...",,835000,affected,wider / not specified,"South Sudan has experienced extreme flooding over the past three years, with 835,000 people affected by flooding in 2021 alone.","835,000 ind (affected)",,Eye Radio,https://eyeradio.org/govt-urged-to-rehabilitate-feeder-roads/,body,
Western Equatoria,Mundri West,2022,9,Sep,2022-09-24,Flood,Three drown in floodwaters of Mundri West,"Three people including a child of three years drowned and nearly 40,000 people have been affected by flash-floods in Mundri West County of Western Equatoria State. According to Relief and Rehabilitation Coordinator of the area, two adults and a 3-year-old have drowned in Amadi Payam since the flood occurred. “There was two people who died in Amadi payam because of the flood, there is a woman who got drowned and also a man who got drowned in Amadi payam.",6381,40000,affected,county named in same sentence,"Three people including a child of three years drowned and nearly 40,000 people have been affected by flash-floods in Mundri West County of Western Equatoria State. | “There was an assessment which was made then resulted came out that there were about 6,381 households and 39,000 population that were affected really, in different way yeah.”","40,000 ind (affected); 6,381 HH (affected)",,Eye Radio,https://eyeradio.org/three-drown-in-floodwaters-of-mundri-west/,title,
Northern Bahr el Ghazal,Aweil Centre,2022,9,Sep,2022-09-23,Flood,South Sudan: Flooding Snapshot (As of 19 September 2022),"Flooding and heavy rains continue to impact people across the country, including Jonglei, Lakes, Northern Bahr el Ghazal, Western Bahr el Ghazal, Unity, Upper Nile, Warrap, and Western Equatoria states. Eastern Equatoria and Western Equatoria states that have not been affected by 2021 floods are now reported flooded. In Unity, floodwater levels have risen above the level measured in 2021 by 10 centimeters.",,386000,affected,wider / not specified,"An estimated 386,000 people have been affected based on assessments that were conducted in 18 of the 27 counties reportedly impacted by floods.","386,000 ind (affected); 615,000 ind (reported)",,ReliefWeb (UN Office for the Coordination of Humanitarian Affairs),https://reliefweb.int/report/south-sudan/south-sudan-flooding-snapshot-19-september-2022,body,
Eastern Equatoria,Magwi,2022,9,Sep,2022-09-23,Flood,Interagency Rapid Needs Assessment (IRNA) report for flood affected population in Owiny-Ki Bul Payam (19 September 2022),"RRC Magwi County and Partners conducted the Interagency Needs Assessment for flood affected population in Owiny ki bul payam on 15th.09.2022.The most affected villages were Central, Ajibili, Unity, and Ogungo.",,,,,,,,ReliefWeb (AVSI Foundation – ETS),https://reliefweb.int/report/south-sudan/interagency-rapid-needs-assessment-irna-report-flood-affected-population-owiny-ki-bul-payam-19-september-2022,body,
Western Equatoria,Mundri West,2022,9,Sep,2022-09-22,Flood,Flood Rapid Assessment Report: Mundri West and East Counties Western Equatoria State 08th -09th September 2022,"Flood Rapid Inter Agency Assessment has been conducted by RRC and all NGO partners on the ground as directed by RRC and OCHA-Yambio, Western Equatoria state. The numbers of households affected by the flood is 6,632 and 39,786 individuals. The numbers of households affected by the heavy rainfall are 4,991 and 39,786 Individuals (source: RRC records through desk review).",17792,107,reported,county named in same sentence,"Mundri West County has total households 17,792 and 106.752 individuals.","17,792 HH (reported); 107 ind (reported); 39,786 ind (affected); 99,942 ind (reported); 39,786 ind (affected)",Mundri East; Yambio,ReliefWeb (Nonviolent Peaceforce),https://reliefweb.int/report/south-sudan/flood-rapid-assessment-report-mundri-west-and-east-counties-western-equatoria-state-08th-09th-september-2022,title,
Western Equatoria,Ezo,2022,9,Sep,2022-09-22,Heavy rainfall,"IRNA report on Heavy rainfall in Ezo County, Western Equatoria -South Sudan","Following the two days (10-11th/sept/2022) heavy rainfall in Ezo County, it resulted to the outburst of underground springs affecting two locations i.e. Nambia ,Nakofo ,Manzini and Suk Adimu with disruption of the peaceful settlement of the population including the IDPs as houses remained at risk of collapsing, pit latrines have already collapsed or filled with water, household properties including harvested crops swimming in water posing a threat for the incoming hunger and...",100,600,affected,wider / not specified,"On 10-11 September 2022, a constant and a heavy rainfall poured both days and night for two days consecutively which triggered the collapse of some of the latrines, shelters which was aggravated with the outburst of under ground springs in the compounds and in houses affecting at least 600 individuals. | According to the report, at least 100 households in those mentioned locations were affected by the recent heavy rainfall.",100 HH (affected); 600 ind (affected),,ReliefWeb (Catholic Medical Mission Board),https://reliefweb.int/report/south-sudan/irna-report-heavy-rainfall-ezo-county-western-equatoria-south-sudan,title,
Western Equatoria,,2022,9,Sep,2022-09-22,Flood,"Floods trap 1,000 trucks in South Sudan – BBC report","The road, which connects Juba with the states of Western Equatoria, Lakes, Western Bahr El-Ghazal, Northern El-Ghazal, and Warrap has been totally cut off in Mundri West county due to flash floods that hit the area early this month. The heavy downpour washed away the road and created huge potholes that made it impossible for trucks to move. Local county commissioner Zelipha Dawa Justin told the BBC that nearly 40,000 people were now sheltering in churches and schools as a...",,40000,reported,wider / not specified,"Local county commissioner Zelipha Dawa Justin told the BBC that nearly 40,000 people were now sheltering in churches and schools as a result of flooding that had forced them from their homes.","40,000 ind (reported)",,Eye Radio,https://eyeradio.org/floods-trap-1000-trucks-in-south-sudan-bbc-report/,state only,
Northern Bahr el Ghazal,,2022,9,Sep,2022-09-21,Flood,Flood-stricken NBGs acquires snake repellents,"Minister Anei Deng Akok says snakes have invaded homes and farms on dry parches of the land, as a result of flash floods and are endangering the people’s lives. According to authorities, nearly seventy people died due to flood-related causes and hundreds of thousands are displaced in Northern Bahr el Ghazal State in two months. The state Relief and Rehabilitation Commission’s Coordinator Dut Majokdit said 30 people died from venomous snake bites while 38 others people...",,38,reported,wider / not specified,The state Relief and Rehabilitation Commission’s Coordinator Dut Majokdit said 30 people died from venomous snake bites while 38 others people drowned as floods submerged most parts of the state.,30 ind (reported); 30 ind (reported); 38 ind (reported),,Eye Radio,https://eyeradio.org/flood-stricken-nbgs-acquires-snake-repellents/,state only,
Western Equatoria,Mvolo,2022,9,Sep,2022-09-19,Flood,Flood survivor in Mwolo County: “We don’t know whether this year is angry with us or what”,"WESTERN EQUATORIA- Circling above Mvolo County in the early morning light, those on board the United Nations’ helicopter can’t help but notice the damages caused by heavy floods in a fertile area which normally could have provided communities across the state with food and livelihoods. An integrated team from the United Nations Mission in South Sudan (UNMISS) and humanitarian is here to assess the impact of the flooding, not least by getting first-hand information from...",,5000,displaced,wider / not specified,"Instead, 5,000 people have been displaced, livestock swept away, crops ruined, and numerous dwellings destroyed.","5,000 ind (displaced)",,ReliefWeb (UN Mission in South Sudan),https://reliefweb.int/report/south-sudan/flood-survivor-mwolo-county-we-dont-know-whether-year-angry-us-or-what,body,
Upper Nile,Malakal,2022,9,Sep,2022-09-19,Flood,Haysom expresses concern over increase sub-national violence,"These trends, according to Haysom, are being driven by climatic shocks including floods and droughts, the conflict itself, the economic downturn, protracted displacement, and disrupted livelihoods. Based on the ongoing humanitarian assessment, he said, flooding and heavy rains have impacted hundreds of thousands of people to date, and access to the people in affected locations remains challenging due to impassable roads, flooded airstrips, and insecurity.",,8300000,in need,wider / not specified,"On the humanitarian situation in the country, the UNMISS chief told the Security Council that food security continues to deteriorate in South Sudan with an estimated 8.3 million people in need.","8,300,000 ind (in need)",,Eye Radio,https://eyeradio.org/haysom-expresses-concern-over-increase-sub-national-violence/,body,
Western Equatoria,Mvolo,2022,9,Sep,2022-09-16,Flood,"Inter agency flood assesment report-Yeri Payam, Mvolo county, Western Equatoria State","This Inter Agency needs assessment was conducted on 08th September 2022, following an alert of flooding and displacement of households in Yeri Payam, and its surrounding areas. According to the report the affected households have lost their household items during the flooding, their tukuls collapsed, and more other tukuls are at the state of collapse because of the cracked signs if heavy rains continuous. Therefore, based on this background; humanitarian partners in Mvolo,...",3955,23730,affected,wider / not specified,"Out of the over 3,000HHs affected in Yeri includes all the three Bomas namely, Yeri, Mayewe and Dogereng with total of 3,955 HHs (23,730 Individuals) where the assessment team physically visited on the 08th September 2022.","3,000 HH (reported); 3,955 HH (affected); 23,730 ind (affected); 45 HH (reported)",,ReliefWeb (Catholic Medical Mission Board),https://reliefweb.int/report/south-sudan/inter-agency-flood-assesment-report-yeri-payam-mvolo-county-western-equatoria-state,title,
Western Bahr el Ghazal,Jur River,2022,9,Sep,2022-09-16,Flood,Jur River County IRNA for flood affected people Western Bahrel Ghazl (30 August 2022),"This year the floods has mainly affected 25 villages in 4 payams, namely Udici, Marial Bai, Mapel and Kuajena.",,127771,reported,wider / not specified,"It has a total population of 127,771 people, according to 2008 census.","127,771 ind (reported)",Wau,ReliefWeb (Agency for Technical Cooperation and Development),https://reliefweb.int/report/south-sudan/jur-river-county-irna-flood-affected-people-western-bahrel-ghazl-30-august-2022,title,
Northern Bahr el Ghazal,Aweil Centre,2022,9,Sep,2022-09-16,Flood,"68 dead, nearly a million displaced in NBGs floods","Nearly seventy people died due to flood-related causes and hundreds of thousands are displaced in Northern Bahr el Ghazal State in two months, authorities said. The state Relief and Rehabilitation Commission’s Coordinator Dut Majokdit said 38 people drowned as floods submerged their homes while 30 others died from venomous snake bites. “We have 38 people who drowned in the flood and 4 others are missing.",,20,displaced,wider / not specified,"The state police spokesperson, Captain Guot Guot Akol said the victims were among 20 people crossing the Lol River to higher grounds in Aweil West County, after fleeing floods in Aweil North County.","38 ind (reported); 38 ind (reported); 30 ind (reported); 809,472 ind (reported); 20 ind (displaced)",,Eye Radio,https://eyeradio.org/68-dead-nearly-a-million-displaced-in-nbgs-floods/,body,https://eyeradio.org/7-feared-dead-as-boat-capsizes-in-flood-waters-in-nbgs/
Unity,Rubkona,2022,9,Sep,2022-09-15,Flood,"South Sudan - Unity State, Bentiu and Rubkona Towns - Key infrastructure and estimated maximum flood exposure (2019-2021) (28 July 2022)",,,,,,,,,ReliefWeb (REACH Initiative),https://reliefweb.int/map/south-sudan/south-sudan-unity-state-bentiu-and-rubkona-towns-key-infrastructure-and-estimated-maximum-flood-exposure-2019-2021-28-july-2022,title,
Abyei,,2022,9,Sep,2022-09-13,Flood,Flood unleashes destruction in Abyei Administrative area,"5,000 people have been displaced after torrential rain and floods submerged hundreds of houses, nine schools and infrastructures in Abyei Administrative Area, local authorities said. Ajak Deng, Spokesperson of the border area said six primary schools and three secondary schools were destroyed following torrential rain in Alal, Rumamer and Mijak last weekend. He said floodwaters have heaavily devastated the area, displacing thousands of people in the three counties and Abyei...",,5000,displaced,state named in same sentence,"5,000 people have been displaced after torrential rain and floods submerged hundreds of houses, nine schools and infrastructures in Abyei Administrative Area, local authorities said.","5,000 ind (displaced)",,Eye Radio,https://eyeradio.org/flood-unleashes-destruction-in-abyei-administrative-area/,state only,
Northern Bahr el Ghazal,Aweil East,2022,9,Sep,2022-09-12,Flood,Child dies from snake bite in Aweil East County,"An eight-year-old child has died after getting bitten by a venomous snake in the flood-devastated Aweil East County of Northern Bahr El Ghazal state. The County Commissioner, Kiir Yor Lual said the toddler identified as Ngor Dut, died over the weekend in Warnyan Village, a part of the county currently inundated by floodwaters. Yor said the stagnant floodwaters have also displaced the snakes from their habitat to dry areas where people have sought shelter, exposing many to...",,,,,,,Aweil Centre,Eye Radio,https://eyeradio.org/child-dies-from-snake-bite-in-aweil-east-county/,title,
Northern Bahr el Ghazal,Aweil Centre,2022,9,Sep,2022-09-10,Flood,Govt declares national emergency in flood-affected areas,"The government has declared flood-affected parts of the country as national disaster areas, and appeals to humanitarian organizations and well-wishers to render assistance. The Council of Ministers, in its regular meeting chaired by President Salva Kiir on Friday noted that torrential rains triggered floods that have affected Upper Nile and Bahr El-Ghazal regions. Information Minister Michael Makuei Lueth said the floods disaster led to the death of hundreds and left several...",,835000,affected,wider / not specified,"South Sudan has experienced extreme flooding over the past three years, with 835,000 people affected by flooding in 2021 alone.","835,000 ind (affected); 20 ind (displaced)",,Eye Radio,https://eyeradio.org/govt-declares-national-emergency-in-flood-affected-areas/,body,
Northern Bahr el Ghazal,Aweil Centre,2022,9,Sep,2022-09-10,Flood,Govt allocates $16.7m to flood-affected populations,"The government has allocated 16.7 million US dollars for emergency flood response and contracted 25 national companies to supply food and non-food items to floods affect populations across the country. 25 companies will deliver emergency humanitarian response in Bahr El Ghazal, Upper Nile as well as flooded areas in Equatoria region. On Friday, the government declared flood-affected parts of the country as national disaster areas, and appeals to humanitarian organizations...",,835000,affected,wider / not specified,"South Sudan has experienced extreme flooding over the past three years, with 835,000 people affected by flooding in 2021 alone.","835,000 ind (affected); 20 ind (displaced)",,Eye Radio,https://eyeradio.org/govt-allocates-16-7m-to-flood-affected-populations/,body,https://eyeradio.org/govt-declares-national-emergency-in-flood-affected-areas/
Unity,Pariang,2022,9,Sep,2022-09-07,Flood,10 dead from floods-induced snake bites in Ruweng,"Ten people succumbed to venomous snake bites in recent weeks and 50 others are on medication in Ruweng Administrative Area, local authorities said. The Director of Information Miakol Makuach said the snakebite incidents are frequently reported in the remote areas devoid of health facilities.",1000,,affected,wider / not specified,"Makuach added that more than 1000 households and over 200 farmlands have been affected so far in Abiemnom, West of the border area.","1,000 HH (affected)",,Eye Radio,https://eyeradio.org/10-dead-from-floods-induced-snake-bites-in-ruweng/,body,
Upper Nile,Maban,2022,9,Sep,2022-09-05,Flood,3 people die in Maban County devastating flood,"The bodies of three people who drowned in a flash flood in Upper Nile’s Maban County were recovered on Sunday. Peter Albert who is the area Commissioner said the incident followed torrential rainfalls which submerged several areas and homes at the weekend. The flood waters have destroyed houses, feeder roads and schools, displacing over 52,000 people particularly in the areas of Bunj, Jamam, Yusef Batel and Gismallah.",,52000,displaced,wider / not specified,"The flood waters have destroyed houses, feeder roads and schools, displacing over 52,000 people particularly in the areas of Bunj, Jamam, Yusef Batel and Gismallah.","52,000 ind (displaced); 52,000 ind (affected)",,Eye Radio,https://eyeradio.org/3-people-die-in-maban-county-devastating-flood/,title,
Northern Bahr el Ghazal,Aweil Centre,2022,9,Sep,2022-09-03,Flood,"UPDATE: Two dead, six still missing in boat accident in NBGs","Two people are confirmed dead, while six others including five children are still unaccounted for, Saturday after a boat capsized in flood waters in Northern Bar el Ghazal State, according to local officials. The state police spokesperson, Captain Guot Guot Akol said the victims were among 20 people crossing the Lol River to higher grounds in Aweil West County, after fleeing floods in Aweil North County. Their rescue boat overturned while in the middle of the overflowing...",,20,displaced,wider / not specified,"The state police spokesperson, Captain Guot Guot Akol said the victims were among 20 people crossing the Lol River to higher grounds in Aweil West County, after fleeing floods in Aweil North County.",20 ind (displaced),,Eye Radio,https://eyeradio.org/update-two-dead-six-still-missing-in-boat-accident-in-nbgs/,body,https://eyeradio.org/7-feared-dead-as-boat-capsizes-in-flood-waters-in-nbgs/
Northern Bahr el Ghazal,Aweil Centre,2022,9,Sep,2022-09-02,Flood,7 feared dead as boat capsizes in flood waters in NBGs,"Seven people are presumed dead after a boat capsized in floodwaters on Thursday in Aweil Center County of Northern Bahr-el-Ghazal State. The state police spokesperson said the boat was ferrying 20 flood affected people from Majak Baai, Aweil North County to Marial Baai in Aweil West County when it overturned. “The boat was carrying people from effecting flood area and in the middle of the river the boat over turned it was carrying 20 people and up to now we are missing 7...",,20,affected,wider / not specified,"The state police spokesperson said the boat was ferrying 20 flood affected people from Majak Baai, Aweil North County to Marial Baai in Aweil West County when it overturned.",20 ind (affected); 20 ind (reported); 7 ind (reported),Aweil North; Aweil West,Eye Radio,https://eyeradio.org/7-feared-dead-as-boat-capsizes-in-flood-waters-in-nbgs/,body,
Northern Bahr el Ghazal,Aweil South,2022,8,Aug,2022-08-31,Flood,"Initial Rapid Assessment (IRNA) Report on flood affected communities: Aweil South, Aweil town (Municipality) and Aweil Center Northern Bhar el Ghazal State, South Sudan, 29th -31 August 2022",Approaches andhow to organize the approaches to response to flooding in the two counties of Aweil South and center thereafter the team agreed to carry out the assessmentin two counties for the period 4-5 days respectively. The assessment went on for 2 days from 30th–31st October 2022 in eight payams of Aweil South County and the finding was that most affected populations in Aweil South reside in lowlands and their crops and shelters were severely affected by flooding. While...,,,,,,,Aweil Centre,ReliefWeb (Concern Worldwide),https://reliefweb.int/report/south-sudan/initial-rapid-assessment-irna-report-flood-affected-communities-aweil-south-aweil-town-municipality-and-aweil-center-northern-bhar-el-ghazal-state-south-sudan-29th-31-august-2022,title,
Northern Bahr el Ghazal,Aweil East,2022,8,Aug,2022-08-31,Flood,"Initial Rapid Assessment (IRNA) Report on flood affected communities: Aweil East County, Northern Bhar el Ghazal State, South Sudan 29th -31 August 2022","Since the mid-70s, South Sudan has experienced an average decline of between 10-20% precipitation as well as increased variability in the annual amount and timing of rainfall, with resulting risks of insufficient access to water and food and increased vulnerability to climate-related health issues such as pests and diseases {2017 climate change vulnerability index-by global risk consultancy}. In recent times, flooding has caused massive displacement of population and...",22505,,affected,wider / not specified,"Initial rapid assessment conducted by the Relief and Rehabilitation Commission (RRC) in collaboration with thirteen (13) partners and some line Ministries showed that 22,505 HHs has been affected by the flooding.","22,505 HH (affected)",Aweil Centre,ReliefWeb (Concern Worldwide),https://reliefweb.int/report/south-sudan/initial-rapid-assessment-irna-report-flood-affected-communities-aweil-east-county-northern-bhar-el-ghazal-state-south-sudan-29th-31-august-2022,title,
,,2022,8,Aug,2022-08-31,Drought,First Ukraine grain ship for Horn of Africa reaches Djibouti,"Ethiopia, along with other countries in the region, is experiencing a prolonged drought. The organisation has paid for this shipment because its reserves to support refugees and people displaced by conflict and drought had started to run low. This means that the worst drought in more than 40 years, which began at the end of 2020, looks almost certain to persist.",,13000000,affected,wider / not specified,It’s devastating because there are over 13 million people in the three regions [in the north] that have been affected and need humanitarian support.”,"1,500,000 ind (reported); 20,000,000 ind (in need); 13,000,000 ind (affected)",,Eye Radio,https://eyeradio.org/first-ukraine-grain-ship-for-horn-of-africa-reaches-djibouti/,not found,
Northern Bahr el Ghazal,Aweil Centre,2022,8,Aug,2022-08-29,Flood,Govt fears floods-induced food shortage will hit NBGs,"The Minister of Humanitarian Affairs and Disaster Management said flood-hit Northern Bahr el Ghazal State will face severe food shortages in the aftermath of the disaster. Minister Peter Mayen Majongdit made the remarks on the national public service broadcaster SSBC, following a visit to Aweil to assess the flood situation in the state on Saturday. In recent weeks, more than 500 houses have been submerged by flood waters in Aweil East and Aweil North counties following days...",,,,,,,Aweil North,Eye Radio,https://eyeradio.org/govt-fears-floods-induced-food-shortage-will-hit-nbgs/,body,
Jonglei,Fangak,2022,8,Aug,2022-08-28,Heavy rainfall,Expert alarmed as IGAD forecasts heavy rain in Upper Nile region,"A weather expert with the IGAD climate center said recently predicted heavy downpours in parts of Upper Nile region, could trigger yet another severe flooding in the country. On Thursday, the IGAD Climate Prediction and Application Center (ICPAC), predicted imminent rains in the country by the climate center on Thursday. The ICPAC had predicted that areas in central and northeastern parts of South Sudan were expected to receive above average rains from October to December.",,835000,affected,wider / not specified,"The country, still struggling to overcome multiple challenges, is said to have recorded its worst flooding in decades, impacting more than 835,000 people, according to the UN humanitarian affairs office.","835,000 ind (affected)",Maiwut; Maban; Ayod; Duk,Eye Radio,https://eyeradio.org/expert-alarmed-as-igad-forecasts-heavy-rain-in-upper-nile-region/,body,
Warrap,Gogrial East,2022,8,Aug,2022-08-23,Heavy rainfall,7 children drown in Gogrial East amid heavy rains,"At least seven children drowned in Gogrial East County in Warrap state amid heavy rains, the Commissioner has said. Lueth told Eye Radio that the area received consecutive rainfalls from the 15th to the 18 th of August. As a result, the commissioner said over 75,000 households have been submerged in flash floods.",75000,7,reported,county named in same sentence,"7 children drown in Gogrial East amid heavy rains. | As a result, the commissioner said over 75,000 households have been submerged in flash floods.","7 ind (reported); 75,000 HH (reported); 7 ind (reported)",,Eye Radio,https://eyeradio.org/7-children-drown-in-gogrial-east-amid-heavy-rains/,title,
Western Equatoria,Maridi,2022,8,Aug,2022-08-22,Flood,"Construct under-trees village school in Maridi, church leader appeals",It says some of the learning facilities in some parts of the country submerged while others collapsed last year due to continued floods. The agency then pledged to construct over 2000 classrooms in conflict and flood devastated areas where schools are operating under the trees.,,100,reported,county named in same sentence,"Situated about eight kilometers South of Maridi town, the school has six teachers with over 100 pupils.",100 ind (reported),,Eye Radio,https://eyeradio.org/construct-under-trees-village-school-in-maridi-church-leader-appeals/,title,
,,2022,8,Aug,2022-08-21,Drought,WFP: 22 million risk starvation in drought-stricken Horn of Africa,"The United Nations’ World Food Program said that 22 million people in the Horn of Africa are at risk of starvation, due to years of insufficient rainfall across the region. The number of people at risk of starvation in the drought-stricken region have increased by nine million in a single year, according to the UN agency. “There is still no end in sight to this drought crisis, so we must get the resources needed to save lives and stop people plunging into catastrophic levels...",,22000000,reported,wider / not specified,"The United Nations’ World Food Program said that 22 million people in the Horn of Africa are at risk of starvation, due to years of insufficient rainfall across the region.","22,000,000 ind (reported); 13,000,000 ind (reported); 22,000,000 ind (reported); 8,300,000 ind (in need)",,Eye Radio,https://eyeradio.org/wfp-22-million-risk-starvation-in-drought-stricken-horn-of-africa/,not found,
,,2022,8,Aug,2022-08-19,Flood,The daring S. Sudanese aid workers betting with their lives,"South Sudan is facing the aftermath of its worst floods since 1960, with over 835,000 people affected. Despite the blockade of humanitarian assistance by the seasonal floods, aid agencies still dare the difficult environment. However, floods is not the only challenge.",,835000,affected,wider / not specified,"South Sudan is facing the aftermath of its worst floods since 1960, with over 835,000 people affected.","835,000 ind (affected)",,Eye Radio,https://eyeradio.org/the-daring-s-sudanese-aid-workers-betting-with-their-lives/,not found,
Northern Bahr el Ghazal,Aweil Centre,2022,8,Aug,2022-08-18,Flood,Floods sink 500 houses in Northern Bahr el Ghazal,"Over 500 houses have been submerged in water, following three days of torrential rainfall in two counties in Northern Bahr el Ghazal State, displacing unspecified households and destroying crop farms. The State Information Minister William Anyuon said days of heavy rain, from Sunday to Wednesday submerged homes in Aweil North and Aweil East counties. “All the houses and crops were submerged with rain water and the humanitarian situation is bad and the rood link the state...",,835000,affected,wider / not specified,"Reports by UN OCHA said many parts of South Sudan experienced extreme flooding over the past three years, with 835,000 people affected by flooding in 2021 alone.","835,000 ind (affected)",Aweil North; Aweil East,Eye Radio,https://eyeradio.org/floods-sink-500-houses-in-northern-bahr-el-ghazal/,body,
,,2022,8,Aug,2022-08-16,Flood,"Ethiopian Renaissance Dam won’t harm downstream countries, says Tut",Tut added that the dam will ease floods in those countries that have been flooded. The Presidential Advisor on Security Affairs was quoted by the Ethiopian News Agency as saying: “We have made sure that the great dam will not cause any damage to the countries that were flooded.”,,,,,,,,Eye Radio,https://eyeradio.org/ethiopian-renaissance-dam-wont-harm-downstream-countries-says-tut/,not found,
,,2022,8,Aug,2022-08-14,Flood,"Seasonal floods destroy over 2,500 homes in eastern Sudan","Deadly seasonal floods have collapsed more than 2,500 houses in eastern Sudan, state news agency has reported, adding that the situation has displaced thousands in the region. Another 546 houses were partially destroyed by torrential rains in River Nile province, SUNA news agency said late on Thursday. Since the start of the rainy season in May, the United Nations Office for the Coordination of Humanitarian Affairs (OCHA) estimates that 38,000 people have been affected by...",,314000,affected,wider / not specified,"In 2021, more than 314,000 people were affected by the rains and floods in Sudan, according to the United Nations.","38,000 ind (affected); 12 ind (reported); 314,000 ind (affected)",,Eye Radio,https://eyeradio.org/seasonal-floods-destroy-over-2500-homes-in-eastern-sudan/,not found,
Northern Bahr el Ghazal,Aweil Centre,2022,8,Aug,2022-08-14,Flood,Aweil traders allegedly raising commodity prices on daily basis,"The information minister said, the road between El Muglad and Meriam is flooded, leaving commercial trucks stranded in the other side of the border with East Darfur. South Sudan is said to be struggling with economic crisis, caused by years of conflict, disastrous floods and global crisis like the pandemic and the war in eastern Europe. Economists believe, the current exchange rate inflation and inaccessible roads due to seasonal floods, are to blame for the high cost of...",,,,,,,Pibor,Eye Radio,https://eyeradio.org/aweil-traders-allegedly-raising-commodity-prices-on-daily-basis/,title,
,,2022,8,Aug,2022-08-10,Drought,U.S. urges South Sudan government to ‘prioritize the needs’ of citizens,"Since independence, the country has witnessed the worst food crisis due to conflict, persistent floods, drought and the impact of global food and fuel crisis. The report further adds that food insecurity in South Sudan is driven by multiple shocks, including climatic conditions such as floods, dry spells and droughts.",,7000000,in need,wider / not specified,"Over 7 million people at at the verge of severe acute food insecurity in Fangak, Pigi and Ayod counties of Jonglei State between April and July, according to the Integrated Food Security Phase Classification report.","7,000,000 ind (in need)",,Eye Radio,https://eyeradio.org/u-s-urges-south-sudan-government-to-prioritize-the-needs-of-citizens/,not found,
,,2022,8,Aug,2022-08-03,Flood,29 dead as floods disaster battered Uganda’s Mbale city,"Uganda’s eastern city of Mbale is reeling from Saturday’s devastating flash floods that left 29 people dead and wrecked havoc through residential areas in the Mt Elgon plains. The country’s Minister for Refugees and Disaster Preparedness Hillary Onek said the floods swept away 14 bridges, nine cars and three motorcycles. Onek told the media said at least 800 households have been affected by the floods, with 80 houses damaged, leaving thousands homeless.",800,29,reported,wider / not specified,"Uganda’s eastern city of Mbale is reeling from Saturday’s devastating flash floods that left 29 people dead and wrecked havoc through residential areas in the Mt Elgon plains. | Onek told the media said at least 800 households have been affected by the floods, with 80 houses damaged, leaving thousands homeless.",29 ind (reported); 800 HH (displaced),,Eye Radio,https://eyeradio.org/29-dead-as-floods-disaster-battered-ugandas-mbale-city/,not found,
,,2022,8,Aug,2022-08-01,Drought,Concern Worldwide escalates response to Horn of Africa drought as conditions deteriorate,"***Concern Worldwide is scaling up its response to provide increased support to millions of people in the Horn of Africa (Ethiopia, Somalia and Kenya) who are facing severe hunger as a result of the worst drought in 40 years.*** “I was here in Kenya in 2011 — during that drought at least 260,000 people died in the Horn of Africa — and what I am seeing now is far worse,” Concern’s Regional Director for the Horn of Africa, Amina Abdulla said. 7.7 million people are now in need...",,7700000,displaced,wider / not specified,"7.7 million people are now in need of humanitarian assistance in Somalia and 800,000 people are displaced due to drought.","2,500,000 ind (reported); 100,000 ind (reported); 260,000 ind (reported); 7,700,000 ind (displaced); 800,000 ind (displaced); 213,000 ind (reported); 7,200,000 ind (reported); 300,000 ind (reported)",,ReliefWeb (Concern Worldwide),https://reliefweb.int/report/ethiopia/concern-worldwide-escalates-response-horn-africa-drought-conditions-deteriorate,not found,
Lakes,,2022,7,Jul,2022-07-31,Flood,Museveni slams wetland degraders: “You are not cleverer than God”,"Ugandan President Yoweri Museveni called on the region to preserve rainfall catchment areas such as the wetlands and forests, to avoid adverse climate consequences. He said the wetlands and forests in the Great Lakes region contribute significant amount of rainfall, and therefore they must be preserved. “Here in Uganda, 40% of our rains, are from our wetlands here and the ones in South Sudan, and the forest in Congo.",,835000,affected,wider / not specified,"According to the UN Office for the Coordination of Humanitarian Affairs, South Sudan is facing the aftermath of its worst floods since 1960, with 835,000 people affected by flooding in 2021 alone.","835,000 ind (affected)",,Eye Radio,https://eyeradio.org/museveni-slams-wetland-degraders-you-are-not-cleverer-than-god/,state only,
,,2022,7,Jul,2022-07-20,Flood,REVEALED: Details of South Sudan-Egypt MoU on Bahr El Jebel dredging,"The agreement, titled: “Flood mitigation in Bahr el Jebel Basin” aims to clear waterways of the Bahr el Jebel from weeds and any other obstacles. It is also to prepare hydrological and hydraulic studies, environmental and social impact studies, and prepare proposals for rehabilitating Bahr el Jebel in order to achieve flood risk protections. The MoU provides for rapid assessment of the hotspots area in Bahr el Jebel from Juba to Lake No, clearance of blockage in Bahr el...",,,,,,,,Eye Radio,https://eyeradio.org/revealed-details-of-south-sudan-egypts-mou-on-bahr-el-jebel-dredging/,not found,
Unity,Rubkona,2022,7,Jul,2022-07-17,Flood,Cause of Rubkona plane crash known to be deflated rear tyre,"On Saturday afternoon, three crew members survived, when a Fokker 50 cargo plane crash-landed at Yoanyang Airstrip of Rubkona County in the flood-stricken state, North of the country. Photos from the accident shared on social media showed an airplane smashed into a dyke near the runway, with visible damages on the left-hand wing tip, nose and cockpit. The tyre exploded because he rushed between the airstrip to the dyke,” said Gai.",,,,,,,Juba,Eye Radio,https://eyeradio.org/cause-of-rubkona-plane-crash-known-to-be-deflated-rear-tyre/,title,
Central Equatoria,Juba,2022,7,Jul,2022-07-15,Flood,Presidency divided over when to dredge rivers,"According to the presidents, those supporting it see dredging as a permanent solution to persistent floods in low-lying areas, while others think it would help open waterways for river transport and ease transportation. However, those against dredging the current flooding are due to the climatic change and the situation temporarily. He believes clearing the river will help rescue the lives of citizens in flood-affected areas.",,,,,,,Rubkona,Eye Radio,https://eyeradio.org/presidency-divided-over-when-to-dredge-rivers/,body,
,,2022,7,Jul,2022-07-15,Flood,Public consultation calls for credible feasibility studies before river dredging,"11- Investment and consultation with the flood-affected populations and host communities, particularly in their relocation program, if there is any relocation program. 12- Commission the studies on the feasibility of artificial lakes from rainwater in South Sudan in combating floods in the short term. 14- Women inclusion in all the processes because women and girls are affected differently by climate change, droughts, and floods (35% affirmative action).",,,,,,,,Eye Radio,https://eyeradio.org/public-consultation-calls-for-credible-feasibility-studies-before-dredging/,not found,
Jonglei,,2022,7,Jul,2022-07-14,Flood,"Build Fula Dam, artificial Lake to control floods, govt told","An environmental risk expert has recommended to the government to build the Fula Dam on the Bahr el Jebel and an artificial Lake at the Upper Nile -Jonglei triangle to control the floods. According to experts, Dams protect against flooding by collecting and holding water when they reach a certain level. The South Sudanese born-U.S citizen stated that the construction of the Fula Dam is the best option to mitigate floods.",,,,,,,,Eye Radio,https://eyeradio.org/build-fula-dam-artificial-lake-to-control-floods-govt-told/,state only,
,,2022,7,Jul,2022-07-13,Flood,Prof. Elkhazin announces research scholarships for university students,"A world-renowned expert on the Nile water has offered research scholarships on flood mitigation for university students. He pointed out that the two scholarships are meant to encourage university students to research flood mitigation and founding fathers of the nation. Marial, is for students to do their Dissertations or Theses on the issue of flood mitigation.”",,,,,,,,Eye Radio,https://eyeradio.org/prof-elkhazin-announces-research-scholarships-for-university-students/,not found,
Jonglei,Fangak,2022,7,Jul,2022-07-13,Flood,Gov’t to implement floods mitigation strategy after securing millions in funding,"The Undersecretary in the Ministry of Water Resources and Irrigation, Emmanuel Ladu disclosed, the government has secured a grant of 120 million US dollars from the World Bank in March to help communities affected by flooding. “Recently, with the help of ministry of finance, we received a grant of 120 million US dollars and this amount is not for dredging but to help the community to be the resilience of flood this includes the community of Bor and Unity State,” Ladu said...",,100000,reported,county named in same sentence,"Fangak, a small island of over 100,000 people in the Sudd region is one of the hardest-hit areas by flash floods in the country in recent months","835,000 ind (affected); 100,000 ind (reported)",,Eye Radio,https://eyeradio.org/govt-to-implement-floods-mitigation-strategy-after-securing-millions-in-funding/,body,
Unity,Rubkona,2022,7,Jul,2022-07-06,Flood,19 more cases as cholera rages on unabated at Unity State IDPs camps,"The Situation Report raised fears the cholera epidemics in the northern part of the country could spill over to other flood affected areas. “The current transmission remains sporadic, but the risk of transmission to at-risk counties is very high due to population movements, presence of IDPs, persistent flooding, low access to safe water and sanitation. According to the agency, a protracted outbreak is imminent in other flood affected areas due to inaccessibility to clean...",,,,,,,,Eye Radio,https://eyeradio.org/19-more-cases-as-cholera-rages-on-unabated-at-unity-state-idps-camps/,body,
,,2022,6,Jun,2022-06-22,Drought,Atrocity Alert No. 305: Special Issue on global displacement and mass atrocities,"Three days prior to World Refugee Day the international community marked the World Day to Combat Desertification and Drought. Many of the conflicts driving mass displacement and atrocities are exacerbated by the destructive impacts of climate change, such as desertification and extreme weather events, including severe flooding and droughts. Climate extremes amplify the risk of food and water shortages, sometimes resulting in the loss of livelihoods and increased competition...",,14000000,displaced,wider / not specified,"Russia’s invasion of Ukraine – which has been characterized by possible war crimes and crimes against humanity – has caused the fastest growing and one of the largest displacement crises in decades, with more than 14 million people displaced since 24 February.","14,000,000 ind (displaced); 200,000 ind (displaced); 25,900,000 ind (in need); 22,000,000 ind (reported); 78 ind (displaced)",,ReliefWeb (Global Centre for the Responsibility to Protect),https://reliefweb.int/report/world/atrocity-alert-no-305-special-issue-global-displacement-and-mass-atrocities,not found,
,,2022,6,Jun,2022-06-21,Drought,"Drought in East Africa: Needs Assessment of Older People - Ethiopia, South Sudan, and Kenya – 21 June 2022","There are at least 18 million people in East Africa without enough food to eat because of one of the most severe droughts in the region’s recent history. The drought has been caused by significantly below average rainfall in the region. The impact of the drought has been further compounded by inflation in food and fuel prices, in part due to the war in Ukraine.",,18000000,reported,wider / not specified,There are at least 18 million people in East Africa without enough food to eat because of one of the most severe droughts in the region’s recent history.,"18,000,000 ind (reported); 1,191 ind (reported)",,ReliefWeb (HelpAge International),https://reliefweb.int/report/ethiopia/drought-east-africa-needs-assessment-older-people-ethiopia-south-sudan-and-kenya-21-june-2022,not found,
Jonglei,,2022,6,Jun,2022-06-21,Flood,Expert fears Jonglei Canal excavation could present ecological disaster,"In February this year, the Vice President for Infrastructure cluster called for the resumption of Jonglei Canal excavation to prevent flood disaster in Jonglei and Unity states. According to Vice President Taban Deng Gai, the devastating floods in areas of Bentiu, Fangak, and Bor towns are result of high volume of water from Lake Victoria. He said the displacement caused by flooding could be avoided by opening the waterways and the digging of Jonglei Canal.",,,,,,,,Eye Radio,https://eyeradio.org/expert-fears-jonglei-canal-excavation-may-lead-to-ecological-disaster/,state only,
Jonglei,,2022,6,Jun,2022-06-11,Flood,AAH to innovate floating gardens in floods pron areas,"Action Against Hunger has said it’s considering coming up with innovations that will enable communities in flood affected areas cultivate amidst the extreme climate conditions. Matata John, AAH Deputy Head of Nutrition said, the organization is considering coming up with friendly innovations for agriculture in the flood affected areas. “We want to innovate flooding gardens where we grow vegetables in a flooding way where it moves or floods on water and those are things that...",,8300000,in need,wider / not specified,"WFP also warned that while the global attention has been on Ukraine, a hidden hunger emergency is overwhelming South Sudan with about 8.3 million people in the country in need of food assistance.","8,300,000 ind (in need)",,Eye Radio,https://eyeradio.org/acf-to-innovate-floating-gardens-in-floods-pron-areasaah-to-innovate-floating-gardens-in-floods-pron-areas/,state only,
Unity,,2022,6,Jun,2022-06-09,Flood,Flood-weary Unity State authorities determined to start dredging soon,"Minister Gai told Eye Radio the government intends to dredge the Naam river, in a desperate solution to mitigate the devastating flood that submerged the entire state last year. The purpose of opening this river is to mitigate floods in Unity State because Unity State has been submerged in water for the last year and a half, so people are suffering and the river is very shallow,” Gai said. Last year’s floods is reported to have submerged 90 percent of the local population,...",,,,,,,,Eye Radio,https://eyeradio.org/flood-weary-unity-state-authorities-determined-to-start-dredging-soon/,state only,
Jonglei,Bor South,2022,6,Jun,2022-06-09,Flood,Jonglei authorities fear days of heavy downpours could trigger flooding,"The Minister of Information in Jonglei State has warned of increasingly alarming flood situation in Bor County following heavy downpour this week. John Samuel Manyuon told Eye Radio, several households have been submerged within the town. John blames the flooding on poor drainage system and lack of good roads in the town.",,58,affected,state named in same sentence,The agency stated that Jonglei and Unity were the most affected states accounting for 58 percent of people affected by floods in the country.,58 ind (affected),,Eye Radio,https://eyeradio.org/jonglei-authorities-fear-days-of-heavy-downpours-could-trigger-flooding/,body,
Jonglei,Pibor,2022,6,Jun,2022-06-01,Heavy rainfall,Pibor under precarious situation as muddy roads cut off supplies,"Authorities in the Pibor Administrative Area say torrential rainfalls have rendered the main roads impassable to relief and commercial supplies, triggering a dire humanitarian situation in the area. John Joseph Abuluk who is the Deputy Chief of the administrative territory says, humanitarian and commercial supplies to the area have been cut off by heavy rain since May. He stated that dozens of trucks carrying relief and commercial supplies were stuck on muddy roads for a...",,200000,reported,county named in same sentence,"Greater Pibor, a landlocked area of over 200,000 people is only accessible by two feeder roads; the Juba – Pibor road and the Bor – Pibor road.","200,000 ind (reported)",Juba,Eye Radio,https://eyeradio.org/pibor-under-precarious-situation-as-muddy-roads-cut-off-supplies/,title,
Jonglei,,2022,5,May,2022-05-17,Flood,Cabinet approves $28.3 million budget for Water Resource Ministry,"According to him, the finance will purchase machinery to clean some rivers and construct water reservoirs to minimize flooding in the country. Last year, the 5th Governors Forum recommended the construction of dams, canals, dykes, and waterways to control and mitigate the impact of flooding in the country. According to the UN Office for the Coordination of Humanitarian Affairs, nearly the entire population in 27 counties across South Sudan has been affected or displaced by...",,,,,,,,Eye Radio,https://eyeradio.org/cabinet-approves-28-3-million-budget-for-water-resource-ministry/,state only,
Unity,,2022,5,May,2022-05-13,Flood,Agak ‘partially’ blames oil production decline on ‘inefficient’ machines,"The Minister of Finance and Planning has partly attributed the decline in oil production to ‘inefficient’ pipeline machinery in the flooded oil fields. Speaking to the media in Juba last week, Minister Agak Achuil said the Chinese technology being used in oil production cannot withstand floods. “Three-quarters of South Sudan is sub-emerged in water and the oil fields in those areas are sub-emerged by the floods.",,,,,,,,Eye Radio,https://eyeradio.org/agak-partially-blames-oil-production-decline-on-inefficient-machines/,state only,
,,2022,5,May,2022-05-12,Drought,Drought in numbers 2022 - Restoration for readiness and resilience,"**World “at a crossroads” in drought management, up 29% in a generation and worsening, says UN** Humanity is “at a crossroads” when it comes to managing drought and accelerating mitigation must be done “urgently, using every tool we can,” says a new report from the United Nations Convention to Combat Desertification (UNCCD). [*Drought in Numbers, 2022,*](https://www.unccd.int/resources/publications/drought-numbers) released today to mark Drought Day at UNCCD’s 15th...",,6,affected,wider / not specified,"- By 2050, droughts may affect over three-quarters of the world’s population, and an estimated 4.8-5.7 billion people will live in areas that are water-scarce for at least one month each year, up from 3.6 billion today.","6 ind (affected); 10,000,000 ind (reported)",,ReliefWeb (UN Convention to Combat Desertification),https://reliefweb.int/report/world/drought-numbers-2022-restoration-readiness-and-resilience,not found,
,,2022,5,May,2022-05-10,Drought,Could disruptions to Eastern European wheat spur displacement in Africa?,"This crucial reliance on wheat and other grains is partially the result of limited means for local production, but also the result of a complex system of land ownership. In Sudan, for example, the price of bread has nearly [doubled](https://www.nytimes.com/2022/04/01/world/africa/food-crisis-africa-drought-ukraine.html), with some bakeries forced to close following a 60 percent drop in wheat imports since the beginning of the war two months ago. The food crisis experienced...",,,,,,,,ReliefWeb (International Centre for Migration Policy Development),https://reliefweb.int/report/world/could-disruptions-eastern-european-wheat-spur-displacement-africa,not found,
Unity,Rubkona,2022,5,May,2022-05-10,Flood,UNOCHA releases $19m for the flood response in South Sudan,"The UN Office for Coordination of Humanitarian Affairs has released 19 million US dollars in funding to help communities in South Sudan prepare for imminent flooding this rainy season. South Sudan is projected to suffer a fourth consecutive year of extreme flooding over the coming months, according to experts. Tens of thousands in Unity State are still suffering from the aftermath of last year’s flooding, with many confined in poor hygiene at overcrowded camps.",,320000,displaced,wider / not specified,"The agency said more than 320,000 people are already displaced and at risk of further displacement, loss of livelihoods, disease outbreaks, and food insecurity.","320,000 ind (displaced)",,Eye Radio,https://eyeradio.org/unocha-releases-19m-for-the-flood-response-in-south-sudan/,body,https://reliefweb.int/report/south-sudan/united-nations-releases-us19-million-help-people-south-sudan-prepare-severe
Jonglei,Bor South,2022,5,May,2022-05-09,Flood,Flood mitigation project launched in Jonglei,The government of Jonglei state and partners have launched a $11 million project to mitigate the impact of flooding and other climate change-induced disasters in Jonglei State. The flood mitigation project is funded by the Kingdom of Netherland and implemented by the International Organization for Immigration – South Sudan. It aims to bolster the capacity of the government to develop an early warning system and climate-resilient infrastructure to reduce the impact of...,,500000,displaced,wider / not specified,"Recent weather and climate-related disasters have resulted in a heavy burden of fatalities, displacing over 500,000 people in 2021 alone.","100,000 ind (reported); 500,000 ind (displaced)",,Eye Radio,https://eyeradio.org/flood-mitigation-project-launched-in-jonglei/,body,
Unity,Rubkona,2022,5,May,2022-05-07,Flood,United Nations releases US$19 million to help people in South Sudan prepare for severe flooding,"(07 May 2022): Two OCHA-managed pooled funds have released US$19 million to help communities in South Sudan prepare for severe flooding expected during the rainy season. The country is projected to suffer a fourth consecutive year of extreme flooding over the coming months. The funding will go to UN agencies and non-governmental organizations (NGOs) to prepare and protect people in the Bentiu camp for internally displaced people and surrounding areas in Unity State, which...",,320000,displaced,state named in same sentence,"In Unity State, expected flooding could put more than 320,000 people – over a third of whom are already displaced – at risk of further displacement, loss of livelihoods, disease outbreaks and food insecurity.","19,000,000 ind (reported); 320,000 ind (displaced)",,ReliefWeb (UN Office for the Coordination of Humanitarian Affairs),https://reliefweb.int/report/south-sudan/united-nations-releases-us19-million-help-people-south-sudan-prepare-severe,body,
,,2022,5,May,2022-05-06,Flood,Flood risk for South Sudan’s 2022 rainy season,"South Sudan has experienced extreme flooding over the past three years, with [835,000 people affected by flooding in 2021](https://reliefweb.int/node/3833023/) alone. In this article, we highlight the exploratory work the Centre has done related to flood forecasting in South Sudan and bring to the fore the high risk of extreme flooding in 2022 based on this analysis. [Read more on the Centre for Humanitarian...",,835000,affected,wider / not specified,"South Sudan has experienced extreme flooding over the past three years, with [835,000 people affected by flooding in 2021](https://reliefweb.int/node/3833023/) alone.","835,000 ind (affected)",,ReliefWeb (UN Office for the Coordination of Humanitarian Affairs),https://reliefweb.int/report/south-sudan/flood-risk-south-sudans-2022-rainy-season,not found,
Jonglei,Fangak,2022,5,May,2022-05-06,Flood,Construction of dykes begin in Fangak to prevent flooding – Official,"The construction of dykes has begun around the flood-prone Fangak County of Jonglei State, the state minister of information has said. This aims to fortify settlements against river banks as the area braces for another inevitable year of flooding. Fangak, a small island of over 100,000 people in the Sudd region is one of the hardest-hit areas by flash floods in the country in recent months.",,100000,reported,county named in same sentence,"Fangak, a small island of over 100,000 people in the Sudd region is one of the hardest-hit areas by flash floods in the country in recent months.","100,000 ind (reported)",,Eye Radio,https://eyeradio.org/construction-of-dykes-begin-in-fangak-to-prevent-flooding-official/,title,
,,2022,4,Apr,2022-04-29,Drought,Research Methodology Note: Greater Kapoeta Climate and Displacement Assessment SSD1904 South Sudan March 2022 Version number 1,"Understanding how drought (and flooding) have affected livelihoods and severity of humanitarian needs over the last 15+- years, as well as how this has changed over time. C) Develop an understanding of drought exposure in Greater Kapoeta through remote sensing and ground-truth analysis. Increase understanding of drought exposure and its impact on agriculture and water levels through a comparison of remote sensing data on drought hazard and ground-truth analysis of exposed...",,,,,,,,ReliefWeb (REACH Initiative),https://reliefweb.int/report/south-sudan/research-methodology-note-greater-kapoeta-climate-and-displacement-assessment,not found,
,,2022,4,Apr,2022-04-14,Flood,"Assessing the Evidence: Migration, Environment and Climate Change Nexus in Uganda (Final report, March 2022)","“Sudden-onset events (floods and landslides) often cause destruction of livelihoods and displace the affected populations who have to leave their homes mainly temporarily, but in some cases permanently, like the cases of landslides in Mt. Elgon sub-region and flooding in Teso sub-region.” The report says that rising temperatures and unpredictable rainfall contribute to water crises, declining soil productivity, livestock losses, and ultimately a loss of livelihoods, forcing...",,12000000,reported,wider / not specified,"Still, a [report](https://openknowledge.worldbank.org/handle/10986/36447#:~:text=This%20report%20shows%20that%20by,concrete%20climate%20and%20development%20action.) published by the World Bank in 2021 revealed that as many as 12 million people, or 11 percent of the population could move within Uganda because of slow onset climate factors, without concrete climate and development action by 2050.","12,000,000 ind (reported)",,ReliefWeb (International Organization for Migration),https://reliefweb.int/report/uganda/assessing-evidence-migration-environment-and-climate-change-nexus-uganda-final-report,not found,
Unity,Rubkona,2022,4,Apr,2022-04-11,Flood,South Sudan recommits to enhancing efforts to improve climate change-induced health threats including flooding,"Climate change is manifesting in increasing temperature, rising sea levels, changing rainfall patterns, and more frequent and severe extreme weather conditions such as flooding. “The recent flooding witnessed in many parts of the country and extreme weather are examples of the effect of climate change. Since July 2020, South Sudan has been experiencing heavy rainfall and rising water levels along the White Nile, which resulted in massive flooding in many parts of the country...",,200000,displaced,county named in same sentence,"In 2022, The Ministry of Health with support from WHO and partners conducted two rounds of oral cholera vaccination in Rubkona and Bentiu Internally Displaced Persons (IDP) camp in Unity State protecting almost 200 000 people.","200,000 ind (displaced)",,ReliefWeb (World Health Organization),https://reliefweb.int/report/south-sudan/south-sudan-recommits-enhancing-efforts-improve-climate-change-induced-health,body,
Unity,Mayendit,2022,4,Apr,2022-04-11,Flood,Emergency Flood Response – Upper Nile and Unity State,"The year 2021 marks the third consecutive year of torrential rains in South Sudan, affecting over 800,000i people across eight states, and destroying livelihoods, homes and health facilities, and displacing hundreds and thousands of families. According to a report released by the United Nations Office for the Coordination of Humanitarian Affairs (UNOCHA) on behalf of the InterCluster Coordination Group (ICCG), estimated that 426,000 people were affected and displaced by...",,24000,affected,county named in same sentence,"In August 2021, the Mayendit County authority in Unity State, disseminated a press release requesting humanitarian assistance be provided to an estimated 24,000 people affected by floods.","426,000 ind (displaced); 24,000 ind (affected)",Maiwut,ReliefWeb (Samaritan's Purse),https://reliefweb.int/report/south-sudan/emergency-flood-response-upper-nile-and-unity-state,body,
Unity,Rubkona,2022,4,Apr,2022-04-07,Flood,Better days to come: Ensuring the well-being of flood-affected communities in South Sudan,"**Bentiu, 7 April 2022** – When floodwaters engulfed Nhialdiu village near Bentiu town in northern South Sudan last June, Angela Chagor never thought it would last for weeks, or even months. “All my property remained behind, all of them – the sleeping mat and everything, because I was saving my children from the floods,” says Angela, who is now living with her four children at one of the newly established sites for flood-displaced persons in Bentiu. In Bentiu, five...",,110000,displaced,state named in same sentence,"The worst-hit is Unity State where 220,000 have been affected, including 110,000 people who were already displaced due to conflict.","19,000 ind (displaced); 110,000 ind (affected); 850,000 ind (affected); 110,000 ind (displaced); 8,900,000 ind (in need); 8,300,000 ind (in need)",,ReliefWeb (International Organization for Migration),https://reliefweb.int/report/south-sudan/better-days-come-ensuring-well-being-flood-affected-communities-south-sudan,body,
Central Equatoria,Juba,2022,4,Apr,2022-04-06,Flood,"As rains in South Sudan start again, communities face more flooding amid a growing hunger crisis, says Oxfam","*Increased flooding in South Sudan threatens to deepen the dire hunger crisis, with an estimated 8.3 million people expected to experience severe food insecurity in the coming months.* Just weeks after devastating floodwaters finally receded across South Sudan, rains have begun again with dire humanitarian consequences expected. In this narrow window between receding and rising waters, Oxfam and other humanitarians are acting urgently to reach communities that had been cut...",,835000,displaced,wider / not specified,"The worst impacts have been felt in Upper Nile, Lakes, and Jonglei states, affecting 835,000 people, and forcing 350,000 to flee their homes, [according to OCHA](https://reliefweb.int/country/ssd#key-figures).","8,300,000 ind (in need); 835,000 ind (displaced); 7,190,000 ind (in need); 8,300,000 ind (in need); 7,700,000 ind (in need); 383,000 ind (reported); 6,700,000 ind (reported); 383,000 ind (affected)",,ReliefWeb (Oxfam),https://reliefweb.int/report/south-sudan/rains-south-sudan-start-again-communities-face-more-flooding-amid-growing-hunger,body,
Jonglei,Bor South,2022,4,Apr,2022-04-02,Flood,18-year-old girl set to marry deceased boyfriend in Bor,"In February this year, Mayen Deng and hundreds of other local youth were mobilized to take part in building the dyke around Bor as the area braced for a possible flash flood in the coming rainy season. According to his best friend Gon Garang, two feuding young men reportedly opened fire at the dyke site forcing everyone to crawl on their stomach. “Before Mayen left for the dyke, he came to me at home and we spoke and agreed that when he comes back from his place of work, he...",,,,,,,,Eye Radio,https://eyeradio.org/18-year-old-girl-set-to-marry-deceased-boyfriend-in-bor/,title,
,,2022,3,Mar,2022-03-31,Drought,"Almost 8 million people in Eastern Africa, including vulnerable children, face an acute hunger crisis as the region endures its worst drought in modern history","Andrew Morley, World Vision International President and CEO, said: ""The impact of drought across this entire region is utterly devastating for children and their families. ""Our staff on the ground are bringing hope with water, cash transfers, and food distributions -- yet the drought intensifies, and the international response is drastically under-funded. The region is also experiencing its worst drought in forty...",,28000000,in need,wider / not specified,Early warning alerts to the looming dangers have not been sufficiently heeded and now close to 28 million people across the region need humanitarian assistance due to varying levels of food insecurity.,"8,000,000 ind (reported); 8,000,000 ind (reported); 28,000,000 ind (in need); 7,400,000 ind (reported); 5,500,000 ind (reported); 7,100,000 ind (reported); 3,400,000 ind (reported)",,ReliefWeb (World Vision),https://reliefweb.int/report/ethiopia/almost-8-million-people-eastern-africa-including-vulnerable-children-face-acute,not found,
,,2022,3,Mar,2022-03-29,Flood,Fighting the calamity of flooding in Africa,"**In recent years, many regions of Africa have been afflicted by particularly violent, torrential rains, which have devastated whole areas and affected hundreds of thousands of people. Torrential rains and flooding wash away crops and food stocks, decimate livestock, devastate homes and infrastructure, displace populations and increase food insecurity, making prospects even bleaker for affected countries like Niger, Chad, Cameroon, Nigeria, Burkina Faso, or South Sudan....",3000,,reported,wider / not specified,There were 3000 families in one school.,"3,000 HH (reported)",,ReliefWeb (Solidarités International),https://reliefweb.int/report/world/fighting-calamity-flooding-africa,not found,
,,2022,3,Mar,2022-03-29,Flood,"S. Sudan to experience acute food shortage, rise in commodity prices – IMF","The IMF attributed this to the recent global pandemic and three consecutive years of extensive floods. Following its overall assessment, the team found that the economy of South Sudan has been hit hard by the global pandemic and three consecutive years of extensive floods. In a statement obtained by Eye Radio, IMF says 2021 flooding has caused large output losses in the oil and agricultural sectors and exacerbated the country’s difficult humanitarian situation.",,,,,,,,Eye Radio,https://eyeradio.org/s-sudan-to-experience-acute-food-shortage-rise-in-commodity-prices-imf/,not found,
Central Equatoria,Juba,2022,3,Mar,2022-03-22,Flood,Flooding in South Sudan: ‘Simply building dikes is not the solution’,"South Sudan is facing the aftermath of its worst floods since 1960. Over [835,000 people](https://floodlist.com/africa/south-sudan-floods-update-december-2021) have been affected. How can we minimise the impact of persistent flooding on the people who live there?",,835000,affected,wider / not specified,"Over [835,000 people](https://floodlist.com/africa/south-sudan-floods-update-december-2021) have been affected.","835,000 ind (affected); 835,000 ind (affected); 200,000 ind (displaced)",Bor South,ReliefWeb (Government of the Netherlands),https://reliefweb.int/report/south-sudan/flooding-south-sudan-simply-building-dikes-not-solution,body,
Unity,Rubkona,2022,3,Mar,2022-03-21,Flood,13 trucks loaded with food items arrive in Unity state,"At least 13 trucks loaded with food items for flood victims have arrived in Unity state from neighboring Sudan, the state minister of information has said. According to a state government spokesperson, David Gai, the trucks carry part of 20,000 sacks of sorghum purchased by the state government for flood victims there. Last month, the state authorities said it needs at least over 50 water pumping machines for the removal of flood water from the Dyke in Bentiu and Rubkona...",,30000,reported,wider / not specified,"According to local authorities, Bentiu town alone is hosting more than 30,000 IDPs residing in three camps of Bilnyang, Kuermadoke and Bimruok.","30,000 ind (reported)",,Eye Radio,https://eyeradio.org/13-trucks-loaded-with-food-items-arrive-in-unity-state/,body,
,,2022,3,Mar,2022-03-17,Flood,World Bank approves $120m to build local community capacity in S. Sudan,"The International Development Association Grant Financing for South Sudan is aim at improving access to basic infrastructure, strengthening community institutions and enhancing flood resilience. It will contribute toward establishing the necessary institutional structures at the national and sub-national level and enhance the country’s resilience to flooding,” the statement partly reads. The World Bank said conflict and a succession of severe floods have had a devastating...",,920000,reported,wider / not specified,"It is intended to benefit 920,000 people in 12 of the country’s 79 counties.","920,000 ind (reported)",,Eye Radio,https://eyeradio.org/world-bank-approves-120m-to-build-local-community-capacity-in-s-sudan/,not found,
Unity,,2022,3,Mar,2022-03-14,Flood,Authorities in Unity state to relocate people living around oil fields,"Seasonal flash floods on several occasions submerged the oilfields, leaking dangerous chemicals to the surrounding waters and raising fears of an environmental disaster. According to environmental reports, the landscape around the oilfields is said to contain hundreds of flooded waste pits and soil contaminated with toxic chemicals and heavy metals. “The government is planning for the next rainy season to make sure that the dykes around the state are permanently built, the...",,,,,,,,Eye Radio,https://eyeradio.org/authorities-in-unity-state-to-relocate-people-living-around-oil-fields/,state only,
Upper Nile,Malakal,2022,3,Mar,2022-03-11,Flood,UNHCR concerned at climate change impacts in South Sudan,"JUBA, South Sudan, 11 March 2022 – Climate change-driven flooding and drought are threatening to aggravate an already precarious situation in vulnerable parts of South Sudan, UNHCR, the UN Refugee Agency warned today, stating that concerted action is needed to mitigate its worst impacts. During a five-day visit that ended on Friday, Andrew Harper, UNHCR’s Special Advisor on Climate Action, visited flood affected areas of South Sudan including Old Fangak, Malakal and Jamjang,...",,,,,,,Fangak; Pariang,ReliefWeb (UN High Commissioner for Refugees),https://reliefweb.int/report/south-sudan/unhcr-concerned-climate-change-impacts-south-sudan,body,
Upper Nile,,2022,3,Mar,2022-03-11,Flood,How does climate change affect peace and security in South Sudan?,"The recent flooding in South Sudan is the worst in over 60 years. South Sudan is highly vulnerable to the effects of climate change, including droughts and flooding. Both long-term climate change, such as the gradual increase in temperatures, and short-term extreme climate events, like increased flooding, have indirect and interlinked implications for peace and security in South Sudan.",,,,,,,,ReliefWeb (Norwegian Institute of International Affairs),https://reliefweb.int/report/south-sudan/how-does-climate-change-affect-peace-and-security-south-sudan,state only,
,,2022,3,Mar,2022-03-01,Flood,Environmentalist suggests relocation of people around oil fields over pollution,"“If we look at what we are being told that the flooding may take the next 5 years, then basically you will relocate communities to swap areas where they will not be able to live in. Fencing, you will only fence off the contaminated soil, the produced water and wells you will be able to fence them off but once flood comes, you will not be able to fence flood.” In October last year, the Ministry of Environment and Forestry promised to respond to looming environmental pollution...",,,,,,,,Eye Radio,https://eyeradio.org/environmentalist-suggests-relocation-of-people-around-oil-fields-over-pollution/,not found,
Unity,Rubkona,2022,2,Feb,2022-02-28,Flood,"Bentiu, Rubkona need 50 water pumps to remove flood water – official","Authorities in Unity state have said it needs at least over 50 water pumping machines for removal of flood water from the Dyke in Bentiu and Rubkona before next rainy season. Dak, who is also the acting governor says the whole population in Bentiu will face extreme flooding if the area is not protected against flooding before the onset of the next rainy season. The Unity state is racing against time to secure Bentiu and its surrounding areas from flooding as the next rainy...",,220000,displaced,state named in same sentence,"The worst-hit is Unity State where 220,000 people have been affected, including 110,000 IDPs who were already displaced due to conflict.","850,000 ind (affected); 220,000 ind (displaced); 110,000 ind (displaced); 8,300,000 ind (in need); 19,000 ind (displaced); 110,000 ind (affected)",,Eye Radio,https://eyeradio.org/bentiu-rubkona-need-50-water-pumps-to-remove-flood-water-official/,title,
Jonglei,Fangak,2022,2,Feb,2022-02-28,Flood,VP Taban calls for resumption of Jonglei Canal to prevent flood disaster,"The Vice President for Infrastructures has called for resumption of digging of the Jonglei Canal to prevent flood disaster in Jonglei and Unity states. A report by the UN refugee agency estimated that 380,000 people were affected by flooding in six states by the end of May last year – with Jonglei and Unity the most affected. According to General Taban Deng Gai, the devastating floods in areas of Bentiu, Fangak, and Bor towns have been as a result of high volume of water he...",,380000,affected,state named in same sentence,"A report by the UN refugee agency estimated that 380,000 people were affected by flooding in six states by the end of May last year – with Jonglei and Unity the most affected.","380,000 ind (affected)",Rubkona; Bor South,Eye Radio,https://eyeradio.org/vp-taban-calls-for-resumption-of-jonglei-canal-to-prevent-flood-disaster/,body,
Central Equatoria,Juba,2022,2,Feb,2022-02-26,Flood,Flooding hampers relocation of IDPs in Juba to Unity state – official,"The government of Unity State says plans to relocate thousands of the internally displaced persons in Juba has been hampered by the devastating floods. “Our state is at the threat of flood, we are still engaged in this situation which has displaced almost 75% of our population as they are living in Juba,” Gai told Eye Radio.",,35000000,reported,county named in same sentence,"According to a biometric registration update by the International Organization for Migration, there are currently more than 35,000 thousand IDPs in the three camps of Juba.","35,000,000 ind (reported)",,Eye Radio,https://eyeradio.org/flooding-hampers-relocation-of-idps-in-juba-to-unity-state-official/,title,
Unity,,2022,2,Feb,2022-02-24,Flood,South Sudan: Food aid for flood victims looted in attacks on NRC warehouses,"Warehouses with food aid for thousands of people affected by floods have been looted by armed groups in South Sudan in areas that are now out of reach for our aid workers. Last year NRC assisted more than 800,000 people in South Sudan to support livelihoods and food security, education, information counselling and legal assistance, protection, shelter, water provision, building resilience among communities and emergency response to flooding and conflict related displacement.",,23000,reported,state named in same sentence,"Two warehouses managed by the Norwegian Refugee Council (NRC) in Mirmir and Padeah, in Unity State, have been attacked and looted in at least four incidents over the last two weeks, depriving at least 23,000 people in desperate need of aid.","23,000 ind (reported); 8,000,000 ind (in need); 800,000 ind (displaced)",,ReliefWeb (Norwegian Refugee Council),https://reliefweb.int/report/south-sudan/south-sudan-food-aid-flood-victims-looted-attacks-nrc-warehouses,state only,
Unity,Mayendit,2022,2,Feb,2022-02-21,Flood,Flood Resilient Boreholes the Way Forward for Flood Prone Regions,"The country of South Sudan has seen unprecedented floods between 2019 and 2021. The areas around Rubkuay and Thar Jath payams are particularly prone to flooding, as tributaries of the Nile flow through those parts. The floods also destroyed farmland and crops, killing livestock, impacting seasonal harvest, and putting at risk the planting cycle.",,,,,,,,ReliefWeb (Samaritan's Purse),https://reliefweb.int/report/south-sudan/flood-resilient-boreholes-way-forward-flood-prone-regions,body,
Eastern Equatoria,Magwi,2022,2,Feb,2022-02-16,Flood,Lawmakers seek Kiir’s intervention over armed herders roaming in EES,"“They did not come during floods alone, they have been coming even when there are no floods. They can also relocate within Jonglei to a dry area if it floods,” Honorable Aber said.",,,,,,,,Eye Radio,https://eyeradio.org/lawmakers-seek-kiirs-intervention-over-armed-herders-roaming-in-ees/,body,
Northern Bahr el Ghazal,Aweil Centre,2022,2,Feb,2022-02-04,Flood,"UNICEF to construct over 2,000 classrooms in conflict and flood-affected areas","The UN children’s agency – UNICEF has announced plans to construct over 2000 classrooms in conflict and flood devastated areas where schools are operating under the trees. It says some of the learning facilities in some parts of the country submerged while others collapsed last year due to continued floods. “We are prioritizing those areas like the flood-affected locations and locations where there is high damage to school buildings, so we will be prioritizing those...",,,,,,,Aweil South,Eye Radio,https://eyeradio.org/unicef-to-construct-over-2000-classrooms-in-conflict-and-flood-affected-areas/,body,
Eastern Equatoria,,2022,2,Feb,2022-02-01,Drought,"South Sudan: Drought severity - Eastern Equatoria, January 2022 (01 February 2022)",,,,,,,,,ReliefWeb (REACH Initiative),https://reliefweb.int/map/south-sudan/south-sudan-drought-severity-eastern-equatoria-january-2022-01-february-2022,state only,
Jonglei,,2022,1,Jan,2022-01-31,Flood,South Sudan - Flood Frequency 2019-2021 (31 January 2022),"**Recurrent flooding in South Sudan** The map shows areas where floodwater has been detected in multiple years between 2019 and 2021. Wetlands are indicated on the map as these areas are characterised by seasonal flooding, whilst flood extent beyond these areas represents more exceptional flooding.",,,,,,,,ReliefWeb (REACH Initiative),https://reliefweb.int/map/south-sudan/south-sudan-flood-frequency-2019-2021-31-january-2022,state only,
Jonglei,Bor South,2022,1,Jan,2022-01-31,Flood,"Over 6,000 IDPs in Lakes state in dire need of food aid","More than 6,000 displaced by floods in Jonglei and Unity States are in dire need of humanitarian assistance in the area, the commissioner of Yirol East County in Lakes State has said. According to a report by UNOCHA, an estimated million people have so far been affected by the flash floods in 27 counties. Upper Nile, Western, and Northern Bahr el Ghazal come second as states badly affected by floodwater.",3800,6000,reported,wider / not specified,"Over 6,000 IDPs in Lakes state in dire need of food aid. | “The total number is 3,800 families in Nyang County and it can reach more than 6,000 people.","6,000 ind (reported); 3,800 HH (reported); 6,000 ind (reported)",Yirol East,Eye Radio,https://eyeradio.org/over-6000-idps-in-lakes-state-in-dire-need-of-food-aid/,body,
,,2022,1,Jan,2022-01-27,Flood,World Bank announces over $130m assistance for flood and refugees in S. Sudan,"The World Bank has announced $138m financial assistance for flood, refugees and host communities in the county. The regional World Bank head says $100m financial assistance for flood-affected people in the country. “We have managed at the request of the government of South Sudan to mobilize $100 million in response to current flooding happening in South Sudan,” World Bank Country Director said.",,,,,,,,Eye Radio,https://eyeradio.org/world-bank-announces-over-130m-assistance-for-flood-and-refugees-in-s-sudan/,not found,
Unity,Mayendit,2022,1,Jan,2022-01-22,Flood,47 die of floods and snakebite since October in Mayendit County,"The Commissioner Mayendit County in Unity State has said about 47 people have died after drowning in flood waters and snakebites in the area since October last year. Gatluak Nyang disclosed that majority of the flood and snakebite victims were pregnant mothers. “Those who died till now due to drowning in flood water and snakebites are 47 and the last case was recorded on date 4TH January”, Mr.",,47,reported,county named in same sentence,The Commissioner Mayendit County in Unity State has said about 47 people have died after drowning in flood waters and snakebites in the area since October last year.,47 ind (reported),,Eye Radio,https://eyeradio.org/47-die-of-floods-and-snakebite-since-october-in-mayendit-county/,title,
Jonglei,,2022,1,Jan,2022-01-18,Flood,UNMAS cautions Piji County residents against existing landmines,"The United Nations Mine Action Service has warned residents of Piji County in Jonglei State of a possible danger of landmines after flood submerged suspected minefields in the area. UNMAS says flooding has hampered demining activities in an estimated area of 9,684 square meters in the area.",,,,,,,,Eye Radio,https://eyeradio.org/unmas-cautions-piji-county-residents-of-existing-landmines/,state only,
,,2022,1,Jan,2022-01-17,Flood,New UK support to tackle impact of droughts and flooding in East Africa,**UK Minister for Africa Vicky Ford has announced a new £17 million package of support to countries in East Africa affected by extreme drought and flooding.** - almost a million people across East Africa will be supported by new UK funding in response to one of the worst droughts in the region for decades and unprecedented flooding Minister for Africa Vicky Ford has today announced a £17 million package of UK support to countries in East Africa affected by extreme drought...,,6400000,affected,wider / not specified,More than 6.4 million people are estimated to require food assistance this year in drought-affected regions of Ethiopia.,"6,400,000 ind (affected); 835,000 ind (affected); 350,000 ind (affected); 500,000 ind (reported); 100,000 ind (reported); 26,000 ind (reported); 100,000 ind (reported); 26,000 ind (affected)",,ReliefWeb (Government of the United Kingdom),https://reliefweb.int/report/south-sudan/new-uk-support-tackle-impact-droughts-and-flooding-east-africa,not found,
,,2022,1,Jan,2022-01-17,Flood,UK donates $23m to flood & drought affected EA countries including S. Sudan,"The UK government has announced an equivalent of 23 million US dollars to support four East African Countries including South Sudan that have been extremely affected by flooding and droughts. In a statement Vicky Ford said catastrophic droughts and floods, paired with ongoing conflicts and poor governance in Somalia, South Sudan and Ethiopia, have created what she calls a perfect storm in those countries, putting at risks hundreds of thousands of people into famine. This...",,,,,,,,Eye Radio,https://eyeradio.org/uk-donates-23m-to-flood-drought-affected-ea-countries-including-s-sudan/,not found,
Central Equatoria,,2022,1,Jan,2022-01-14,Flood,Authorities discuss return of Mangala IDPs – Governor Adil,"Central Equatoria and Jonglei states are discussing a roadmap on how the two governments can facilitate the return of the IDPs in Mangala to their respective states once the floods are over. The governor of Central Equatoria, Emmanuel Adil says Jonglei and his state are discussing plans on how the IDPs will be facilitated to return home after the floods are over. Addressing the media on Thursday in Juba, the Governor said that the governments of Jonglei and Central Equatoria...",,,,,,,,Eye Radio,https://eyeradio.org/authorities-discuss-return-of-mangala-idps-governor-adil/,state only,
Unity,Rubkona,2022,1,Jan,2022-01-12,Flood,Surviving flooding in South Sudan: “We are suffering a lot”,"[Over 835,000 people have been affected](https://www.doctorswithoutborders.org/what-we-do/news-stories/story/south-sudan-months-after-flooding-more-800000-people-are-still-living) by the worst floods in decades in [South Sudan](https://www.doctorswithoutborders.org/what-we-do/countries/south-sudan). She was displaced by the flooding in Unity state, and now lives in a makeshift camp in Rubkona town with her five children. Every day she walks through the submerged part of...",,835000,affected,wider / not specified,"[Over 835,000 people have been affected](https://www.doctorswithoutborders.org/what-we-do/news-stories/story/south-sudan-months-after-flooding-more-800000-people-are-still-living) by the worst floods in decades in [South Sudan](https://www.doctorswithoutborders.org/what-we-do/countries/south-sudan).","835,000 ind (affected)",,ReliefWeb (Médecins Sans Frontières),https://reliefweb.int/report/south-sudan/surviving-flooding-south-sudan-we-are-suffering-lot,body,
Lakes,,2022,1,Jan,2022-01-11,Flood,"South Sudan: Flooding trends in counties of particular concern of food insecurity, December 2021","Extensive flooding occurred across much of South Sudan in 2021. Whilst rainfall was not abnormally high in 2021, flooding was exacerbated by standing water from major floods in the previous two years, most of which had not fully receded. Higher water levels detected upstream on the Victoria Nile, and on the Great Lakes including Lake Albert, also contributed to the greater flood extent observed in 2021, as shown in the graph to the right.",,,,,,,,ReliefWeb (REACH Initiative),https://reliefweb.int/report/south-sudan/south-sudan-flooding-trends-counties-particular-concern-food-insecurity-december,state only,
Jonglei,Pibor,2022,1,Jan,2022-01-11,Flood,Agencies warn of 2022 as the hungriest year ever,"The World Food Program and several other aid agencies have warned that hunger is likely to hit South Sudan hard this year due to multiple challenges including the effects of last year’s flash floods. According to a report by UNOCHA, an estimated million people have so far been affected by the flash floods in 27 counties. Upper Nile, Western, and Northern Bahr el Ghazal come second as states badly affected by floodwater.",,30000,affected,county named in same sentence,"The report stated that Fangak is among the worst affected counties – as bad as Pibor County this time last year, when some 30,000 Pibor residents were reportedly facing famine.","8,500,000 ind (reported); 30,000 ind (affected); 1,000,000 ind (affected); 3,000,000 ind (affected)",,Eye Radio,https://eyeradio.org/agencies-warn-of-2022-as-the-hungriest-year-ever/,body,
,,2021,12,Dec,2021-12-31,Flood,"East Africa Key Message Update: Conflict-, drought-, and flood-affected areas face Crisis (IPC Phase 3) or worse outcomes, December 2021","- Drought in the eastern Horn of Africa and severe flooding in South Sudan are also driving Crisis (IPC Phase 3) and Emergency (IPC Phase 4) outcomes, marked by a large reduction in household food and income sources, purchasing power, and coping capacity. A third consecutive season of below-average rainfall in late 2021 has led to significant crop and livestock losses and above-average food and water prices in southern and southeastern Ethiopia, most of Somalia, and eastern...",,20000000,displaced,wider / not specified,"Regionally, UNHCR data indicates over 20 million people are displaced, with refugees accounting for about 25 percent of those displaced.","1,000,000 ind (displaced); 375,000 ind (displaced); 40,000 ind (displaced); 204,000 ind (displaced); 20,000,000 ind (displaced)",,ReliefWeb (Famine Early Warning System Network),https://reliefweb.int/report/ethiopia/east-africa-key-message-update-conflict-drought-and-flood-affected-areas-face-crisis,not found,
Jonglei,,2021,12,Dec,2021-12-30,Flood,"2021 floods: S Sudan lost 37,000 tons of cereal production – FAO report","A report by the UN Food and Agriculture Organization estimates that South Sudan has lost at least 37,000 tons of cereal production to flash floods in 2021. The report, which provides a state-by-state summary of the effects of flooding in 2021 on crops and livestock, shows Warrap, Northern Bahr el Ghazal and Jonglei states were the most affected in terms of loss of production. Livestock killed by the flooding include cattle, sheep, goats, dogs, donkeys and poultry.",,,,,,,,Eye Radio,https://eyeradio.org/2021-floods-s-sudan-lost-37000-tons-of-cereal-production-fao-report/,state only,
Jonglei,Duk,2021,12,Dec,2021-12-21,Flood,UN condemns murder of WFP aid worker in Jonglei,"According to Hollingsworth, the team was returning from Tindiir to Duk Padiet, where they had delivered critical live-saving food assistance for flood-affected people when it was ambushed. He says the specialized vehicles were clearly marked as humanitarian and are the only means that enable deliveries to flooded zones. “It’s a horrific curse because these are people who have worked for us for long, as we had the amphibious vehicles all around the country where there has...",,,,,,,,Eye Radio,https://eyeradio.org/un-condemns-murder-of-wfp-aid-worker-in-jonglei/,body,
Jonglei,Fangak,2021,12,Dec,2021-12-17,Flood,MoH reports link Fangak ‘strange disease’ to malaria,"The Ministry of Health has reported that the unknown disease which claimed lives of about 100 people was a surge of malaria cases due to over flooding in Fangak County. In a statement seen by Eye Radio, the doctors attributed the surge in malaria due to floods and lack of health facilities in the area. Authorities there say Fangak communities entirely rely on Primary Health Care Units which have all been submerged by the flash floods.",,100,reported,county named in same sentence,The Ministry of Health has reported that the unknown disease which claimed lives of about 100 people was a surge of malaria cases due to over flooding in Fangak County.,100 ind (reported); 90 ind (reported),,Eye Radio,https://eyeradio.org/moh-reports-link-fangak-strange-disease-to-malaria/,title,
Unity,Rubkona,2021,12,Dec,2021-12-14,Flood,South Sudan Flooding Situation Report No. 3: Inter-Cluster Coordination Group - As of 14 December 2021," More than 835,000 people were reported as affected by flooding across the country since May.  People in Jonglei, Unity and Upper Nile states are the worst affected by the floods.  Humanitarian organizations are providing emergency relief and community-based support to flood-affected people as resources allow.",,305000,affected,state named in same sentence,"Jonglei is the hardest hit with 305,000 people affected, followed by Unity (220,000 affected) and Upper Nile (141,000 affected).","835,000 ind (affected); 835,000 ind (affected); 305,000 ind (affected); 619,000 ind (reported); 477,000 ind (reported); 227,000 ind (reported); 237,000 ind (reported); 220,000 ind (reported)",Rumbek Centre; Duk,ReliefWeb (UN Office for the Coordination of Humanitarian Affairs),https://reliefweb.int/report/south-sudan/south-sudan-flooding-situation-report-no-3-inter-cluster-coordination-group-14,body,
Unity,,2021,12,Dec,2021-12-14,Flood,"Concern responds to needs of 32,000 left homeless by flooding in South Sudan","Concern Worldwide has launched an enhanced emergency response in South Sudan after hundreds of thousands of people were forced from their homes by the worst floods in almost 60 years. “The magnitude of the flooding this year has been immense,” Concern’s Country Director in South Sudan, Shumon Sengupta said. “Over 200,000 people – more than a quarter of the local population in Unity State – have been forced to leave their homes as a result of rising flood waters”.",,200000,reported,state named in same sentence,"“Over 200,000 people – more than a quarter of the local population in Unity State – have been forced to leave their homes as a result of rising flood waters”.","200,000 ind (reported); 32,000 ind (affected)",,ReliefWeb (Concern Worldwide),https://reliefweb.int/report/south-sudan/concern-responds-needs-32000-left-homeless-flooding-south-sudan,state only,
Jonglei,Fangak,2021,12,Dec,2021-12-10,Flood,"780,000 people are affected by flooding in South Sudan","An estimated 780,000 people in 31 counties [were reported as affected by flooding](https://reliefweb.int/sites/reliefweb.int/files/resources/south_sudan_2021_floods_the_cost_of_inaction.pdf) in South Sudan since May. People in Jonglei, Unity and Upper Nile states, are the worst affected by the floods. Flooding has led to widespread collapse of livelihoods, severely affecting the ability of households to maintain livestock decreasing community and household coping capacities.",,780000,affected,wider / not specified,"780,000 people are affected by flooding in South Sudan.","780,000 ind (affected); 780,000 ind (affected)",Mayendit; Leer,ReliefWeb (REACH Initiative),https://reliefweb.int/report/south-sudan/780000-people-are-affected-flooding-south-sudan,body,
,,2021,12,Dec,2021-12-08,Flood,MPs boo Acuei for being vague and informal,"Among other cabinet ministers and heads of government institutions, Elizabeth Acuei appeared before the lawmakers to explain why people affected by the flash floods are still suffering. In their presentations, Peter Mayen and Elizabeth Acuei were expected to give accurate and updated data on all areas affected by the floods in the country. “The ministers are, therefore, directed to go back and improve the reports to ensure they are comprehensive and adequate – presenting the...",,,,,,,,Eye Radio,https://eyeradio.org/mps-boo-acuei-for-being-vague-and-informal/,not found,
Jonglei,Bor South,2021,12,Dec,2021-12-08,Flood,Over 70 health facilities affected by floods across the country,"More than seventy health facilities in five states have been affected by floods across the country, the Minister of Health has said. She stated that the most affected areas include Jonglei with over 25 health facilities completely destroyed, others had limited access, while some were submerged into flood water. The minister noted that the current flood has hugely impacted the health sector as more than 800,000 people have been affected across the country limiting access to...",,800000,affected,wider / not specified,"The minister noted that the current flood has hugely impacted the health sector as more than 800,000 people have been affected across the country limiting access to basic health services.","800,000 ind (affected); 278,000 ind (affected); 195,145 ind (displaced)",,Eye Radio,https://eyeradio.org/over-70-health-facilities-affected-by-floods-across-the-country/,body,
Jonglei,,2021,12,Dec,2021-12-06,Flood,Mayen confirms receiving $10m for flood victims,"The Minister of Humanitarian Affairs and Disaster Management has confirmed receiving the $10 million for the flood response in the country. According to UNOCHA, nearly a million people have so far been affected by the flash floods in 27 counties. States of Jonglei and Unity are the most affected – accounting for 58% of people affected by the flash floods.",,,,,,,,Eye Radio,https://eyeradio.org/mayen-confirms-receiving-10m-for-flood-victims/,state only,
Jonglei,,2021,12,Dec,2021-12-04,Flood,UNICEF to ‘step up’ humanitarian response in the country,"The United Nations children’s agency, UNICEF says it will step up its response to people affected by floods in the country. Fall visited Jonglei state, one of the states in South Sudan affected by floods. He points out that South Sudan is going through a humanitarian crisis which is affecting children and impacting their rights due to continued insecurity and unprecedented floods.",,8300000,in need,wider / not specified,UNICEF’s Regional Director says 8.3 million people – including 4.5 million children – are in need of humanitarian assistance.,"8,300,000 ind (in need); 4,500,000 ind (in need)",,Eye Radio,https://eyeradio.org/74358-2/,state only,
Unity,Koch,2021,12,Dec,2021-12-03,Flood,"South Sudan - Koch County, Unity State: Inter-Agency Flood Assessment Report - December 2021","With the excessive rains this year, the county experienced flooding in most villages, displacing communities to seek shelters at higher grounds. This prompted an Inter-Agency flood assessment to assess the impact of the flooding in Koch County. The Locations visited included Kuachlual Payam, Ngony (Patit) and Thoria, which were accessed by waking crossing through the flooded waters on foot.",,,,,,,Tonj East; Mayendit; Rubkona; Mayom; Guit,ReliefWeb (CARE),https://reliefweb.int/report/south-sudan/south-sudan-koch-county-unity-state-inter-agency-flood-assessment-report-december-2021,title,
Central Equatoria,Juba,2021,11,Nov,2021-11-30,Flood,5th Governors’ Forum resolutions and recommendations,"Support individuals and communities affected by floods; To control and mitigate impact of floods, build dams, canals, dykes and dredge waterways;",,,,,,,,Eye Radio,https://eyeradio.org/5th-governors-forum-resolutions-and-recommendations/,body,
Jonglei,,2021,11,Nov,2021-11-28,Flood,Governors recommend construction of dams to mitigate floods,"The 5 th Governors Forum has recommended for construction of dams, canals, dykes and water ways to control and mitigate the impact of flooding in the country. According to the UN Office for the Coordination of Humanitarian Affairs, nearly the entire population in 27 counties across South Sudan have been affected or displaced by floods. Livelihood and farm lands have reportedly been submerged by the devastating floods causing famine concerns for the residents there.",,,,,,,,Eye Radio,https://eyeradio.org/governors-recommend-construction-of-dams-to-mitigate-floods/,state only,
,,2021,11,Nov,2021-11-26,Flood,Flood affects S Sudan wildlife migration this year – Rizik,"Wildlife migration in South Sudan didn’t take place this year due to flooding, the minister of wildlife has said. Minister Rizik Zachariah says the migration of wild animals due to flood and human activity is a concern. “With this flood, they [wildlife] have been displaced and our migration, which is the second migration worldwide this year has never moved smoothly as it is.”",,,,,,,,Eye Radio,https://eyeradio.org/flood-affects-s-sudan-wildlife-migration-this-year-rizik/,not found,
Unity,Rubkona,2021,11,Nov,2021-11-24,Flood,Unity State: Flood-affected people stranded in Bentiu and Rubkona,"Authorities in Unity State have expressed fears as Bentiu and Rubkona towns remain the only refugee towns for the flood-affected people. According to the state deputy governor, persistent rainfall and flash floods have devastated almost the entire state, leaving the local population at risk of starvation. Tor Tungwar says the state leadership has only safeguarded the two towns from the floods by building a 31-kilometer-dyke.",,800000,affected,state named in same sentence,"The agency stated that Jonglei and Unity were the most affected states -accounting for more than half of the about 800,000 people affected by floods in the country.","800,000 ind (affected)",,Eye Radio,https://eyeradio.org/unity-state-flood-affected-people-stranded-in-bentiu-and-rubkona/,title,
Unity,Rubkona,2021,11,Nov,2021-11-18,Flood,Oil companies urged to support the flood-affected in Rubkona,"The Commissioner of Rubkona County, Unity State has called on oil companies in the state to support people affected by flooding in the area. According to the UN World Food Programme, more than 750,000 people have been affected by flooding in 27 counties across eight states since May 2021. This is the third year of unprecedented flooding and the devastating flood situation, particularly in areas like Bentiu, Unity State, has aggravated the need for humanitarian assistance.",,750000,affected,wider / not specified,"According to the UN World Food Programme, more than 750,000 people have been affected by flooding in 27 counties across eight states since May 2021.","750,000 ind (affected)",,Eye Radio,https://eyeradio.org/oil-companies-urged-to-support-the-flood-affected-in-rubkona/,title,
Unity,Rubkona,2021,11,Nov,2021-11-17,Flood,"Malnutrition, malaria and mass displacement on the rise as South Sudan suffers the worst floods in decades","Wednesday, November 17, 2021 — 780,000 people have been affected by some of the worst floods to hit South Sudan in decades (OCHA). This is the third straight year of extreme flooding in South Sudan, further impacting many of the 11 million people in the country who are already in dire need of humanitarian assistance. People’s homes and livelihoods, as well as health facilities, schools and markets are submerged.",,11000000,affected,wider / not specified,"This is the third straight year of extreme flooding in South Sudan, further impacting many of the 11 million people in the country who are already in dire need of humanitarian assistance.","780,000 ind (affected); 11,000,000 ind (affected); 25,000 ind (displaced); 20,000 ind (reported); 25,000 ind (reported)",,ReliefWeb (Médecins Sans Frontières),https://reliefweb.int/report/south-sudan/malnutrition-malaria-and-mass-displacement-rise-south-sudan-suffers-worst-floods,body,
Upper Nile,Malakal,2021,11,Nov,2021-11-15,Flood,Parliament summons ministers over gov’t respond to flood victims,"Lawmakers have summoned six national ministers over the continuous suffering of people living in the flood-affected areas across the country. Last month, UN-OCHA announced that over 630,000 people had been affected by the flash floods in 27 counties across South Sudan. Jonglei and Unity were the most affected states – accounting for 58 percent of people affected by the flash floods.",,630000,affected,wider / not specified,"Last month, UN-OCHA announced that over 630,000 people had been affected by the flash floods in 27 counties across South Sudan.","630,000 ind (affected); 58 ind (affected)",,Eye Radio,https://eyeradio.org/parliament-summons-ministers-over-govt-respond-to-flood-victims/,body,
Unity,Rubkona,2021,11,Nov,2021-11-12,Flood,South Sudan Flooding Situation Report: Inter-Cluster Coordination Group - As of 12 November 2021,"• An estimated 780,000 people were reported as affected by flooding in areas along the Nile and Lol rivers, and in Sudd marshlands since May. • People in Jonglei, Unity and Upper Nile states, are the worst affected by the floods. • Humanitarian organizations are responding to the immediate needs of flood-affected people with emergency relief and community-based support.",,278000,affected,state named in same sentence,"At the time of reporting, people in Jonglei are the worst affected (278,000 people), followed by Unity (208,000 people), Upper Nile (126,000), Northern Bahr el Ghazal (65,000), Lakes (61,000), Warrap (23,000), Western Bahr el Ghazal (10,000) and Central Equatoria (10,000).","780,000 ind (affected); 310,000 ind (reported); 294,000 ind (reported); 174,000 ind (reported); 780,000 ind (affected); 278,000 ind (affected); 208,000 ind (affected)",,ReliefWeb (UN Office for the Coordination of Humanitarian Affairs),https://reliefweb.int/report/south-sudan/south-sudan-flooding-situation-report-inter-cluster-coordination-group-12,body,
Jonglei,,2021,11,Nov,2021-11-12,Flood,Humanitarian Coordinator a.i. in South Sudan visits flood-affected areas and warns of a climate emergency,"**(Juba, 12 November 2021)** The Humanitarian Coordinator *ad interim* in South Sudan, Arafat Jamal, recently travelled to flood affected areas Jonglei and Unity states. He warns of a climate emergency and calls for further investment in disaster risk reduction and climate change adaptation to prevent future floods, and to help people cope with washed out crops, cattle and homes. Yet again, we see already vulnerable people, who may have fled conflict or the 2020 floods,...",,780000,affected,state named in same sentence,"More than 780,000 people have been affected since May, largely in Jonglei, Unity and Upper Nile states.","780,000 ind (affected)",,ReliefWeb (UN Office for the Coordination of Humanitarian Affairs),https://reliefweb.int/report/south-sudan/humanitarian-coordinator-ai-south-sudan-visits-flood-affected-areas-and-warns,state only,
,,2021,11,Nov,2021-11-05,Flood,Flooding in South Sudan: HART’s Assistance,"For the third consecutive year since 2019, South Sudan is experiencing severe flooding. Since May, more than 623,000 people have been affected by flooding across eight of the country’s 10 states. The floods have caused widespread devastation to livelihoods, submerging schools, health facilities and thousands of houses and displacing families.",60,623000,affected,wider / not specified,"Since May, more than 623,000 people have been affected by flooding across eight of the country’s 10 states. | We recently supported our partner, the Diocese of Abyei, to deliver vital food assistance to 60 households whose farms were destroyed during the recent devastating floods, leaving them without food to eat and produce to sell.","623,000 ind (affected); 60 HH (reported); 300 ind (reported)",,ReliefWeb (Humanitarian Aid Relief Trust),https://reliefweb.int/report/south-sudan/flooding-south-sudan-hart-s-assistance,not found,
Upper Nile,Ulang,2021,11,Nov,2021-11-05,Flood,South Sudan - Ulang County Upper Nile State: Inter-Agency Flood Assessment - November 2021,"The County is located along the River Sobat and usually suffers severely by flooding. During this year’s flooding, community members started noticing some indicators, that there would be a serious threat for them. Due to the magnitude of the flooding, many homes were destroyed and the food washed away the community belongings.",282,4890,affected,county named in same sentence,"• In Yomding payam there are 978HH and 4890 individuals affected. | In Ulang there are 282 HH flood-affected – 1.410 individuals, from the following villages: Liap/Wuntith Bulbuong Blocks, Rotguek, and Nyieguot.","2,450 HH (affected); 5 ind (affected); 282 HH (affected); 3,995 ind (affected); 4,890 ind (affected); 156 HH (affected); 11 ind (affected); 780 ind (affected)",Luakpiny/Nasir; Nyirol; Baliet; Akobo,ReliefWeb (Adventist Development and Relief Agency International),https://reliefweb.int/report/south-sudan/south-sudan-ulang-county-upper-nile-state-inter-agency-flood-assessment-november-2021,title,
Jonglei,,2021,11,Nov,2021-11-04,Flood,South Sudan: Flooding Snapshot (As of 4 November 2021),"Some 760,000 people have been affected by flooding in areas along the Nile and Lol rivers and Sudd marshlands since May, according to field reports. Many of the flood-affected people moved to higher grounds within their county, and plan to return home once the flood waters recede. Humanitarian organizations are responding to the immediate needs of flood-affected people with emergency response relief and community-based support.",,760000,affected,wider / not specified,"Some 760,000 people have been affected by flooding in areas along the Nile and Lol rivers and Sudd marshlands since May, according to field reports.","760,000 ind (affected); 750,000 ind (reported); 294,000 ind (reported); 174,000 ind (reported)",,ReliefWeb (UN Office for the Coordination of Humanitarian Affairs),https://reliefweb.int/report/south-sudan/south-sudan-flooding-snapshot-4-november-2021,state only,
Jonglei,,2021,11,Nov,2021-11-04,Flood,EU announces $2.3m to support flood victims in S Sudan,"The European Union Commission has announced an emergency funding of $2.3 million to support people affected by floods in South Sudan. Recently, the UN Office for the Coordination of Humanitarian Affairs said 27 counties across South Sudan have been affected by floods. UNOCHA stated that Jonglei and Unity were the most affected states – accounting for 58% of people affected by floods in the country.",,2300000,affected,wider / not specified,The European Union Commission has announced an emergency funding of $2.3 million to support people affected by floods in South Sudan.,"2,300,000 ind (affected); 40 ind (affected); 750,000 ind (affected)",,Eye Radio,https://eyeradio.org/eu-announces-2-3m-to-support-flood-victims-in-s-sudan/,state only,
Jonglei,,2021,11,Nov,2021-11-02,Flood,South Sudan Flooding Situation Report: Inter-Cluster Coordination Group - As of 15 October 2021,"• An estimated 623,000 people were affected and displaced by floods in South Sudan since May 2021. • Continued heavy rains, infrastructure damage and reduced physical accessibility, funding constraints and insecurity have hampered the flood response especially in remote areas. • Flood mitigation measures have helped to reduce the impact of flooding in areas like Bor town and Pibor.",,278000,affected,state named in same sentence,"To date, people in Jonglei are the worst affected state (278,000 people), followed by Unity (188,000 people), Northern Bahr el Ghazal (102,000 people) and Upper Nile (45,000).","623,000 ind (displaced); 171,000 ind (reported); 136,000 ind (reported); 85,000 ind (reported); 623,000 ind (affected); 278,000 ind (affected); 188,000 ind (affected); 102,000 ind (affected)",,ReliefWeb (UN Office for the Coordination of Humanitarian Affairs),https://reliefweb.int/report/south-sudan/south-sudan-flooding-situation-report-inter-cluster-coordination-group-15-october,state only,
Upper Nile,Malakal,2021,11,Nov,2021-11-01,Flood,Additional investment in flood mitigation needed to avert climate disaster in South Sudan,"(Juba, 29 October 2021) As flooding continues to impact people throughout South Sudan, the humanitarian community is working with the Government of South Sudan to support the hundreds of thousands of people affected. Vice President Rebecca Nyandeng De Mabior, Embassy of Turkey as well as the University of Juba, to see firsthand the impact of the flooding. “Through this visit, we heard the voices of the people, the government and teams responding to the flooding in Jonglei...",,800000,affected,state named in same sentence,"Close to 800,000 people have been affected to date by rising waters across the country since May, in particular in Jonglei, Unity, and Upper Nile states.","800,000 ind (affected)",Bor South,ReliefWeb (UN Office for the Coordination of Humanitarian Affairs),https://reliefweb.int/report/south-sudan/additional-investment-flood-mitigation-needed-avert-climate-disaster-south-sudan,body,
,,2021,10,Oct,2021-10-31,Drought,"East Africa Key Message Update: Severe to extreme food insecurity persists due to conflict, drought, and other shocks","In South Sudan, political and intercommunal conflict and a third consecutive year of severe floods are expected to sustain Emergency (IPC Phase 4) outcomes throughout the 2021 harvest period. In Sudan, rising insecurity and conflict in Darfur, South Kordofan, and parts of the White Nile, coupled with flooding in eastern and central Sudan, will similarly sustain Crisis (IPC Phase 3) outcomes during the 2021 harvest period. Southern and southeastern Ethiopia, eastern and...",,,,,,,,ReliefWeb (Famine Early Warning System Network),https://reliefweb.int/report/ethiopia/east-africa-key-message-update-severe-extreme-food-insecurity-persists-due-conflict,not found,
Upper Nile,Melut,2021,10,Oct,2021-10-29,Flood,South Sudan - Melut County Upper Nile State: IRNA IDP Flood Assessment Report - October 2021,"Humanitarian organizations in Upper Nile conducted an Inter-Agency Rapid Needs Assessment (IRNA) in Melut County following reports of serious flooding in the County. The findings revealed that 2,748 households translating to 14,872 people got displaced by the floods in three payams (Thiangrial, Melut and Paloich) in Melut County. On 14 October 2021 the floods hit Thiangrial Payam and displaced the population into Melut Payam.",12551,46176,affected,county named in same sentence,"The local authorities said that 180 villages with a total population of 12,551 HHs translating to 46,176 individuals are affected by the floods in 7 payams of Melut County.","2,748 HH (displaced); 14,872 ind (displaced); 12,551 HH (affected); 46,176 ind (affected)",,ReliefWeb (Danish Refugee Council),https://reliefweb.int/report/south-sudan/south-sudan-melut-county-upper-nile-state-irna-idp-flood-assessment-report-october-2021,title,
Jonglei,Bor South,2021,10,Oct,2021-10-27,Flood,"WFP-backed school feeding program improves attendance, performance – parents","The school feeding program has significantly improved school attendance and performance despite effects of floods in some parts of the country, some parents and teachers say. Peter Deng Atem, the head teacher of New Sudan Nursery and Primary school in Bor, says his school is unable to grow its own food due to persistent rainfall and flooding in the state. In early October, the UN Office for the Coordination of Humanitarian Affairs said over 630,000 people were affected by...",,630000,affected,wider / not specified,"In early October, the UN Office for the Coordination of Humanitarian Affairs said over 630,000 people were affected by flash floods in 27 counties across South Sudan.","834 ind (reported); 630,000 ind (affected); 1,800 ind (reported); 8,800,000 ind (reported)",,Eye Radio,https://eyeradio.org/wfp-backed-school-feeding-program-improves-attendance-performance-parents/,body,
Upper Nile,Melut,2021,10,Oct,2021-10-25,Flood,"100 oil wells submerged in flood waters in Paloch, official","At least 100 oil wells have been affected by flash floods in Paloch oilfield in Maluth County, Upper Nile State, the Dar Petroleum Field Manager has said. “We have been talking to the company for almost one month about the danger of the oil field because of floods, what we have seen is dangerous because oil has its waste,” Commissioner Deng Jo explains. Part of submerged oilfield in Paloch, Maluth County – credit | Alhadi Hawari | Eye Radio | Oct 23, 2021",,47000,affected,county named in same sentence,"About 47,000 people are said to be affected by the floods in Melut alone, with homes and farmlands submerged forcing residents and livestock to seek refuge in higher ground.","47,000 ind (affected)",,Eye Radio,https://eyeradio.org/100-oil-wells-submerged-in-flood-waters-in-paloch-official/,body,
Unity,,2021,10,Oct,2021-10-24,Flood,Environment Ministry pledges to address oil pollution fears,"The Ministry of Environment and Forestry has promised to respond to looming environmental pollution concerns in the oilfields mounted by the flash floods. This follows several concerns raised by authorities in the oil producing states of possible ecological contamination as some of the grounds are already submerged by the devastating floods. Two weeks ago, the state Minister of Information told Eye Radio that all 13 counties have been affected by the floods caused by heavy...",,,,,,,,Eye Radio,https://eyeradio.org/environment-ministry-pledges-to-address-oil-pollution-fears/,state only,
Upper Nile,Longochuk,2021,10,Oct,2021-10-22,Flood,"South Sudan - Longochuk County, Upper Nile State: IRNA Joint Flood Assessment Report - October 2021","Flooding from extreme rain affected many communities across the County, causing damages to crops, households’ latrines, water drinking facilities, foods, chickens, goats and others domestic animals and displaced communities in Longechuk County. The total households affected by flooding in greater Longechuk County is 30,585",,,,,,,,ReliefWeb (Adventist Development and Relief Agency International),https://reliefweb.int/report/south-sudan/south-sudan-longochuk-county-upper-nile-state-irna-joint-flood-assessment-report-october-2021,title,
Eastern Equatoria,Torit,2021,10,Oct,2021-10-22,Flood,174 cases of threats against aid workers reported in 3 months – UNOCHA,"During this period, over 700,000 people have been affected by flash floods in 27 counties across South Sudan, it added. Jonglei and Unity were the most affected states – accounting for 58 percent of people affected by the flash floods. Upper Nile, Western, and Northern Bahr el Ghazal came second as states badly affected by floodwater",,700000,affected,wider / not specified,"During this period, over 700,000 people have been affected by flash floods in 27 counties across South Sudan, it added.","700,000 ind (affected); 58 ind (affected)",Fangak; Ayod,Eye Radio,https://eyeradio.org/174-cases-of-threats-against-aid-workers-reported-in-3-months-unocha/,body,
Unity,,2021,10,Oct,2021-10-21,Flood,Official warns of looming environmental disaster as flood submerged oilfields,Authorities in Unity State have warned about a looming environmental disaster after the oilfields are submerged by flooding. “There is no place left by the flood. PHOTO: The UN peacekeepers from Pakistan in Unity state seen here building 4 kilometers of dyke to stop massive flooding caused by rain – credit – UNMISS | October 2021,,,,,,,,Eye Radio,https://eyeradio.org/official-warns-of-looming-environmental-disaster-as-flood-submerged-oilfields/,state only,
Upper Nile,Fashoda,2021,10,Oct,2021-10-20,Flood,"South Sudan - Aburoc, Fashoda County, Upper Nile State: Inter-Agency Flood Assessment - October 2021","Aburoc, IDPs Site, Dethwok Payma, Fashoda County, Upper Nile State had been hit hard by flooding since July 2021 to date, the flooding had expanded the IDP settlement and the surrounding villages of Aburoc namely (Pa-Awinajak, Pajoj, Omath, Erock, Abuman, Pa-akui, Panyawanh, Palwang, Alel-Amol, Alel-Ojwed, Chewngar, Achob, Nyiming and Pa-awangkak) The partners and the local authorities in Aburoc carried out initial rapid needs assessment on flood between 19th and 20th...",808,4614,affected,wider / not specified,"headed by the world vision representing the OCHA on the ground, of which roughly 808 HHs, 4,614 individuals in Aburoc IDP site and surround areas affected.","808 HH (affected); 4,614 ind (affected); 45 HH (affected)",,ReliefWeb (Danish Refugee Council),https://reliefweb.int/report/south-sudan/south-sudan-aburoc-fashoda-county-upper-nile-state-inter-agency-flood-assessment-october-2021,title,
Jonglei,Bor South,2021,10,Oct,2021-10-20,Flood,Govt commences construction of dyke to checkmate flood in Jonglei,"The Government has commenced the construction of dyke in Jonglei State capital Bor to regulate water levels from the Nile River and minimize risk of flooding in the area. The dyke construction that commenced on Tuesday from Malual-chaat to the Northern town of Bor will be undertaken by The African Resource Corporation or ARC. The Minister of Information, Michael Makuei stated that the construction of the dyke which started in Bor will cover the whole of Jonglei state.",,58,affected,state named in same sentence,The agency stated that Jonglei and Unity were the most affected states accounting for 58 percent of people affected by floods in the country.,"630,000 ind (affected); 58 ind (affected)",,Eye Radio,https://eyeradio.org/govt-commences-construction-of-dykes-to-checkmate-flood-in-jonglei/,body,
,,2021,10,Oct,2021-10-19,Flood,"Climate change triggers mounting food insecurity, poverty and displacement in Africa [EN/AR]","« During 2020, the climate indicators in Africa were characterized by continued warming temperatures, accelerating sea-level rise, extreme weather and climate events, such as floods, landslides and droughts, and associated devastating impacts. living on less than US$ 1.90/day) will be exposed to drought, floods and extreme heat in Africa, if adequate response measures are not put in place. **Precipitation**: Higher-than-normal precipitation -- accompanied by flooding -...",,,,,,,,ReliefWeb (World Meteorological Organization),https://reliefweb.int/report/world/climate-change-triggers-mounting-food-insecurity-poverty-and-displacement-africa-enar,not found,
,,2021,10,Oct,2021-10-18,Flood,"IRC launches emergency response for over half a million people affected by conflict, Hepatitis E and severe flooding in South Sudan","The ongoing impacts of climate change have caused unusually intense periods of flooding leading to disease and conflict in a country that has faced decades of violence. **Juba, South Sudan, October 18, 2021 —** The International Rescue Committee (IRC) is launching an emergency response as conflict, disease outbreaks such as Hepatitis E, and the worst flooding seen in 60 years in most parts of South Sudan leave well over 600,000 people in need of urgent humanitarian...",,450000,affected,wider / not specified,"“Since May the impact of flooding has left over 450,000 people across 22 counties in South Sudan in need of food, water, shelter, hygiene, health services as well as protection services particularly for women, girls and children.","600,000 ind (in need); 450,000 ind (affected)",,ReliefWeb (International Rescue Committee),https://reliefweb.int/report/south-sudan/irc-launches-emergency-response-over-half-million-people-affected-conflict,not found,
Lakes,Yirol East,2021,10,Oct,2021-10-18,Flood,South Sudan - Unity State in Yirol East: IRNA Report of Flood Affected IDPs - October 2021,"The reports indicated that hundres of households, women and children had crossed into Yirol East seeking assistance after the devastation of their villages in Panyijar County by severe floods.",395,120000,in need,county named in same sentence,"According to OCHA’s Humanitarian Needs Overview (HNO) for 2020, there are approximately over 120,000 people in need in Yirol East County, which represents 36% of the estimated population of the county reported in the HNO. | Initial reports indicated that 395 household had arrived from Panyijar between August-September and more were still arriving in search of higher and dryer land and assistance in the form of shelter and food.","120,000 ind (in need); 395 HH (reported)",Yirol West; Rumbek Centre; Bor South; Rumbek East; Twic East; Awerial,ReliefWeb (AVSI Foundation – ETS),https://reliefweb.int/report/south-sudan/south-sudan-unity-state-yirol-east-irna-report-flood-affected-idps-october-2021,title,
Upper Nile,Fashoda,2021,10,Oct,2021-10-17,Flood,Fashoda farmers fear famine after floods,"Authorities in Fashoda County of Upper Nile State are reporting failure of agricultural production this year due to the floods. Farm lands in the county have reportedly been submerged by the devastating floods causing famine concerns for the residents in the coming season. According to the Commissioner of Fashoda County, insects and wild birds have eaten up the remaining yields since farmers could not supervise the farms due to the continuous flooding in the area.",,600000,affected,wider / not specified,"According to the UN Office for Coordination of Humanitarian Affairs or UNOCHA, an estimated 600,000 people have been affected by flooding in six states since May – with Jonglei and Unity the most affected.","600,000 ind (affected); 7,200,000 ind (reported)",,Eye Radio,https://eyeradio.org/fashoda-farmers-fear-famine-after-floods/,title,
Western Bahr el Ghazal,Wau,2021,10,Oct,2021-10-14,Flood,World Food Day: Climate change and Corona pandemic tighten global hunger,"**Two million people in Kenya threatened by drought** For months, another drought disaster has been looming in the region. ""We are losing our livestock because of the drought.",,27,reported,county named in same sentence,"In the Johanniter project regions of Wau and Jur River, in the province of Western Bahr el Ghazal, 27 people died in the floods.","400,000 ind (displaced); 27 ind (reported); 7,200,000 ind (reported)",Torit,ReliefWeb (Johanniter-Unfall-Hilfe),https://reliefweb.int/report/world/world-food-day-climate-change-and-corona-pandemic-tighten-global-hunger,body,
Jonglei,,2021,10,Oct,2021-10-13,Flood,"NRC responds as flooding affects 600,000 people in South Sudan","More than 600,000 people have been affected by flooding so far this year in South Sudan. In the past few weeks, dozens of lives have been lost in flash floods, with as many as 50,000 people displaced in September alone. The White Nile river runs through the heart of the country, where flooding is a growing problem.",,600000,affected,wider / not specified,"NRC responds as flooding affects 600,000 people in South Sudan.","600,000 ind (affected); 600,000 ind (affected); 50,000 ind (displaced); 1,400,000 ind (reported)",,ReliefWeb (Norwegian Refugee Council),https://reliefweb.int/report/south-sudan/nrc-responds-flooding-affects-600000-people-south-sudan,state only,
Western Bahr el Ghazal,Jur River,2021,10,Oct,2021-10-13,Flood,"South Sudan - Jur River County, Western Bahr el Ghazal State: Alell Thony and Achongchong Flood Assessment - 13 October 2021","It has re-ocurring incidents of flooding compared to the other two counties of Wau and Raja. This year the floods has affected six bomas, Alel Thony, Gumel, Berber, Ator, Mabior and Ayom all in Kangi payam and other eleven bomas Achongchong, Wingochok, Adir Ping, Racbak, Pathyic,Wungot, Achongchong old market, Titmarol, Lieth Angui and Manyang all in Marial Bai payam. Jur River County received heavy rainfalls in the last three months of July, August and September 2021,...",14475,71000,affected,wider / not specified,"According to the local authorities 14,475 households with 71,000 people are affected in Alel Thony and other locations while in Achonchong and other locations 1,246 households with 7,476 people.","14,475 HH (affected); 1,246 HH (affected); 71,000 ind (affected); 7,476 ind (affected); 655 HH (reported); 1,236 HH (reported); 3,346 ind (reported); 6,295 ind (reported)",Wau; Raja,ReliefWeb (Agency for Technical Cooperation and Development),https://reliefweb.int/report/south-sudan/south-sudan-jur-river-county-western-bahr-el-ghazal-state-alell-thony-and-achongchong-flood-assessment-13-october-2021,title,
Jonglei,,2021,10,Oct,2021-10-12,Flood,Floods destroy 200 schools in Jonglei,"The UN children’s agency says more than 200 schools are submerged in flood waters in Jonglei State. Last year, the education cluster led by UNICEF and the state government initiated the mapping exercise to determine the effect of flooding on learning activities in Jonglei. “We will map out these schools that have been displaced or flooded, and when a school is able to identify a new land, we will provide some basic support to this school,” Francis told reporters at Panapet...",,58,affected,state named in same sentence,The agency stated that Jonglei and Unity were the most affected states accounting for 58 percent of people affected by floods in the country.,"630,000 ind (affected); 58 ind (affected)",,Eye Radio,https://eyeradio.org/floods-destroy-200-schools-in-jonglei/,state only,
Jonglei,,2021,10,Oct,2021-10-11,Flood,Cabinet approves $10 million for flood victims,"The Council of Ministers has approved $10 million as humanitarian response to people affected by floods across the country. “They need to supply emergency equipment to the people who are affected by the flood and then also flooding intervention,” said Michael Makuei, minister of information. According to UNOCHA, over 630,000 people have been affected by the flash floods in 27 counties across South Sudan.",,58,affected,state named in same sentence,"Last week, it said Jonglei and Unity were the most affected states – accounting for 58 percent of people affected by the flash floods.","630,000 ind (affected); 58 ind (affected); 75,000 ind (affected)",,Eye Radio,https://eyeradio.org/cabinet-approves-10-million-for-flood-victims/,state only,
Western Equatoria,,2021,10,Oct,2021-10-10,Flood,Snake bite related deaths rises to 24 in Warrap State,"The number of people who have died from snake bite after flash floods submerged several homes in Warrap State has risen to 24. Over the past weeks, torrential rainfalls have resulted in unprecedented levels of flash floods in the area, forcing poisonous snakes to float into people’s homes. Annually, torrential rains caused havoc in several parts of the country, including Jonglei, Lakes, parts of Central and Western Equatoria states.",,426000,affected,wider / not specified,"According to the UN Office for Coordination of Humanitarian Affairs or UNOCHA, an estimated 426,000 people have been affected by flooding in six states since May – with Jonglei and Unity the most affected.","197 ind (reported); 426,000 ind (affected)",,Eye Radio,https://eyeradio.org/snake-bite-related-deaths-rises-to-24-in-warrap-state/,state only,
Jonglei,Bor South,2021,10,Oct,2021-10-08,Flood,Snake bite cases rise in Jonglei,"Health authorities at Bor Civil Hospital in Jonglei say cases of snake bite are on the rise due to the devastating floods in the area. Jonglei, Unity, Upper Nile, Western and Northern Bahr el Ghazal are among the states the UN considers the most flood-affected in the country. As of October 5, the UN agencies say there were about 623,000 people affected by flooding in areas along the Nile and Lol rivers and the Sudd marshlands.",,623000,affected,wider / not specified,"As of October 5, the UN agencies say there were about 623,000 people affected by flooding in areas along the Nile and Lol rivers and the Sudd marshlands.","623,000 ind (affected)",,Eye Radio,https://eyeradio.org/snake-bite-cases-rise-in-jonglei/,body,
Upper Nile,Malakal,2021,10,Oct,2021-10-07,Flood,"Pope offers $75,000 to the flood-affected in Upper Nile State","Pope Francis has donated $75,000 to support flood affected population in Upper Nile State. In a press statement issued on Tuesday, the Vatican’s Dicastery for the Promotion of Integral Human Development said Pope sent a financial aid of $75,000 to South Sudanese affected by devastating floods. UNOCHA estimate that the number of people affected by the flash floods as of October 1st has reached 466,000 across the country.",,,,,,,,Eye Radio,https://eyeradio.org/pope-offers-75000-to-the-flood-affected-in-upper-nile-state/,body,
Warrap,Gogrial West,2021,10,Oct,2021-10-07,Flood,0.6 million suffer effects of flooding in S Sudan,"Over 630,000 people have been affected by the flash floods in 27 counties across South Sudan. It says Jonglei and Unity are the most affected states – accounting for 58 percent of people affected by the flash floods. “As of 7 October, more than 623,000 people were affected by flooding in 27 counties across eight states since May,” writes UNOCHA in its September Humanitarian Snapshot released on Thursday.",,630000,affected,wider / not specified,"Over 630,000 people have been affected by the flash floods in 27 counties across South Sudan.","630,000 ind (affected); 58 ind (affected); 623,000 ind (affected)",,Eye Radio,https://eyeradio.org/0-6-million-suffer-effects-of-flooding-in-s-sudan/,body,
Jonglei,,2021,10,Oct,2021-10-01,Flood,"Number of flood victims in S. Sudan rises to 466,000","The number of people affected by the flash floods in the country has reportedly reached 466,000, UNOCHA has reported. The UN stated that of the 34 counties affected, 18 are in dire need of humanitarian responses in the majority of the flood-affected counties. The Humanitarian Coordinator says it will allocate US$20 million from the South Sudan Humanitarian Fund, and part of the allocation will support flood response efforts.",,,,,,,,Eye Radio,https://eyeradio.org/number-of-flood-victims-in-s-sudan-rises-to-466000/,state only,
Unity,Leer,2021,9,Sep,2021-09-30,Flood,South Sudan: Flooding Snapshot (As of 30 September 2021),"More than 466,000 people have been reported to be affected by flooding in areas along the Nile and Lol rivers and Sudd marshlands since May. Rapid needs assessments have been completed in 15 of the 22 counties affected by the flooding. Humanitarians are responding to the needs of people in the majority of the flood-affected counties.",,466000,affected,wider / not specified,"More than 466,000 people have been reported to be affected by flooding in areas along the Nile and Lol rivers and Sudd marshlands since May.","466,000 ind (affected)",,ReliefWeb (UN Office for the Coordination of Humanitarian Affairs),https://reliefweb.int/report/south-sudan/south-sudan-flooding-snapshot-30-september-2021,body,
Warrap,Gogrial West,2021,9,Sep,2021-09-30,Flood,Gogrial West flash floods death toll rises to 21,"The number of people who have lost lives to the torrential in Gogrial West County in Warrap State has risen to 21. Earlier this week, the state authorities reported that the flash floods had claimed 20 lives in the last two months. “One person drowned on flood water yesterday,” he confirmed.",,426000,affected,wider / not specified,"According to the UN Office for Coordination of Humanitarian Affairs or UNOCHA, an estimated 426,000 people have been affected by flooding in six states since May – with Jonglei and Unity the most affected.","426,000 ind (affected)",,Eye Radio,https://eyeradio.org/gogrial-west-flash-floods-death-toll-rises-to-21/,title,
Jonglei,Fangak,2021,9,Sep,2021-09-29,Flood,South Sudan: Flooding puts lives in jeopardy,"**September 29, 2021** Heavy rains have caused widespread flooding in [South Sudan](https://www.doctorswithoutborders.org/what-we-do/countries/south-sudan ""South Sudan"") this year, affecting more than 400,000 people so far, according to United Nations estimates, while the rainy season continues. Many of the hardest hit communities are in Jonglei State, where wetlands and tributaries of the White Nile overflowed as seasonal rains arrived earlier than usual. In the villages of...",,400000,affected,wider / not specified,"**September 29, 2021** Heavy rains have caused widespread flooding in [South Sudan](https://www.doctorswithoutborders.org/what-we-do/countries/south-sudan ""South Sudan"") this year, affecting more than 400,000 people so far, according to United Nations estimates, while the rainy season continues.","400,000 ind (affected); 6,000 ind (displaced)",,ReliefWeb (Médecins Sans Frontières),https://reliefweb.int/report/south-sudan/south-sudan-flooding-puts-lives-jeopardy,body,
Jonglei,,2021,9,Sep,2021-09-29,Heavy rainfall,"More rain to batter Jonglei, Upper Nile","Heavy rainfall above 100mm is expected in Jonglei and Upper Nile states in South Sudan within the next one week, IGAD weathermen have announced. In its weekly rainfall forecast for 28 September – 5 October, the IGAD Climate Prediction and Applications Centre says heavy to very heavy rainfall is also expected in northeastern part of South Sudan. The downpour and flash floods have already caused humanitarian crisis in parts of the country.",,380000,affected,state named in same sentence,"The UN says an estimated 380,000 people have been affected by flooding in six states since May, with Jonglei and Unity the most affected.","380,000 ind (affected)",,Eye Radio,https://eyeradio.org/more-rain-to-batter-jonglei-upper-nile/,state only,
Jonglei,Pibor,2021,9,Sep,2021-09-28,Flood,Pibor authorities expect disease outbreaks amidst floods,"Health authorities in Pibor Administrative Area have raised an alarm over the possible outbreak of diseases due to persistent rainfall and flood. Experts believe that floods potentially increases the transmission of communicable diseases. Flood occurs when water from a river, lake or an ocean overflows onto the land around it.",,380000,affected,state named in same sentence,"The UN says an estimated 380,000 people have been affected by flooding in six states since May, with Jonglei and Unity the most affected.","380,000 ind (affected)",Pochalla,Eye Radio,https://eyeradio.org/pibor-authorities-expect-disease-outbreaks-amidst-floods/,title,
Central Equatoria,Juba,2021,9,Sep,2021-09-27,Flood,4 soldiers die in road accident,"According to the Inspector General of Police, the Toyota pickup carrying soldiers assigned to facilitate the return of cattle from Juba to Terekeka overturned on Saturday while trying to cross the overflowing Luri River. “I came for a visit here at the accident scene, two of our vehicles were coming for a mission of facilitating the return of cattle from Juba to Terekeka when they reached Luri bridge they found the river was overflowing and it swept two vehicles,” Gen Akech....",,,,,,,Terekeka,Eye Radio,https://eyeradio.org/4-soldiers-die-in-road-accident/,body,
Jonglei,,2021,9,Sep,2021-09-26,Flood,VP Nyandeng appeals for global intervention to S. Sudan floods,"The Vice President for Youth, Gender and Humanitarian Cluster has called on the International Community to help save the lives people affected by floods in the country. South Sudan is highly vulnerable to climate change, including flooding, droughts and, most recently, a locust infestation. Long-term climate change, like a gradual increase in temperature, and short-term changes, like increased flooding, have indirect and interlinked implications for peace and security in...",,380000,affected,state named in same sentence,"The UN refugee agency says an estimated 380,000 people have been affected by flooding in six states since May, with Jonglei and Unity the most affected.","380,000 ind (affected); 5,500,000 ind (reported); 5,500,000 ind (in need)",,Eye Radio,https://eyeradio.org/vp-nyandeng-appeals-for-international-intervention-to-s-sudan-floods/,state only,
Lakes,Cueibet,2021,9,Sep,2021-09-25,Flood,"South Sudan - Cueibet County, Lakes State: IRNA Report - Flood Assessment - September 2021","Market functionality has been disrupted in recent years due to both inter-communal violence and seasonal flooding that have restricted the accessibility of roads. According to OCHA’s Humanitarian Needs Overview (HNO) for 2020, over 104,000 people in Cueibet County have significant humanitarian needs, particularly with extreme levels of need for GBV services.1 Since April of 2021 RRC has been sharing reports on the impacts of flooding in the various communities in Cueibet.",,104000,affected,county named in same sentence,"According to OCHA’s Humanitarian Needs Overview (HNO) for 2020, over 104,000 people in Cueibet County have significant humanitarian needs, particularly with extreme levels of need for GBV services.1 Since April of 2021 RRC has been sharing reports on the impacts of flooding in the various communities in Cueibet.","104,000 ind (affected)",Rumbek Centre; Rumbek North; Tonj South; Tonj East; Wulu,ReliefWeb (AVSI Foundation – ETS),https://reliefweb.int/report/south-sudan/south-sudan-cueibet-county-lakes-state-irna-report-flood-assessment-september-2021,title,
,,2021,9,Sep,2021-09-24,Flood,"Continuing general debate, world leaders call on United Nations to help resolve longstanding disputes, human displacement, climate disaster","Rebecca Nyandeng de Mabior, Vice-President of South Sudan, said climate change has affected some 800,000 people across the country in addition to torrential rains having triggered the worst flooding in 60 years, submerging villages, towns and livestock. Recalling the devastating floods in western Germany this summer which killed almost 200 people, he further stressed the existential threat of climate change, calling on States to make strong decisions together at the...",,800000,affected,wider / not specified,"Rebecca Nyandeng de Mabior, Vice-President of South Sudan, said climate change has affected some 800,000 people across the country in addition to torrential rains having triggered the worst flooding in 60 years, submerging villages, towns and livestock.","800,000 ind (affected); 200 ind (reported); 800,000 ind (affected); 5,500,000 ind (in need); 96,000 ind (reported)",,ReliefWeb (UN General Assembly),https://reliefweb.int/report/world/continuing-general-debate-world-leaders-call-united-nations-help-resolve-longstanding,not found,
Jonglei,Bor South,2021,9,Sep,2021-09-23,Flood,South Sudan - Bor Town: Low Profile Flood Assessment - 23 September 2021,"Jonglei State has been receiving heavy rains and unprecedented overflow of river Nile into settlements along the riverside and at the lowlands areas. The last year flood level which was reported to be between 1.5 Metres to 2 metres prompting massive population movement from all corners of Jonglei state though had worsen some parts of Bor South, Twic East, Duk, and Ayod, and Fangak. However, the flood level gradually dropped early this year between March to April and people...",,,,,,,Twic East,ReliefWeb (Polish Humanitarian Action - Polska Akcja Humanitarna),https://reliefweb.int/report/south-sudan/south-sudan-bor-town-low-profile-flood-assessment-23-september-2021,title,
Upper Nile,,2021,9,Sep,2021-09-22,Flood,"South Sudan - Nasir, Upper Nile State: Humanitarian Needs Assessment due to flooding - 22 September 2021","It is a seasonal displacement, The area was seriously hit and mostly affected by the flooding water from overflowing River Sobat and Gilo river, This has been worsened by the heavy rainfall between July and september 2021. The water levels had receded by the time of the assessment, but the flood impact remained serious. In July 2021 the community faced another natural disaster (flooding) with many people forced out of their homes.",,,,,,,,ReliefWeb (Adventist Development and Relief Agency International),https://reliefweb.int/report/south-sudan/south-sudan-nasir-upper-nile-state-humanitarian-needs-assessment-due-flooding-22-september-2021,state only,
Western Equatoria,,2021,9,Sep,2021-09-21,Flood,Mayen’s ministry requests $10 million to combat flooding,"The Ministry of Humanitarian Affairs and Disaster Management has requested for $10 million to address the impact of flood in the country. Riek Machar declared the flood across the country as a national emergency. According to the UN Office for Coordination of Humanitarian Affairs or UNOCHA, an estimated 380,000 people have been affected by flooding in six states since May – with Jonglei and Unity the most affected.",,380000,affected,wider / not specified,"According to the UN Office for Coordination of Humanitarian Affairs or UNOCHA, an estimated 380,000 people have been affected by flooding in six states since May – with Jonglei and Unity the most affected.","380,000 ind (affected)",,Eye Radio,https://eyeradio.org/mayens-ministry-requests-10-million-to-combat-flooding/,state only,
Jonglei,,2021,9,Sep,2021-09-21,Flood,"Number of flood-affected people hits 426,000","The number of people affected by flash floods in the country has reportedly risen to 426,000. Photographs circulating on the social media show houses, schools and churches submerged in flood waters – with people sheltering on few higher grounds. “Flooded farmlands [are] increasing the risk of food insecurity and communities need for food assistance in the future,” reads the situation update report .",,,,,,,,Eye Radio,https://eyeradio.org/number-of-flood-affected-people-hits-426000/,state only,
Jonglei,,2021,9,Sep,2021-09-20,Flood,"House collapses on sleeping Warrap family, killing child","A three-year-old child has reportedly died after a house collapsed on him during flooding in Kuajok, Warrap State. Ariech Mayar told Eye Radio that over 600 households have so far been affected by an intensified flooding in the area. According to the UN Office for Coordination of Humanitarian Affairs or UNOCHA, an estimated 380,000 people have been affected by flooding in six states since May – with Jonglei and Unity the most affected.",600,380000,affected,state named in same sentence,"According to the UN Office for Coordination of Humanitarian Affairs or UNOCHA, an estimated 380,000 people have been affected by flooding in six states since May – with Jonglei and Unity the most affected. | Ariech Mayar told Eye Radio that over 600 households have so far been affected by an intensified flooding in the area.","600 HH (affected); 380,000 ind (affected)",,Eye Radio,https://eyeradio.org/house-collapses-on-sleeping-warrap-family-killing-child/,state only,
Unity,Panyijiar,2021,9,Sep,2021-09-19,Flood,"South Sudan - Ganyliel Panyijair County, Unity State: Flood IRNA Report - September 2021","The seasonal flooding continues to compound humanitarian needs in Panyijiar County, Unity state. In 2020, OCHA estimated 480,000 people were affected by floods in Unity state between July 2020 and December 2020 andin Panyijiar county 5,791 HH (Nyal 3,577 and Ganyliel 2,214) people were affected. The Coupled with the slow recession of the 2020 floodwaters, and the onset of the 2021 seasonal rainfall by July, the number of floods affected households in Panyijiar county...",5791,480000,affected,county named in same sentence,"In 2020, OCHA estimated 480,000 people were affected by floods in Unity state between July 2020 and December 2020 andin Panyijiar county 5,791 HH (Nyal 3,577 and Ganyliel 2,214) people were affected.","5,791 HH (affected); 480,000 ind (affected); 31,245 ind (affected); 6,490 ind (displaced); 13,591 ind (displaced)",,ReliefWeb (International Rescue Committee),https://reliefweb.int/report/south-sudan/south-sudan-ganyliel-panyijair-county-unity-state-flood-irna-report-september-2021,body,
Jonglei,Bor South,2021,9,Sep,2021-09-15,Flood,South Sudan Flooding Situation Report: Inter-Cluster Coordination Group - As of 15 September 2021,"- An estimated 426,000 people were affected and displaced by floods in South Sudan since May 2021. - Floods have exacerbated the vulnerability of communities, with many people displaced by the floods seeking refuge in churches and schools. - Heavy rains, infrastructure damage and reduced physical accessibility, funding constraints and insecurity have hampered the flood response.",,160000,affected,state named in same sentence,"To date, people in Jonglei are the worst affected state (160,000 people), followed by Unity (146,000 people), Northern Bahr el Ghazal (47,000 people), Upper Nile (44,000), Warrap (25,000 people), and Western Equatoria (600 people).","426,000 ind (displaced); 160,000 ind (affected); 146,000 ind (affected); 47,000 ind (affected); 25,000 ind (affected); 600 ind (affected); 100,000 ind (displaced)",,ReliefWeb (UN Office for the Coordination of Humanitarian Affairs),https://reliefweb.int/report/south-sudan/south-sudan-flooding-situation-report-inter-cluster-coordination-group-15,body,
Lakes,Yirol East,2021,9,Sep,2021-09-15,Flood,South Sudan - Unity to Yirol East: Flash Flood IDPs Assessment (IRNA) - September 2021,"This IRNA report present findings of Inter-Agency Coordinated Assessment conducted by partners and government authorities on flash flood affected communities that were displaced from Unity State, Panyijar County. South Sudan is facing devastating flash flood effects that has affected most part of Upper Niles, Unity, Jonglei and as well as some parts of Lakes State. The IDP’s that were fleeing devastating effect of floods and other natural hazards are currently being hosted...",192,824,displaced,wider / not specified,The newly displaced IDPs are estimated to be 192 households and 824 individuals as confirmed by the assessment team and the RRC report.,192 HH (displaced); 824 ind (displaced); 48 HH (reported),,ReliefWeb (Catholic Relief Services),https://reliefweb.int/report/south-sudan/south-sudan-unity-yirol-east-flash-flood-idps-assessment-irna-september-2021,title,
Western Equatoria,,2021,9,Sep,2021-09-15,Flood,Govt declares nationwide flooding a national disaster,"Riek Machar has declared the flood across the country as a national emergency. According to the UN Office for Coordination of Humanitarian Affairs or UNOCHA, an estimated 380,000 people have been affected by flooding in six states since May – with Jonglei and Unity the most affected. In response, the cluster resolved to form a ministerial committee to address the flood situation.",,380000,affected,wider / not specified,"According to the UN Office for Coordination of Humanitarian Affairs or UNOCHA, an estimated 380,000 people have been affected by flooding in six states since May – with Jonglei and Unity the most affected.","380,000 ind (affected)",,Eye Radio,https://eyeradio.org/govt-declares-nationwide-flooding-a-national-disaster/,state only,
Lakes,Rumbek Centre,2021,9,Sep,2021-09-14,Flood,"Floods devastate parts of Jonglei, Unity and Lakes","Authorities in Jonglei, Unity and Lakes say flooding has caused a humanitarian crisis in some parts of the states. In Rumbek East of Lakes State, over 300 households are reportedly submerged in flood waters. “Floods here are actually severe in most of the counties of Lakes State, particularly in Rumbek East.",300,380000,affected,state named in same sentence,"The UN refugee agency says an estimated 380,000 people have been affected by flooding in six states since May, with Jonglei and Unity the most affected. | In Rumbek East of Lakes State, over 300 households are reportedly submerged in flood waters.","8,000 ind (reported); 300 HH (reported); 380,000 ind (affected)",Rumbek North; Rumbek East,Eye Radio,https://eyeradio.org/floods-devastate-parts-of-jonglei-unity-and-lakes/,body,
Unity,Mayom,2021,9,Sep,2021-09-13,Flood,"South Sudan - Mayom County, Unity State: Inter-Agency Flood Assessment - September 2021",- Mayom county like any other affected location in the state experienced slight flooding with heavy rainfalls recorded from early August 2021 where 12 Payams reported to be affected with the - People and cattle moved from their habitual areas to higher grounds and abandoned the place of origin cited floods.,,,,,,,,ReliefWeb (CARE),https://reliefweb.int/report/south-sudan/south-sudan-mayom-county-unity-state-inter-agency-flood-assessment-september-2021,title,
Upper Nile,Malakal,2021,9,Sep,2021-09-12,Flood,UN Peace chief visits conflict and flood-affected Malakal in South Sudan,"Flying across the Upper Nile, it’s easy to see the impact of flooding on the local population. “The flooding has added a lot of challenges to what the population is facing and, of course, we want to be helpful,” said Mr.",,,,,,,,ReliefWeb (UN Mission in South Sudan),https://reliefweb.int/report/south-sudan/un-peace-chief-visits-conflict-and-flood-affected-malakal-south-sudan,title,
Unity,Koch,2021,9,Sep,2021-09-12,Flood,"Floods displace over 1,500 in Koch County of Unity State","Flash floods have displaced hundreds of families in Koch County, Unity state. Diel says heavy downpours in the past few days have submerged houses, forcing locals to seek refuge on higher grounds. Four Payams including, Pakuru, Norpur, Gangi and Mermer are also reportedly submerged by water.",,380000,affected,state named in same sentence,"The UN refugee agency says an estimated 380,000 people have been affected by flooding in six states since May, with Jonglei and Unity the most affected.","1,500 ind (displaced); 380,000 ind (affected)",,Eye Radio,https://eyeradio.org/floods-displace-over-1500-in-unity-state/,title,
Unity,Leer,2021,9,Sep,2021-09-11,Flood,"South Sudan - Leer County, Unity State: Multisector Flood Assessment - September 2021","- The Greater Leer County wasamongst the worstaffected counties in Southern Unity since 2020,when the overflows of water-logged the entire southern Unity. - According to the local authority, RRC/Ross, county commissioner and the partners on the ground, the sixteen[16] payams of Leer county had been affected by the ongoing flood displacement amid of August 2021. Some were returnees from Panyijiar, IDPs protection site and refuges returnees from Sudan before they settle, they...",41664,47052,affected,wider / not specified,"- Based on the government assessment report, a total of 7,842 households of comprised 47,052 individuals were affected in 162 villages within the16 payams, in which contradicted with partners assessment testified 6,944 households of 41,664 individuals had been affected in 9 payams assessed by humanitarians.","7,842 HH (affected); 6,944 HH (affected); 41,664 HH (affected); 47,052 ind (affected); 41,664 ind (affected)",Panyijiar,ReliefWeb (UN High Commissioner for Refugees),https://reliefweb.int/report/south-sudan/south-sudan-leer-county-unity-state-multisector-flood-assessment-september-2021,title,
Lakes,Rumbek East,2021,9,Sep,2021-09-09,Flood,South Sudan - Rumbek East Lakes State: IRNA Report - Flood Assessment - September 2021,Rumbek East has experienced unprecedented floods again this year following the heavy rains. The flood has entirely affected most of the County. The team visited villages and humanitarian staff walked around and had a first-hand observation of the extent of the damage to homes and food crops caused by the floods.,,,,,,,Rumbek Centre,ReliefWeb (Caritas),https://reliefweb.int/report/south-sudan/south-sudan-rumbek-east-lakes-state-irna-report-flood-assessment-september-2021,title,
Western Equatoria,Tambura,2021,9,Sep,2021-09-08,Flood,"August characterized by floods, violence, coronavirus -OCHA","UN agencies say the month of August was characterized by deaths and displacements related to flooding, violence, food insecurity, and the coronavirus. An estimated 380,000 people have been affected by flooding in six states since May, with Jonglei and Unity the most affected. The UN agencies stated that the floods, violence, and coronavirus require additional funding to respond to the growing humanitarian needs in South Sudan.",,58000,displaced,county named in same sentence,"It said more than 58,000 people from Tambura remained displaced in eight settlements since June.","380,000 ind (affected); 58,000 ind (displaced); 10,000 ind (displaced); 5,000 ind (displaced); 2,000 ind (displaced)",,Eye Radio,https://eyeradio.org/august-characterized-by-floods-violence-coronavirus-ocha/,body,
Western Equatoria,,2021,9,Sep,2021-09-08,Heavy rainfall,WBS and WES to experience heavy rain in the next few days,"The IGAD Climate Prediction and Applications Centre has warn of possible heavy rainfall in Western Bahr el Ghazal and Western Equatoria states in the next few days. In its weekly rainfall forecast report released yesterday, IGAD advised authorities and the public in these areas to take appropriate measures to protect lives and livelihoods. It adds that heavy rainfall is also expected in eastern Oromia in Ethiopia, parts of Nandi and Kericho counties in Kenya.",,,,,,,,Eye Radio,https://eyeradio.org/wbs-and-wes-to-experience-heavy-rain-in-the-next-few-days/,state only,
Jonglei,Bor South,2021,9,Sep,2021-09-07,Flood,IOM South Sudan: Shelter and Settlement Unit | Flood Mitigation and Response in Bor (03 September 2021),,,,,,,,,ReliefWeb (International Organization for Migration),https://reliefweb.int/report/south-sudan/iom-south-sudan-shelter-and-settlement-unit-flood-mitigation-and-response-bor-03,title,
,,2021,9,Sep,2021-09-06,Flood,South Sudan - Longechuk: Joint Flood Assessment Report - 6 September 2021,"Flooding from extreme rain affected many communities across the County, causing damages to crops, households’ latrines, water drinking facilities, foods, chickens, goats and others domestic animals and displaced communities in Longechuk County. The total households affected by flooding in greater Longechuk county is 643 and the breakdown per Payam as shown below:",331,,reported,wider / not specified,"• Mathiang Payam-331 households (Rialbek, Palkach, Pechweng, New site,",331 HH (reported); 135 HH (reported); 25 HH (reported); 34 HH (reported); 45 HH (reported); 28 HH (reported),,ReliefWeb (Adventist Development and Relief Agency International),https://reliefweb.int/report/south-sudan/south-sudan-longechuk-joint-flood-assessment-report-6-september-2021,not found,
Upper Nile,Fashoda,2021,9,Sep,2021-09-05,Flood,South Sudan - Fashoda: IRNA Fashoda Flood Report - September 2021,"Since 2020, flooding in Fashoda County has affected many areas in the County and of late, it has been observed to have started increasing in the river and swamp/tributaries along the River Nile even in some place where the water scarcity has been challenging periodically between January to May e.g (Aburuc, Oriny, Paroch, Kalegany payams). The current flooding has been reported and observed since July 2021 where many villages are being deserted in Lul, Dethowk and Kodok rural...",2246,13476,affected,county named in same sentence,"The current flooding has been reported and observed since July 2021 where many villages are being deserted in Lul, Dethowk and Kodok rural payams where a total of 2246 households (13,476 individuals) were directly affected in Fashoda County; Dethowk 853 HH, Lul 721 HHs and Kodok rural 670 HHs.","2,246 HH (affected); 853 HH (affected); 721 HH (affected); 670 HH (affected); 13,476 ind (affected)",,ReliefWeb (Danish Refugee Council),https://reliefweb.int/report/south-sudan/south-sudan-fashoda-irna-fashoda-flood-report-september-2021,title,
Unity,Guit,2021,9,Sep,2021-09-03,Flood,"South Sudan - Guit County, Unity State: ICCG Assessment of Flood Affected - September 2021","Since the beginning of July Greater Guit has been receiving torrential rainfall which led to flooding in most part of the part of Kuach payam are flooded. As a result of floods, properties and livelihood have been destroyed living many",2918,18795,reported,wider / not specified,"According humanitarian partners and authorities on the ground (RRC) 18,795 individuals (2,918 HHs) have been","2,918 HH (reported); 18,795 ind (reported)",,ReliefWeb (Danish Refugee Council),https://reliefweb.int/report/south-sudan/south-sudan-guit-county-unity-state-iccg-assessment-flood-affected-september-2021,title,
Jonglei,,2021,8,Aug,2021-08-31,Flood,South Sudan: Flooding Snapshot (As of 31 August 2021),"Some 380,000 people have been affected by flooding in areas along the river Nile, Sudd wetlands and the rivers Lol and Sobat since May. Early seasonal rains have caused rivers to overflow their dykes and banks, flooding vast areas and settlements across the top of the country, with more heavy rains and flooding expected in the coming months. Many of the flood-affected people moved to higher grounds within their county, and plan to return home once the flood waters recede.",,380000,affected,wider / not specified,"Some 380,000 people have been affected by flooding in areas along the river Nile, Sudd wetlands and the rivers Lol and Sobat since May.","380,000 ind (affected); 100,000 ind (displaced)",,ReliefWeb (UN Office for the Coordination of Humanitarian Affairs),https://reliefweb.int/report/south-sudan/south-sudan-flooding-snapshot-31-august-2021,state only,
Unity,Panyijiar,2021,8,Aug,2021-08-23,Flood,"South Sudan - Panyijiar County, Unity State: Inter-agency Flood Assessment - August 2021","The seasonal flooding continues to compound humanitarian needs in South Sudan. OCHA estimated 1,042,000 people were affected by floods in eight out of ten states in South Sudan, between July 2020 and December 2020. Coupled with the slow recession of the 2020 floodwaters, and the onset of the 2021 seasonal rainfall by July, the number of floods affected households in Panyijiar county increased spontaneously with an estimated 31,245 people (16,017 female, 15,228 male) were...",5791,31245,affected,county named in same sentence,"Coupled with the slow recession of the 2020 floodwaters, and the onset of the 2021 seasonal rainfall by July, the number of floods affected households in Panyijiar county increased spontaneously with an estimated 31,245 people (16,017 female, 15,228 male) were affected in 2021 in twelve worst-affected payams of Pachienjok, Yai, Ganyliel, Pachar, Katieth, Kol, Nyal, Pathiel, Mayom, Tiap, Maluok and Thornhom in Panyijiar county. | Unity state is among the worst affected with an estimated 480,000 w","1,042,000 ind (affected); 5,791 HH (displaced); 31,245 ind (affected)",,ReliefWeb (International Medical Corps),https://reliefweb.int/report/south-sudan/south-sudan-panyijiar-county-unity-state-inter-agency-flood-assessment-august-2021,title,
Jonglei,Fangak,2021,8,Aug,2021-08-23,Flood,"South Sudan - Old Fangak: Flood Assessment (IRNA), August 2021",The Humanitarian situation has deteriorated in Fangak due to flooding. The flooding is as a result of excessive rainfall and overflows from Phow river which has caused both pluvial and fluvial floods. The people of Fangak are living in a dire situation due to the effects of flooding.,,,,,,,,ReliefWeb (Finn Church Aid),https://reliefweb.int/report/south-sudan/south-sudan-old-fangak-flood-assessment-irna-august-2021,title,
Western Equatoria,,2021,8,Aug,2021-08-20,Flood,Humanitarian situation is worsening – aid groups,"The situation across the country is worsening on daily basis as floods continue to cause havoc and devastation, South Sudan’s Humanitarian Country Team has said. Aid agencies say the situation is dire mostly in Unity and Jonglei states where water from last year’s floods had not receded. A Joint UN and Humanitarian Mission team say large fields are waterlogged and people, including livestock, have been isolated on small islands.",,4500,displaced,wider / not specified,"In Bentiu, more than 4,500 people displaced from the neighboring Counties are in urgent need of assistance.","4,500 ind (displaced)",,Eye Radio,https://eyeradio.org/humanitarian-situation-is-worsening-aid-groups/,state only,
Western Equatoria,,2021,8,Aug,2021-08-18,Flood,Two die of snake bite as floods submerged homes in Akoka County,"Two people have died from snake bites after floods submerged several homes in Akoka County of Upper Nile state. Commissioner Gieth said the floods have devastated most parts of the County since the beginning of this month. Areas most hit hard by the floods include Wad-kit and Achuil, among others.",,5000,displaced,wider / not specified,"More than 5,000 people are now displaced.","5,000 ind (displaced)",,Eye Radio,https://eyeradio.org/two-die-of-snake-bite-as-floods-submerged-homes-in-akoka-county/,state only,
Jonglei,Fangak,2021,8,Aug,2021-08-12,Flood,"Flood displaces over 50,000 persons in Fangak County","Over 50,000 people have been displaced by the ongoing floods in Fangak County of Jonglei state. “Half of our population is displaced by the water because the floods affected the entire county of Fangak.” Annually, torrential rains caused havoc in several parts of the country including Jonglei, Lakes, parts of Central and Western Equatoria states.",600,50000,displaced,county named in same sentence,"Flood displaces over 50,000 persons in Fangak County. | He disclosed that over 600 households from Fangak had recently arrived in Malakal Town.","50,000 ind (displaced); 50,000 ind (displaced); 600 HH (reported); 90 ind (displaced); 90,000 ind (affected)",Malakal; Panyikang,Eye Radio,https://eyeradio.org/flood-displaces-over-50000-persons-in-fangak-county/,title,
Unity,Rubkona,2021,8,Aug,2021-08-09,Flood,Rubkona records 8 snake bite deaths,"At least eight people have died from snakebites in Rubkona County as floods continue to ravage several areas in Unity State. According to local officials, the deaths were recorded in Nhial-dieu after floods submerged several homes. Weeks of torrential rainfalls have resulted in unprecedented levels of flash floods in the area, forcing poisonous snakes to float into people’s homes.",,,,,,,,Eye Radio,https://eyeradio.org/rubkona-records-8-snake-bite-deaths/,title,
Western Equatoria,,2021,8,Aug,2021-08-09,Flood,Pigi flood-affected residents ask for assistance,"More than 4,000 flood-affected people are in urgent need of assistance in Pigi County, Jonglei State. The county commissioner says several villages have been washed away by the flash floods. The six payams of Pigi County are submerged in flood waters and at least 3,000 to 4,000 people have been affected.",,90000,affected,wider / not specified,"According to the UN Office for Coordination of Humanitarian Affairs (UNOCA), an estimated 90,000 people have already been affected by floods in South Sudan.","4,000 ind (affected); 90,000 ind (affected)",,Eye Radio,https://eyeradio.org/pigi-flood-affected-residents-ask-for-assistance/,state only,
Jonglei,Ayod,2021,8,Aug,2021-08-07,Flood,"About 90,000 already affected by floods—OCHA","An estimated 90,000 people have already been affected by floods in South Sudan after heavy rains destroyed homes and agricultural fields, and forcing families and their livestock to higher ground. According to the UN Office for Coordination of Humanitarian Affairs (UNOCA), this week, a mission comprising of humanitarian representatives and government officials from Juba and Bor visited Ayod counties to understand the impacts of the ongoing flooding and support required to...",,70000,affected,county named in same sentence,"During the mission, local authorities reported that more than 70,000 people have been affected by flooding in Ayod and surrounding areas.","90,000 ind (affected); 70,000 ind (affected)",,Eye Radio,https://eyeradio.org/about-90000-already-affected-by-floods-ocha/,body,https://reliefweb.int/report/south-sudan/south-sudan-thousands-people-suffering-impact-flooding
Jonglei,Ayod,2021,8,Aug,2021-08-06,Flood,South Sudan: Thousands of people suffering the impact of flooding,"(Juba, 06 August 2021) As early season flooding unfolds in parts of South Sudan, the humanitarian community is working with the Government of South Sudan to support people affected by the rising waters. An estimated 90,000 people have been affected thus far, after heavy rains inundated homes and agricultural fields, and forcing families and their livestock to higher ground. On 4 August, a mission comprising of humanitarian representatives and government officials from Juba...",,70000,affected,county named in same sentence,"During the mission, local authorities reported that upwards of 70,000 people have been affected by flooding in Ayod and Canal counties.","90,000 ind (affected); 70,000 ind (affected)",,ReliefWeb (UN Office for the Coordination of Humanitarian Affairs),https://reliefweb.int/report/south-sudan/south-sudan-thousands-people-suffering-impact-flooding,body,
Unity,Mayendit,2021,8,Aug,2021-08-06,Flood,Two more die of snake bites in Mayendit floods,"Two more people have reportedly died from snake bites after floods submerged several homes in Mayendit County of Unity State. Over the past weeks, torrential rainfalls have resulted in unprecedented levels of flash floods in the area, forcing poisonous snakes to float into people’s homes. Commissioner Gatluak Nyang added that at least 90 percent of the land in Mayendit is covered in floodwater.",,23,reported,county named in same sentence,At least 23 people have so far been bitten by snakes in Mayendit.,"3,201 ind (displaced); 23 ind (reported)",,Eye Radio,https://eyeradio.org/two-more-die-of-snake-bites-in-mayendit-floods/,title,
Western Equatoria,Nzara,2021,8,Aug,2021-08-05,Flood,Bridge connecting Nzara to rest of state near collapse,"The bridge across Yubu river is on the verge of destruction due to several cracks caused by floods. For the last two weeks, torrential rainfalls have resulted in unprecedented levels of flash floods in the area. He said nearly one thousand people affected by floods are in dire need of shelter, food, and medicine.",60,,affected,wider / not specified,"“Three hundred plus individual houses have been wiped by these floods, and if you count it in terms of households -it is more than 60 households that have been affected by these floods,” Zizi stated.",60 HH (affected),,Eye Radio,https://eyeradio.org/bridge-connecting-nzara-to-rest-of-state-near-collapse/,title,
Warrap,Gogrial West,2021,8,Aug,2021-08-05,Flood,"Six children, four adults die from drowning in Gogrial West","Ten people are reported dead after floods submerged several houses in Gogrial West County of Warrap state. Among those killed in the flooding are; Majok Dut Majok, 5, Adut Deng Kuol,6, Longar Deng, 8, and Deng Dut Deng, 56. Victor Wek said rains have intensified over the past weeks -causing flooding, destruction of property, and livelihoods.",,1000,displaced,county named in same sentence,"“The heavy rains destroyed crops and houses and that led to the displacement of more than 1,000 villagers around Gogrial West County,” he told Eye Radio on Thursday.","1,000 ind (displaced)",,Eye Radio,https://eyeradio.org/six-children-four-adults-die-from-drowning-in-gogrial-west/,title,
Western Equatoria,Nzara,2021,8,Aug,2021-08-01,Flood,"Child dies, hundreds displaced by floods in Nzara","A child has drowned and hundreds of people have been left homeless by flooding in Nzara County of Western Equatoria State. Residents there say torrential rainfalls have caused rivers Yubu and Singbi to overflow, causing unprecedented flash floods. The floodwaters reportedly submerged homes five kilometers along the two rivers.",,800000,displaced,wider / not specified,"In 2020, the government and UN said an estimated 800,000 people were affected by flooding in areas along the White Nile, forcing entire communities to flee to higher grounds.","800,000 ind (displaced)",,Eye Radio,https://eyeradio.org/child-dies-hundreds-displaced-by-floods-in-nzara/,title,
,,2021,7,Jul,2021-07-30,Flood,"COVID-19, climate change aggravate water scarcity in Nile Basin","The interactive map pinpoints the areas most vulnerable to changing rainfall and runoff patterns - factors that contribute to droughts and floods - and those that are already facing water scarcity. Vulnerable communities are even more at risk when faced with droughts and floods that destroy water and sanitation infrastructure. She also notes that to measure rainfall and runoff, the network mapped data from the UN-run [Flood and Drought...",,,,,,,,ReliefWeb (New Vision),https://reliefweb.int/report/ethiopia/covid-19-climate-change-aggravate-water-scarcity-nile-basin,not found,
Unity,Mayendit,2021,7,Jul,2021-07-30,Flood,Seven people drown in Mayendit floods,"Seven people are reported dead after floods submerged several homes in Mayendit County of Unity state. According to the County Commissioner, rains have intensified over the past weeks in the area, causing flooding, destruction of infrastructure, houses and livelihoods. Gatluak Nyang said at least 90 percent of the land in Mayendit is covered in floodwater.",400,800000,displaced,wider / not specified,"In 2020, the government and UN said a n estimated 800,000 people were affected by flooding in areas along the White Nile, forcing entire communities to flee to higher grounds. | Almost 400 families have also been displaced.","400 HH (displaced); 7 ind (reported); 390 HH (affected); 390 HH (in need); 800,000 ind (displaced)",,Eye Radio,https://eyeradio.org/seven-people-drown-in-mayendit-floods/,title,
Northern Bahr el Ghazal,Aweil South,2021,7,Jul,2021-07-23,Flood,"South Sudan - Aweil South, Northern Bahr el Ghazal: Multi-Sectoral Initial Rapid Flood Assessment Report","• Estimated 3,694 HHs (22,164 Individuals) are severely impacted by floods with limited access to farmlands, schools, health facility, as well as movements within homesteads. • Some severely affected households whose houses collapsed and lost properties during the floods remained extremely vulnerable and are in urgent need of food assistance. • Estimated 2,955 feddans of crops planted in the lowland/swampy areas in late June were severely affected by floods, as seen around...",3694,22164,affected,wider / not specified,"• Estimated 3,694 HHs (22,164 Individuals) are severely impacted by floods with limited access to farmlands, schools, health facility, as well as movements within homesteads.","3,694 HH (affected); 22,164 ind (affected); 160 HH (displaced); 960 ind (displaced)",Aweil Centre,ReliefWeb (Food and Agriculture Organization of the United Nations),https://reliefweb.int/report/south-sudan/south-sudan-aweil-south-northern-bahr-el-ghazal-multi-sectoral-initial-rapid-flood-assessment-report,title,
Jonglei,Bor South,2021,7,Jul,2021-07-12,Flood,"Jonglei Climate Shocks and Displacement Trend Analysis, August 2019-December 2020, Akobo, Ayod, Duk, Twic East, and Bor South counties","This crisis was in large part driven by high levels of flooding in both 2019 and 2020, which led to mass displacement in most of the abovelisted counties. Taking advantage of REACH’s monthly quantitative data collection in these five counties, this report examines REACH Area-of-Knowledge (AoK) data focused on flooding impacts on shelter and displacement, as well as other co-occurring displacement drivers, dating back to August 2019. Over-time analysis is used to better...",,,,,,,Twic East; Akobo; Ayod; Duk,ReliefWeb (REACH Initiative),https://reliefweb.int/report/south-sudan/jonglei-climate-shocks-and-displacement-trend-analysis-august-2019-december-2020,title,
Upper Nile,Renk,2021,7,Jul,2021-07-12,Flood,Renk’s flood victims in dire need of humanitarian aid,"Hundreds of households affected by the latest flooding in Renk County, Upper Nile State have appealed for humanitarian support. This comes after a heavy downpour last week, with flood waters reportedly submerging homes and rendering families homeless. Some of the locals displaced by the flood called on the national government and well-wishers to provide them with both food and non-food items.",,,,,,,,Eye Radio,https://eyeradio.org/renks-flood-victims-in-dire-need-of-humanitarian-aid/,title,
,,2021,6,Jun,2021-06-30,Drought,"East Africa Key Message Update: Conflict and poor rainfall, among other shocks, are worsening food insecurity in the region (May 2021)","- In Somalia, northern and eastern Kenya, and southern and southeastern Ethiopia, drought at the peak of the March to May rainfall season has led to poor crop and livestock production prospects for a second consecutive season. Furthermore, available climate forecast models indicate an increased likelihood of below-average rainfall during the October to December 2021 season, which would result in a three-season drought. Multi-season droughts have historically led to extreme...",,1600000,displaced,wider / not specified,"In Ethiopia, the conflict in Tigray region has displaced over 1.6 million people since November and led to Emergency (IPC Phase 4) outcomes with households in Catastrophe (IPC Phase 5), which is associated with large to extreme food consumption gaps and severe acute malnutrition.","1,600,000 ind (displaced)",,ReliefWeb (Famine Early Warning System Network),https://reliefweb.int/report/south-sudan/east-africa-key-message-update-conflict-and-poor-rainfall-among-other-shocks-are,not found,
Western Bahr el Ghazal,Wau,2021,6,Jun,2021-06-25,Flood,"S.Sudan, Egypt to clean the Nile to open waterways","The Egyptian official added that cleaning up the riverbed will help South Sudan deal with its annual flood problems. He said Egypt is also carrying out water pumping stations, rainwater harvesting dams, flood control projects, and river cleaning in South Sudan. “During the rainy season there is a lot of water, floods and during the dry season, there is no water.",,,,,,,,Eye Radio,https://eyeradio.org/s-sudan-egypt-to-clean-the-nile-to-open-waterways/,body,
,,2021,6,Jun,2021-06-17,Drought,GAR Special Report on Drought 2021 [EN/AR],"Droughts have deep, widespread and underestimated impacts on societies, ecosystems, and economies. The extensive impacts of drought are consistently underreported even though they span large areas, cascade through systems and scales, and linger through time, affecting millions of people and contributing to food insecurity, poverty, and inequality. Climate change is increasing temperatures and disrupting rainfall patterns, increasing the frequency, severity, and duration of...",,,,,,,,ReliefWeb (UN Office for Disaster Risk Reduction),https://reliefweb.int/report/world/gar-special-report-drought-2021-enar,not found,
Western Equatoria,,2021,6,Jun,2021-06-02,Flood,S Sudan remains food insecure despite increased local production,"In 2020, the agencies said, cereal production rose by seven percent due to favorable rains. However, WFP and FAO stated that this level can only feed a third of the population, leaving most people reliant on humanitarian food assistance and imports of essential grains, at prices beyond the reach of ordinary South Sudanese. They noted that the low cereal production is caused by the impact of prolonged conflict and floods.",,12200000,reported,wider / not specified,"According to the World Food Program and the Food and Agriculture Organization, the country needs 1.3 million metric tons of cereal a year to feed 12.2 million people.","12,200,000 ind (reported); 50 ind (in need); 7,200,000 ind (reported)",,Eye Radio,https://eyeradio.org/s-sudan-remains-food-insecure-despite-increased-local-production/,state only,
,,2021,5,May,2021-05-20,Flood,Global Report on Internal Displacement 2021 (GRID 2021),"Weather-related events, primarily storms and floods, were responsible for 98% of all disaster displacement. Many of those who fled flooding in Yemen had already been uprooted at least once by the country’s civil war. If a family of four is caught up in fighting and flees to safety, then the settlement they are sheltering in is flooded and they have to move again, we count that as eight new displacements.",,,,,,,,ReliefWeb (Internal Displacement Monitoring Centre),https://reliefweb.int/report/world/global-report-internal-displacement-2021-grid-2021,not found,
Jonglei,Fangak,2021,5,May,2021-05-11,Flood,Fangak appeals for humanitarian aid as floods engulf areas,The Commissioner of Fangak County in Jonglei state has appealed for urgent humanitarian assistance for people living in submerged areas. Biel Boutros Biel says a heavy downpour last week caused the flooding that washed away the airstrip and left people without houses. Boutrous Biel told Eye Radio on Tuesday that there is a fear man-made dykes on the Nile may be broken and the flooding may worsen.,,800000,displaced,wider / not specified,"According to the UN Office for Coordination of Humanitarian Affairs last year, an estimated 800,000 people were affected by flooding with over 360,000 people displaced.","800,000 ind (displaced); 360,000 ind (displaced)",,Eye Radio,https://eyeradio.org/fangak-appeals-for-humanitarian-aid-as-floods-engulf-areas/,title,
Jonglei,Bor South,2021,5,May,2021-05-07,Flood,NSS detains Jonglei activist over stolen flood victims’ food claims,"The president donated the food aid to thousands of flood victims during his visit to Bor Town last month. A total of 12 trucks carried mainly maize flour, beans, cooking oil and wheat grains to the state capital.",,,,,,,,Eye Radio,https://eyeradio.org/nss-detains-jonglei-activist-over-stolen-flood-victims-food-claims/,body,
Jonglei,Pibor,2021,5,May,2021-05-04,Flood,"IOM provides safe drinking water for flood-affected communities in Pibor, South Sudan","In late 2020, severe flooding displaced hundreds of thousands of people in many parts of South Sudan. The displacement by flash floods followed an earlier wave of communal violence in the first half of 2020 which also uprooted thousands. In Pibor, boreholes were completely submerged, leaving only the metal arm of the handheld pumps poking above the water.",,800000,affected,county named in same sentence,"More than 800,000 people were affected and left in urgent need of humanitarian assistance including food, shelter and access to safe drinking water in Jonglei, Upper Nile and Greater Pibor Administrative Area.","800,000 ind (affected); 3,000 ind (reported); 6,000 ind (reported)",,ReliefWeb (International Organization for Migration),https://reliefweb.int/report/south-sudan/iom-provides-safe-drinking-water-flood-affected-communities-pibor-south-sudan,title,
Jonglei,Bor South,2021,5,May,2021-05-04,Flood,Kiir’s donation to Jonglei flood victims allegedly being sold,"A Jonglei-based civil society activist has accused the state authorities of stealing food items that were donated by President Salva Kiir to flood victims recently. A total of 12 trucks transported mainly maize flour, beans, cooking oil and wheat grains to the state capital. Thousands of civilians have reportedly been displaced following flash floods that hit the Jonglei State region in 2020.",,,,,,,,Eye Radio,https://eyeradio.org/kiirs-donation-to-jonglei-flood-victims-allegedly-being-sold/,body,
Jonglei,Bor South,2021,4,Apr,2021-04-30,Flood,Dimmed Hope for Flood Affected Children in South Sudan,"The name Bor means ‘valley’ and not surprising that it is a flood prone area. The rains of 2020 with the support of the Nile River flooded the biggest part of Bor town displacing thousands of people. Homes, villages, schools, hospitals, markets were all flooded and livestock lost.",,404000,displaced,wider / not specified,"While Bor is a flood prone area, the magnitude of 2020 floods that displaced over 404,000 people were unprecedented.","5 ind (reported); 404,000 ind (displaced)",,ReliefWeb (Save the Children),https://reliefweb.int/report/south-sudan/dimmed-hope-flood-affected-children-south-sudan,body,
Jonglei,,2021,4,Apr,2021-04-24,Flood,Jonglei schools may not reopen in May—official,"Schools in flood-affected areas of Jonglei state may not reopen in May, the acting State Director-General of the Ministry of General Education has said. John Guot Dau says learning materials and school structures of more than 50 schools have been destroyed by last year’s flooding in Jonglei State. “In those areas that are affected, classrooms, latrines plus other buildings of the schools have been completely destroyed by floods because the floods had submerged the buildings...",,340000,displaced,wider / not specified,"The State Relief and Rehabilitation Commission says more than 340,000 people from its nine counties have been displaced by the persistent flooding.","340,000 ind (displaced)",,Eye Radio,https://eyeradio.org/jonglei-schools-may-not-reopen-in-may/,state only,
Jonglei,Bor South,2021,4,Apr,2021-04-01,Flood,"Kiir’s Bor visit is political, economic – Ateny","The town is still struggling with the impact of last year’s devastating floods that destroyed several infrastructures and displaced people. Residents of the town have repeatedly called on the national government to construct permanent dykes in areas affected by the floods. “The purpose of the visit is see things for himself, starting from inspection of the road that is being constructed by Benjamin Bol Mel and to stopover in Bor to see things for himself politically and...",,,,,,,,Eye Radio,https://eyeradio.org/kiirs-bor-visit-is-political-economic-ateny/,title,
Northern Bahr el Ghazal,Aweil Centre,2021,3,Mar,2021-03-26,Flood,"Northern Bahr el Ghazal Climate Impact & Displacement Profile - South Sudan, December 2020","Field reports and satellite data indicated that the high level of food insecurity and malnutrition encountered in NBeG was likely caused by a series of climate shocks, namely a combination of drought-like conditions in July followed by flooding in August/September 2020, both of which affected the harvest. Delayed rains and drought-like conditions between May-July, followed by flooding from July-September interrupted the typical cultivation calendar. Subsequent flooding meant...",,,,,,,Aweil North; Aweil South; Aweil East; Aweil West,ReliefWeb (REACH Initiative),https://reliefweb.int/report/south-sudan/northern-bahr-el-ghazal-climate-impact-displacement-profile-south-sudan-december,body,
Jonglei,Bor South,2021,3,Mar,2021-03-18,Flood,Jonglei gov’t clarifies presence of officials in Bor hotels,This is at a time when residents of Bor town are still struggling with the impact of the devastating floods that hit the town and other parts of Greater Jonglei since last year. He urged Governor Denay Chagor to use any available fund to construct dykes in Bor rather than spend it on hotel accommodations. Residents of Bor town are still struggling with the impact of the devastating floods that hit the town and other parts of Greater Jonglei since last year.,,,,,,,,Eye Radio,https://eyeradio.org/jonglei-govt-clarifies-presence-of-officials-in-bor-hotels/,title,
Central Equatoria,Juba,2021,3,Mar,2021-03-18,Heavy rainfall,"Rainstorm damages parked aircraft, blows off roofs","According to the director of the airport, the planes were not tied to a hanger when the strong wind and heavy rain came pouring down at around 7pm local time. The UN Office for the Coordination of Humanitarian Affairs this week said the upcoming rainy season in South Sudan is forecasted to lead once again to major floods in the most food-insecure areas.",,,,,,,,Eye Radio,https://eyeradio.org/rainstorm-damages-parked-aircraft-blows-off-roofs/,body,
Jonglei,Bor South,2021,3,Mar,2021-03-16,Flood,"Chagor asked to spend money on dykes, not hotel accommodations for officials","He says residents of Bor town and other parts of the state still do not have proper shelters and food following the 2020 floods. Nearly 80,000 people were displaced in Jonglei and Upper Nile by flash flood, which began in November 2020 and gradually increased through January and February 2021, according to humanitarian agencies. Garang says any available fund should instead be used to construct dykes in Bor rather than spending it on hotel accommodations.",,80000,displaced,state named in same sentence,"Nearly 80,000 people were displaced in Jonglei and Upper Nile by flash flood, which began in November 2020 and gradually increased through January and February 2021, according to humanitarian agencies.","80,000 ind (displaced)",,Eye Radio,https://eyeradio.org/chagor-asked-to-spend-money-on-dykes-not-hotel-accommodations-for-officials/,body,
Jonglei,,2021,2,Feb,2021-02-23,Flood,"Urgent action needed to tackle triple threat of conflict, flooding and hunger in South Sudan","Rising levels of armed violence, and almost 500,000 people displaced by floods and looming famine in five states are deepening an already dire humanitarian crisis in South Sudan. We have seen families struggling to plant new crops because the land is still swampy from last year’s floods and new rains are just weeks away.",,500000,displaced,wider / not specified,"Rising levels of armed violence, and almost 500,000 people displaced by floods and looming famine in five states are deepening an already dire humanitarian crisis in South Sudan.","500,000 ind (displaced); 7,000,000 ind (in need); 8,300,000 ind (reported)",,ReliefWeb (Norwegian Refugee Council),https://reliefweb.int/report/south-sudan/urgent-action-needed-tackle-triple-threat-conflict-flooding-and-hunger-south,state only,
Jonglei,Bor South,2021,2,Feb,2021-02-16,Flood,South Sudan Flooding Situation Report: Inter-Cluster Coordination Group - As of 31 January 2021,"This is the final situation report covering the 2020 flooding response.* - An estimated 1,066,000 people were affected by floods in South Sudan from 1 July 2020 to 31 January 2021. - Flood-affected people’s urgent needs included food and livelihood support, emergency shelter and non-food items (ES/NFI), water, sanitation and hygiene (WASH), health and protection services.",,495000,affected,state named in same sentence,"- Some 495,000 people were affected in Jonglei State and the Greater Pibor Administrative Area, the worst affected areas.","1,066,000 ind (affected); 495,000 ind (affected); 1,066,000 ind (affected); 495,000 ind (affected); 147,000 ind (affected); 126,000 ind (affected); 100,000 ind (affected); 60,000 ind (affected)",Pibor,ReliefWeb (UN Office for the Coordination of Humanitarian Affairs),https://reliefweb.int/report/south-sudan/south-sudan-flooding-situation-report-inter-cluster-coordination-group-31-january,body,
Unity,Mayom,2021,2,Feb,2021-02-12,Flood,"South Sudan - Mayom: Inter-agency Flood Fact Finding Mission, 9-12 Feb 2021","1 To assess the flood situation and impact (number of affected, displaced in Mayom/Makien)",,,,,,,,ReliefWeb (CARE),https://reliefweb.int/report/south-sudan/south-sudan-mayom-inter-agency-flood-fact-finding-mission-9-12-feb-2021,title,
,,2021,1,Jan,2021-01-29,Drought,Africa | Meteorological drought 2010-2019 - DG ECHO Daily Map | 29/01/2021,,,,,,,,,ReliefWeb (European Commission's Directorate-General for European Civil Protection and Humanitarian Aid Operations),https://reliefweb.int/map/algeria/africa-meteorological-drought-2010-2019-dg-echo-daily-map-29012021,not found,
Upper Nile,Fashoda,2021,1,Jan,2021-01-29,Flood,South Sudan - Fashoda and Manyo Counties: IRNA Report for Flood - January 2021,"Between August and October 2020, there was a heavy rainfall that led to the overflow of the River Nile and other rivers caused flooding in Lul Payam, Kodok rural Payam, Dethwok Payam, Athidhwoy Payam and Kwoch Payam in Fashoda and Manyo counties, Upper Nile. Since then, the flooding has continued through November and December 2020 resulting to water to extend to all in-land areas in both Manyo and Fashoda counties causing displacement of people residing in these locations,...",1280,10704,displaced,county named in same sentence,"The number of affected persons in both Manyo and Fashoda counties is estimated at 10,704 people in six (6) mostly affected payams (Lul 2,880 individuals, Dethwok 2,022 individuals, Aburoc 270 individuals, Kodok 3,000 individuals, Athidhwoy 1,872 individuals and Kwoch 660 individuals and about 7,680 people (1,280 households) from Lul, Abanyay, Thur, Aweth, Nyiwut, Noon and Delal-ajak were displaced and evacuated their homes to new locations where they are facing challenges for putting up shelters","1,280 HH (displaced); 10,704 ind (displaced); 2,880 ind (displaced); 2,022 ind (displaced); 270 ind (displaced); 3,000 ind (displaced); 1,872 ind (displaced); 660 ind (displaced)",Manyo,ReliefWeb (Cordaid),https://reliefweb.int/report/south-sudan/south-sudan-fashoda-and-manyo-counties-irna-report-flood-january-2021,title,
Unity,Mayom,2021,1,Jan,2021-01-21,Flood,"700,000 people still being displaced by 2020 rains","Recent floods have reportedly displaced over 700,000 people in parts of the country in the last three weeks. The floods are said to have occurred due to an overflow from the River Nile and another river between Unity State and Bahr el Ghazal. According to the UN Office for Coordination of Humanitarian Affairs, over one million people affected by flash floods across the country in 2020.",,700000,displaced,wider / not specified,"700,000 people still being displaced by 2020 rains.","700,000 ind (displaced); 700,000 ind (displaced)",Ayod; Duk,Eye Radio,https://eyeradio.org/700000-people-still-being-displaced-by-2020-rains/,body,
Jonglei,Twic East,2021,1,Jan,2021-01-13,Flood,"South Sudan - Twic East, Jonglei State Flood Analysis (December 2020)",,,,,,,,,ReliefWeb (International Organization for Migration),https://reliefweb.int/map/south-sudan/south-sudan-twic-east-jonglei-state-flood-analysis-december-2020,title,
,,2020,12,Dec,2020-12-30,Flood,"WFP in 2020: Conflict, climate change, coronavirus and the Nobel Peace Prize... in pictures","In addition to the locust invasions, [South Sudan](https://www.wfp.org/countries/south-sudan) has been facing worsening hunger and food insecurity due to torrential rains, extensive flooding and conflict. Since June, it has provided food assistance to nearly 973,000 people in flood-affected areas. Not only do most of food imports, on which Lebanon depends for 85 percent of its needs, transit via Beirut port, but the explosion has destroyed 120,000 metric tons of grains...",,5100000,affected,wider / not specified,"Without sustained humanitarian assistance in the areas most affected by the crisis in Borno, Adamawa and Yobe states, 5.1 million people could struggle to feed themselves during the June-August lean season.","300,000 ind (reported); 973,000 ind (affected); 5,100,000 ind (affected); 13,000,000 ind (reported); 200 ind (reported); 9,300,000 ind (in need); 100,000 ind (displaced); 60,000 ind (reported)",,ReliefWeb (World Food Programme),https://reliefweb.int/report/world/wfp-2020-conflict-climate-change-coronavirus-and-nobel-peace-prize-pictures,not found,
Jonglei,Bor South,2020,12,Dec,2020-12-24,Flood,South Sudan Flooding Situation Report: Inter-Cluster Coordination Group - As of 18 December 2020,"- An estimated 1,042,000 people have been affected by floods in South Sudan. - Flood-affected people’s urgent needs include food and livelihood support, emergency shelter and non-food items (ES/NFI), and water, sanitation and hygiene (WASH), health and protection services. - Flood-response activities have been considerably constrained by persistent heavy rains, infrastructure damage and reduced physical accessibility and insecurity.",,495000,affected,state named in same sentence,"Jonglei State and the Greater Pibor Administrative Area are the worst affected (a total of 495,000 people affected).","1,042,000 ind (affected); 495,000 ind (affected); 1,042,000 ind (affected); 495,000 ind (affected); 147,000 ind (affected); 178,000 ind (displaced)",Pibor,ReliefWeb (UN Office for the Coordination of Humanitarian Affairs),https://reliefweb.int/report/south-sudan/south-sudan-flooding-situation-report-inter-cluster-coordination-group-18-0,body,
,,2020,12,Dec,2020-12-23,Flood,"Violence, flooding, and displacement push one million children in South Sudan to the brink of starvation","Recent severe flooding, intercommunal violence, the effects of the Covid-19 pandemic and general economic decline have impacted lives and livelihoods, including loss of crops, livestock, homes, and access to hospitals and other basic services. The UN [estimates](https://reliefweb.int/node/3681617/) that 856,000 people have been affected by flooding since July, with some 400,000 people displaced in recent months. Almost half of these people are in Jonglei state, which has...",,856000,displaced,wider / not specified,"The UN [estimates](https://reliefweb.int/node/3681617/) that 856,000 people have been affected by flooding since July, with some 400,000 people displaced in recent months.","6,500,000 ind (reported); 856,000 ind (displaced); 400,000 ind (displaced); 24,000 ind (reported); 90 ind (reported); 40,000 ind (reported)",,ReliefWeb (Save the Children),https://reliefweb.int/report/south-sudan/violence-flooding-and-displacement-push-one-million-children-south-sudan-brink,not found,
Jonglei,Pibor,2020,12,Dec,2020-12-17,Flood,"Flooding, Hunger, Disease: Helping families cope in South Sudan","The flooding came next. “Not long after the attack, the flood came,” Nyandit continues. “When there was no flood, we used to dig to plant for harvest, but then the flood came.",,520000,affected,wider / not specified,"Not long after, severe flooding started affecting the region yet again, affecting over 520,000 people*.","520,000 ind (affected); 18,000 ind (reported); 18,000 ind (reported)",,ReliefWeb (Medair),https://reliefweb.int/report/south-sudan/flooding-hunger-disease-helping-families-cope-south-sudan,body,
Jonglei,Bor South,2020,12,Dec,2020-12-15,Flood,Bor residents appeal for dyke construction materials,Communities in Bor town in Jonglei state are appealing to the national government and partners to construct for them a permanent dyke to help contain and prevent floods in the area. The area is flooded yearly by the overflow of the River Nile. The state has been devastated by flash floods that have been ongoing since May 2020.,,340000,displaced,wider / not specified,"According to the state Relief and Rehabilitation Commission, more than 340,000 people from its nine counties have been displaced by the persistent flash floods.","340,000 ind (displaced)",,Eye Radio,https://eyeradio.org/bor-residents-appeal-for-dyke-construction-materials/,title,
Jonglei,Twic East,2020,12,Dec,2020-12-04,Flood,"South Sudan - Twic East County, Jonglei State, Flood Analysis (October 2020)",,,,,,,,,ReliefWeb (International Organization for Migration),https://reliefweb.int/map/south-sudan/south-sudan-twic-east-county-jonglei-state-flood-analysis-october-2020,title,
Central Equatoria,Terekeka,2020,12,Dec,2020-12-04,Flood,"South Sudan - Terekeka County, Central Equatoria State Flood Analysis (October 2020)",,,,,,,,,ReliefWeb (International Organization for Migration),https://reliefweb.int/map/south-sudan/south-sudan-terekeka-county-central-equatoria-state-flood-analysis-october-2020,title,
Warrap,Tonj East,2020,12,Dec,2020-12-04,Flood,"South Sudan - Tonj East County, Warrap State Flood Analysis (October 2020)",,,,,,,,,ReliefWeb (International Organization for Migration),https://reliefweb.int/map/south-sudan/south-sudan-tonj-east-county-warrap-state-flood-analysis-october-2020,title,
Warrap,Tonj South,2020,11,Nov,2020-11-30,Flood,Floods displace hundreds of families in Tonj South,"Flash floods have displaced hundreds of families in Tonj South County, Warrap State. He says heavy downpours in the past few days have submerged houses, forcing locals to seek refuge on higher grounds such as roadsides. According to UN Office for Coordination of Humanitarian Affairs, over one million people have been affected by flash floods across the country since July.",,,,,,,,Eye Radio,https://eyeradio.org/floods-displace-hundreds-of-families-in-tonj-south/,title,
Jonglei,Bor South,2020,11,Nov,2020-11-23,Flood,One million people affected by Nile River floods. “This is what climate change looks like”,Nile River floods are causing unprecedented havoc in South Sudan. Cordaid continues its humanitarian assistance to thousands of displaced and flood-affected people. **Biggest floods in living memory**,,400,displaced,state named in same sentence,"In Jonglei alone, the worst-affected state, they have displaced an estimated 400.000 people.","12 ind (reported); 400 ind (displaced); 12 ind (displaced); 9,000 ind (reported); 9,000 ind (reported)",,ReliefWeb (Cordaid),https://reliefweb.int/report/south-sudan/one-million-people-affected-nile-river-floods-what-climate-change-looks,body,
,,2020,11,Nov,2020-11-20,Flood,South Sudan: Pooled fund complementarities in the 2020 flood response,"More than 1 million people across half of South Sudan have been affected by devastating flooding since July 2020. In response to the floods, funding from the UN’s Central Emergency Response Fund (CERF) and the South Sudan Humanitarian Fund (SSHF) helped kickstart the humanitarian response to people’s needs. The CERF also financed community-based initiatives aimed at reducing the impact of floods on communities, such as repairing broken dykes.",,1000000,affected,wider / not specified,More than 1 million people across half of South Sudan have been affected by devastating flooding since July 2020.,"1,000,000 ind (affected); 360,000 ind (reported)",,ReliefWeb (UN Office for the Coordination of Humanitarian Affairs),https://reliefweb.int/report/south-sudan/south-sudan-pooled-fund-complementarities-2020-flood-response,not found,
Jonglei,,2020,11,Nov,2020-11-18,Flood,"South Sudan: Flooding Situation Report - Inter-Cluster Coordination Group, as of 18 November 2020","• An estimated 1,034,000 people have been affected by floods since July. • Flood-affected people’s urgent needs include food and livelihood support, emergency shelter and non-food items (ES/NFI), and WASH, health and protection services. • Flood response activities are considerably constrained by persistent heavy rains, infrastructure damage and reduced physical accessibility (e.g., impassable roads, flooded airstrips), insecurity and limited resources.",,404000,affected,state named in same sentence,"Jonglei State is the worst affected (404,000 people).","1,034,000 ind (affected); 404,000 ind (affected)",,ReliefWeb (UN Office for the Coordination of Humanitarian Affairs),https://reliefweb.int/report/south-sudan/south-sudan-flooding-situation-report-inter-cluster-coordination-group-18,state only,
Jonglei,Pibor,2020,11,Nov,2020-11-16,Flood,"Support needed for Pibor, Nzara flood victims returning “home” -Officials","Local officials in Pibor Administrative Area and Western Equatoria state are appealing to aid agencies to help flood victims who are returning to their homes. Torrential rains and flash floods have displaced thousands of people and destroy several homes across the country. In Pibor, many families have been affected and dozens of homes have been destroyed by rains and flashflood over the past months.",,368000,displaced,state named in same sentence,"They say approximately 368,000 people were also displaced in greater Jonglei, Unity, Eastern, and Western Equatoria, Upper Nile states.","2,000 ind (in need); 800,000 ind (affected); 368,000 ind (displaced); 273 ind (reported)",Nzara,Eye Radio,https://eyeradio.org/support-needed-for-pibor-nzara-flood-victims-returning-home-officials/,title,
Jonglei,Pibor,2020,11,Nov,2020-11-13,Flood,Increasing access to life-saving primary healthcare services in South Sudan’s flood-affected areas,"The devastating effect of the floods has displaced Lucia and her entire neighbours and has taken a toll on her daughter Mama Arzen. Since July 2020, South Sudan has been experiencing heavy rainfall and rising water levels along the White Nile, which resulted in massive flooding in over 40 Counties across the country affecting nearly one million people and subsequently resulting in widespread disruption to normal patterns of life in the affected locations. “Flooding has...",,95000,displaced,county named in same sentence,Severe flooding in Greater Pibor Administrative Area displaced over 95 000 people leaving them homeless and in desperate need of humanitarian assistance.,"95,000 ind (displaced); 169 ind (reported); 258 ind (reported)",,ReliefWeb (World Health Organization),https://reliefweb.int/report/south-sudan/increasing-access-life-saving-primary-healthcare-services-south-sudan-s-flood,body,
Jonglei,,2020,11,Nov,2020-11-06,Flood,Kiir challenged to visit flood IDPs,"“I am appealing to the president to come out and visit the areas which are devastated by the floods,” David Garang, chairperson of Jonglei State Civil Society Network. In August, President Salva Kiir placed Jonglei state and Pibor Administrative Area under a three-month lockdown following the unending circle of violence and the unfolding humanitarian situation caused by floods. According to the UN Office for Coordination of Humanitarian Affairs, an estimated 800,000 people...",,800000,displaced,wider / not specified,"According to the UN Office for Coordination of Humanitarian Affairs, an estimated 800,000 people have been affected by flooding in areas along the Nile River since July, with over 360,000 people displaced.","800,000 ind (displaced); 360,000 ind (displaced)",,Eye Radio,https://eyeradio.org/kiir-challenged-to-visit-flood-idps/,state only,
Jonglei,Bor South,2020,11,Nov,2020-11-04,Flood,Four drown in Bor,"In October, the government warned of more flooding in lowland areas due to the rising levels of the Nile River waters. The river has been overflowing into residential areas in Juba, Bor and other towns along the river. Rescuing those stuck in the flood waters, he stressed, has been one of their greatest challenges.",,800000,displaced,wider / not specified,"According to the UN Office for Coordination of Humanitarian Affairs, an estimated 800,000 people have been affected by flooding in areas along the Nile River since July, with over 360,000 people displaced.","800,000 ind (displaced); 360,000 ind (displaced)",,Eye Radio,https://eyeradio.org/four-drown-in-bor/,title,
Eastern Equatoria,,2020,11,Nov,2020-11-04,Flood,"Church asks for $500,000 to support the flood-affected","The South Sudan Council of Churches has appealed for about $500,000 to support people affected by floods in the country. Torrential rains and flash floods have continued to displace hundreds of thousands of people and destroyed several homes across South Sudan. Many families have been affected and dozens of villages have been destroyed by floods in mostly; Jonglei, Pibor, Upper Nile, Western and Eastern Equatoria states.",,800000,affected,wider / not specified,"According to UN Office for Coordination of Humanitarian Affairs, more than 800,000 people were affected by floods in September across the country.","500,000 ind (affected); 800,000 ind (affected); 100,000 ind (reported); 360,000 ind (reported)",,Eye Radio,https://eyeradio.org/church-asks-for-500000-to-support-the-flood-affected/,state only,
Central Equatoria,,2020,11,Nov,2020-11-03,Flood,Thousands at risk of hunger and disease in Equatoria – ICRC,"Thousands of displaced people are at risk of hunger, and disease in aftermath of clashes, floods in Equatoria states, said the International Committee of Red Cross in a statement released on Monday. Months of conflict followed by torrential rains have created a deepening humanitarian crisis in which communities now face a heightened risk of hunger, malnutrition, and disease in Central, Western, and Eastern Equatoria states. The humanitarian organization stated that...",,120000,affected,wider / not specified,"The ICRC and the South Sudan Red Cross have reached more than 120,000 people affected by the conflict in Central, Western and Eastern Equatoria states so far this year with assistance such as emergency food and relief items as well as seeds, farming tools, and fishing kits.","120,000 ind (affected); 120,000 ind (reported); 89,000 ind (displaced); 35,000 ind (displaced)",,Eye Radio,https://eyeradio.org/thousands-at-risk-of-hunger-and-disease-in-equatoria-icrc/,state only,
,,2020,11,Nov,2020-11-03,Flood,Children’s aid agency raises concern over new polio outbreak in S Sudan,"The situation is exacerbated by recent floods that have destroyed parts of the health infrastructure and limited access to essential health services such as vaccination programs. Some 368,000 people are displaced by floods in South Sudan. Violence and floods in some parts of the country hamper access to health services as well, pushing unvaccinated children to a high risk of infection,” said Rama Hansraj, Save the Children Country Director.",,368000,displaced,wider / not specified,"Some 368,000 people are displaced by floods in South Sudan.","368,000 ind (displaced); 890,000 ind (reported)",,Eye Radio,https://eyeradio.org/childrens-aid-agency-raises-concern-over-new-polio-outbreak-in-s-sudan/,not found,
,,2020,11,Nov,2020-11-01,Flood,"African Development Bank Group approves $440,000 emergency relief assistance for flood victims in South Sudan and Sudan","The African Development Bank Group has approved an emergency assistance relief package of $440,000 to fund ongoing humanitarian and emergency relief efforts in areas recently hit by floods in South Sudan and Sudan. The funding is part of a multinational emergency response to provide relief to flood victims in both countries, where torrential rains have caused rivers to overflow their dykes and banks, disrupting trade routes, damaging crops, killing livestock and submerging...",,860000,affected,wider / not specified,"By the end of September, the Food Security Technical Secretariat reported that heavy rains and flooding had affected more than 860,000 people (over 480,000 of them children) in Sudan.","860,000 ind (affected); 480,000 ind (affected); 100 ind (reported); 360,000 ind (reported); 600,000 ind (affected); 100 ind (displaced)",,ReliefWeb (African Development Bank),https://reliefweb.int/report/south-sudan/african-development-bank-group-approves-440000-emergency-relief-assistance-flood,not found,
Jonglei,,2020,10,Oct,2020-10-31,Flood,"AfDB offers $200,000 to flood victims","The African Development Bank has provided 200,000 US dollars to help people affected by the floods in South Sudan. In a statement Friday, the FAO representative in South Sudan said that the funding is part of a multinational emergency response proposal to provide humanitarian assistance to flood-affected populations in Sudan and South Sudan. “This contribution is crucial to allow tens of thousands of people displaced by the floods to procure their own food and avoid the...",,800000,affected,state named in same sentence,"Since July 2020, unprecedented flooding has destroyed the homes and farmlands of over 800,000 people – with Jonglei and Lakes being the worst affected states – forcing many to leave their homes.","800,000 ind (affected)",,Eye Radio,https://eyeradio.org/afdb-offers-200000-to-flood-victims/,state only,
Jonglei,Fangak,2020,10,Oct,2020-10-27,Flood,"Severe flooding in South Sudan and Ethiopia leaving people without adequate food, water or shelter","Tuesday, October 27, 2020 — Severe flooding is affecting hundreds of thousands of people across a wide swathes of South Sudan and Ethiopia, inundating homes and leaving people without adequate food, water or shelter. *""This year’s floods are happening against the backdrop of multiple emergencies including COVID-19, increased violence and fighting, a growing economic crisis, and high levels of food insecurity,"" *said Ibrahim Muhammad, MSF head of mission in South Sudan....",,30000,reported,county named in same sentence,"In Old Fangak, a town of about 30,000 people in a wetland area of Jonglei state, flooding began in July and water levels are continuing to rise.","5,000 ind (reported); 160 ind (reported); 30,000 ind (reported); 3,000 ind (reported); 46,000 ind (displaced); 46,000 ind (displaced); 3,685 ind (in need)",Pibor,ReliefWeb (Médecins Sans Frontières),https://reliefweb.int/report/south-sudan/severe-flooding-south-sudan-and-ethiopia-leaving-people-without-adequate-food,body,
Jonglei,,2020,10,Oct,2020-10-26,Flood,Floods expose Jonglei children to malnutrition – UNICEF,"The number of malnourished children in greater Jonglei is increasing daily due to impacts created by floods, the UN children’s agency says. The state has been devastated by flash floods that have been ongoing since May 2020. According to the state Relief and Rehabilitation Commission, more than 340,000 people from its 9 counties have been displaced by the persistent flash floods.",,12,reported,state named in same sentence,"According to UNICEF, more than 12 children have died of acute malnutrition in Jonglei State alone in the last nine months.","12 ind (reported); 248 ind (reported); 340,000 ind (displaced)",,Eye Radio,https://eyeradio.org/floods-expose-jonglei-children-to-malnutrition-unicef/,state only,
,,2020,10,Oct,2020-10-25,Flood,"Hundreds displaced as Nile waters claim Gumbo, Lologo areas","Rising water levels have caused the Nile river to burst its banks, flooding some lowland areas in Juba. Many houses have been submerged, forcing families to move to higher grounds. However, some families still living in the submerged houses say they have nowhere to go.",,800000,displaced,wider / not specified,"According to the UN Office for Coordination of Humanitarian Affairs, an estimated 800,000 people have been affected by flooding in areas along the Nile River since July, with over 360,000 people displaced.","800,000 ind (displaced); 360,000 ind (displaced)",,Eye Radio,https://eyeradio.org/hundreds-displaced-as-nile-waters-claim-gumbo-lologo-areas/,not found,
,,2020,10,Oct,2020-10-24,Flood,UK commits £8m to help people affected by floods in S.Sudan,"The United Kingdom government has committed 8 million sterling pounds to help the victims of flooding in South Sudan. In a press release on Friday, the roughly 10 million and 400 thousand US dollars were announced during a visit to Pibor and Bor to see first-hand how UK aid is providing assistance to people facing flooding, conflict, and severe hunger. We will provide vital food and support to thousands of people on the brink of hunger, following devastating flooding and...",,8000000,affected,wider / not specified,UK commits £8m to help people affected by floods in S.Sudan.,"8,000,000 ind (affected); 800,000 ind (displaced); 360,000 ind (displaced)",,Eye Radio,https://eyeradio.org/uk-commits-8m-to-help-people-affected-by-floods-in-s-sudan/,not found,
Jonglei,Bor South,2020,10,Oct,2020-10-22,Flood,South Sudan: Flooding Snapshot (As of 21 October 2020),"An estimated 856,000 people have been affected by flooding since July. Communities in areas along the White Nile have fled to higher ground to escape flood waters. Some 380 schools have been affected by the floods and a third of them are now occupied by IDPs.",,856000,affected,wider / not specified,"An estimated 856,000 people have been affected by flooding since July.","856,000 ind (affected); 400,000 ind (displaced); 620,000 ind (reported); 350,000 ind (reported); 54,000 ind (reported)",,ReliefWeb (UN Office for the Coordination of Humanitarian Affairs),https://reliefweb.int/report/south-sudan/south-sudan-flooding-snapshot-21-october-2020,body,
Jonglei,Pibor,2020,10,Oct,2020-10-22,Flood,South Sudan: Severe flooding increases health risks amid multiple emergencies,"Severe flooding is affecting an estimated 800,000 people across a wide swathe of [South Sudan](https://www.doctorswithoutborders.org/what-we-do/countries/south-sudan), inundating homes and leaving people without adequate food, water, or shelter. Many areas have been flooded since July, while river levels continue to rise, worsening the crisis. Doctors Without Borders/Médecins Sans Frontières (MSF) is providing medical care in the flood-affected areas of Greater Pibor,...",545,5000,reported,county named in same sentence,"In the last two months, MSF treated more than 13,000 patients in and around Pibor, including more than 5,000 children under five years old. | An MSF team treated malaria and diarrhea, conducted a rapid nutrition screening, provided psychosocial support, and distributed essential supplies to 545 households.","800,000 ind (affected); 5,000 ind (reported); 160 ind (reported); 30,000 ind (reported); 3,000 ind (reported); 70 ind (displaced); 545 HH (reported)",Fangak; Malakal; Leer,ReliefWeb (Médecins Sans Frontières),https://reliefweb.int/report/south-sudan/south-sudan-severe-flooding-increases-health-risks-amid-multiple-emergencies,body,
,,2020,10,Oct,2020-10-17,Flood,Invest in agriculture to avert hunger — FAO,"In South Sudan, the day is marked amidst harsh economic and humanitarian conditions made worse by years of conflict and the current unprecedented floods. The UN Office for Coordination of Humanitarian Affairs says some 800,000 people have been affected by flash floods across the country since July. Experts say as the economy is experiencing hyperinflation, flood-victims in 37 out of the 78 counties require urgent life-saving assistance.",,800000,affected,wider / not specified,"The UN Office for Coordination of Humanitarian Affairs says some 800,000 people have been affected by flash floods across the country since July.","800,000 ind (affected); 6,500,000 ind (in need)",,Eye Radio,https://eyeradio.org/invest-in-agriculture-to-avert-hunger-fao/,not found,
,,2020,10,Oct,2020-10-15,Flood,Humanitarian Coordinator in South Sudan welcomes allocation of $10 million from the UN’s Central Emergency Response Fund to assist flood-affected people,"(Juba, 15 October 2020) The UN's Central Emergency Response Fund (CERF) has allocated US$10 million to support life-saving assistance to 360,000 people affected by devastating flooding in South Sudan. With the new funding, flood-affected families will receive emergency relief including food, temporary shelter and access to clean water. Adults who are fit to work will receive food or cash in return for repairing dykes to defend their communities from future floods.\",,800000,affected,wider / not specified,"Some 800,000 people have been affected by flooding in South Sudan since July and 37 out of the 78 counties have been impacted.","360,000 ind (affected); 360,000 ind (reported); 800,000 ind (affected); 368,000 ind (displaced)",,ReliefWeb (UN Office for the Coordination of Humanitarian Affairs),https://reliefweb.int/report/south-sudan/humanitarian-coordinator-south-sudan-welcomes-allocation-10-million-un-s-central,not found,
Jonglei,Pibor,2020,10,Oct,2020-10-15,Flood,More funds released for the ‘most vulnerable’ flood victims,"Local officials have called for the urgent provision of shelter materials to safeguards people against rainfalls as aid agencies allocate $10 million for flood victims. The UN’s Central Emergency Response Fund has earmarked more funds to support life-saving assistance to 360,000 people affected by devastating flooding in South Sudan. This allocation complements the 1.3 billion South Sudanese pounds released last month by UN OCHA to support flood victims in the country.",,360000,affected,wider / not specified,"The UN’s Central Emergency Response Fund has earmarked more funds to support life-saving assistance to 360,000 people affected by devastating flooding in South Sudan.","360,000 ind (affected)",,Eye Radio,https://eyeradio.org/more-funds-released-for-the-most-vulnerable-flood-victims/,body,
Western Equatoria,,2020,10,Oct,2020-10-13,Flood,"China pledges $300,000 for flood victims","Families whose livelihoods have been uprooted by recent floods in South Sudan are expected to benefit from new funds pledged by the government of China, the country’s embassy has said. The $300,000 disaster relief funds, in addition to the emergency food aid will aid people affected by flash floods across the country. According to the UN Office for Coordination of Humanitarian Affairs, some 800,000 people were affected by floods by the end of September, with half of the...",,800000,affected,wider / not specified,"According to the UN Office for Coordination of Humanitarian Affairs, some 800,000 people were affected by floods by the end of September, with half of the country flooded.","800,000 ind (affected); 368,000 ind (displaced)",,Eye Radio,https://eyeradio.org/china-pledges-300000-for-flood-victims/,state only,
Jonglei,Pibor,2020,10,Oct,2020-10-07,Flood,Number of flood victims rises,"The number of people affected by floods in South Sudan since July has risen from 600,000 to 800,000, the UN Office for Coordination of Humanitarian Affairs has said. This was revealed after rapid needs assessments was completed in the majority of the 37 counties affected by floods along the Nile River. The floods were caused by heavy rains that forced rivers to burst banks, flooding vast areas and settlements along the river.",,800000,affected,wider / not specified,"OCHA says the majority of the 800,000 people affected have been reached with food assistance and over 100,000 people have received health support.","366,000 ind (displaced); 800,000 ind (affected); 100,000 ind (affected)",,Eye Radio,https://eyeradio.org/number-of-flood-victims-rises/,body,
Upper Nile,Malakal,2020,10,Oct,2020-10-07,Flood,WFP outraged by attack on its humanitarian boat-convoy,"The food was being ferried to people displaced and affected by floods in the region. Aid agencies say over 800,000 people have been affected by the floods in South Sudan. It reported that an estimated 625,000 people have been affected by flash floods in areas along the White Nile since July.",,800000,affected,wider / not specified,"Aid agencies say over 800,000 people have been affected by the floods in South Sudan.","800,000 ind (affected); 625,000 ind (affected); 5,000,000 ind (reported)",Melut,Eye Radio,https://eyeradio.org/wfp-outraged-by-attack-on-its-humanitarian-boat-convoy/,body,
Jonglei,Bor South,2020,10,Oct,2020-10-05,Flood,South Sudan: Flooding Snapshot (As of 05 October 2020),"An estimated 800,000 people have been affected by flooding in areas along the White Nile since July. Rapid needs assessments have now been completed in the majority of the 37 counties affected by floods. Humanitarian partners on the ground are working tirelessly, with the resources they have, to meet the growing needs of the flood-affected people.",,800000,affected,wider / not specified,"An estimated 800,000 people have been affected by flooding in areas along the White Nile since July.","800,000 ind (affected); 366,000 ind (displaced); 800,000 ind (affected); 100,000 ind (affected)",,ReliefWeb (UN Office for the Coordination of Humanitarian Affairs),https://reliefweb.int/report/south-sudan/south-sudan-flooding-snapshot-05-october-2020,body,
Unity,Koch,2020,10,Oct,2020-10-05,Flood,"South Sudan - Koch, Unity State Flood Analysis (September 2020)",,,,,,,,,ReliefWeb (International Organization for Migration),https://reliefweb.int/map/south-sudan/south-sudan-koch-unity-state-flood-analysis-september-2020,title,
Unity,,2020,10,Oct,2020-10-05,Flood,"South Sudan - Panyijar, Unity State Flood Analysis (September 2020)",,,,,,,,,ReliefWeb (International Organization for Migration),https://reliefweb.int/map/south-sudan/south-sudan-panyijar-unity-state-flood-analysis-september-2020,state only,
Jonglei,,2020,10,Oct,2020-10-05,Flood,South Sudan - Jonglei And Lakes State Flooding (September 2020),,,,,,,,,ReliefWeb (International Organization for Migration),https://reliefweb.int/map/south-sudan/south-sudan-jonglei-and-lakes-state-flooding-september-2020,state only,
Jonglei,Ayod,2020,10,Oct,2020-10-05,Flood,"South Sudan - Ayod, Jonglei State Flood Analysis (September 2020)",,,,,,,,,ReliefWeb (International Organization for Migration),https://reliefweb.int/map/south-sudan/south-sudan-ayod-jonglei-state-flood-analysis-september-2020,title,
Jonglei,Duk,2020,10,Oct,2020-10-05,Flood,"South Sudan - Duk County, Jonglei State Flood Analysis (September 2020)",,,,,,,,,ReliefWeb (International Organization for Migration),https://reliefweb.int/map/south-sudan/south-sudan-duk-county-jonglei-state-flood-analysis-september-2020,title,
,,2020,10,Oct,2020-10-02,Flood,Flooding badly damages Kuron Peace Village,"The Kuron Peace Village in South Sudan has been badly damaged by flooding. Peace Village employee Prisca Wani says, “The floods have been disastrous. Ligging Vredesdorp Kuron in Zuid-SoedanTorrential flooding has affected hundreds of thousands of people in South Sudan and Sudan.",,,,,,,,ReliefWeb (PAX),https://reliefweb.int/report/sudan/flooding-badly-damages-kuron-peace-village,not found,
Jonglei,Bor South,2020,9,Sep,2020-09-30,Flood,"South Sudan Key Message Update: Severe flooding, conflict, and macroeconomic crisis drive Emergency (IPC Phase 4) and high assistance needs, September 2020","Due to the impact of devastating floods, conflict, and worsening macroeconomic conditions, most households are still facing large food consumption gaps or using extreme livelihoods coping strategies to mitigate them. Catastrophe (IPC Phase 5) is likely among households in Jonglei and Greater Pibor Administrative Area, where recent conflict and two consecutive years of severe floods are exhausting coping capacity. (IPC Phase 3!) outcomes in some areas, acute food insecurity...",,33000,displaced,county named in same sentence,"Three consecutive flood events in Bor South since June have affected 33,000 people, with additional cross-county displacement occurring from Duk, Twic East, and Bor South into Awerial.","157,000 ind (displaced); 40,000 ind (displaced); 700,000 ind (affected); 33,000 ind (displaced); 21,000 ind (displaced); 10,000 ind (displaced); 1,440,000 ind (reported)",Pibor; Twic East; Mayendit; Awerial; Duk; Aweil Centre; Magwi,ReliefWeb (Famine Early Warning System Network),https://reliefweb.int/report/south-sudan/south-sudan-key-message-update-severe-flooding-conflict-and-macroeconomic-crisis,body,https://reliefweb.int/report/south-sudan/south-sudan-flooding-snapshot-03-september-2020
Jonglei,,2020,9,Sep,2020-09-29,Flood,Flooding leaves South Sudan facing threat of ‘catastrophic’ hunger levels,"Torrential rains and flooding across South Sudan have created the threat of “catastrophic” levels of hunger and left hundreds of thousands homeless, UN humanitarians said on Tuesday. Some 700,000 people are in crisis after flood waters swept across the country, submerging villages, land and livestock, in more than one in two counties, according to a World Food Programme ([WFP](https://www.wfp.org/countries/south-sudan)) alert. “There is a very significant flood, which is...",,230000,displaced,state named in same sentence,"WFP is particularly concerned that crops have been lost in worst affected Jonglei state, where 85,000 people have been displaced by rising waters and some 230,000 people have experienced flooding more than once.","700,000 ind (reported); 5,500,000 ind (reported); 85,000 ind (displaced); 230,000 ind (displaced); 1,400,000 ind (reported); 300,000 ind (reported)",,ReliefWeb (UN News Centre),https://reliefweb.int/report/south-sudan/flooding-leaves-south-sudan-facing-threat-catastrophic-hunger-levels,state only,
Unity,Panyijiar,2020,9,Sep,2020-09-24,Flood,Humanitarian Coordinator visits flood-affected people and appeals for urgent funding to meet rising needs,people affected by flooding. disaster mitigation infrastructure such as dykes to complement the emergency response and to prevent more people for being displaced by the floods.,,625000,affected,wider / not specified,"Since July, an estimated 625,000 people have been affected by devastating flooding along the","600,000 ind (reported); 360,000 ind (reported); 625,000 ind (affected); 360,000 ind (reported)",Duk,ReliefWeb (UN Office for the Coordination of Humanitarian Affairs),https://reliefweb.int/report/south-sudan/humanitarian-coordinator-visits-flood-affected-people-and-appeals-urgent-funding,body,
Jonglei,Bor South,2020,9,Sep,2020-09-23,Flood,OCHA allocates 1.3b Pounds to flood victims,"The UN Office for Coordination of Humanitarian Affairs has allocated 1.3 billion South Sudanese pounds to support flood victims across South Sudan. The agency just concluded rapid needs assessments in 34 counties affected by the flooding. It reported that an estimated 625,000 people have been affected by flash floods in areas along the White Nile since July.",,625000,affected,wider / not specified,"It reported that an estimated 625,000 people have been affected by flash floods in areas along the White Nile since July.","625,000 ind (affected)",,Eye Radio,https://eyeradio.org/ocha-allocates-1-3b-pounds-to-flood-victims/,body,https://reliefweb.int/report/south-sudan/south-sudan-flooding-snapshot-21-september-2020
,,2020,9,Sep,2020-09-22,Flood,"Drought, locusts, coronavirus, and now a once-in-a-century flood","*Following Flooding in East Africa, Welthungerhilfe is Providing 250,000 Euros for Emergency Assistance.* Particularly heavy rainfall has caused flooding in East Africa. More rainfall is predicted for the coming days.",,2500000,reported,wider / not specified,"Just in Ethiopia, Sudan, and South Sudan, around 2.5 million people have been left with no defence against the mass of water.","2,500,000 ind (reported)",,ReliefWeb (Welthungerhilfe),https://reliefweb.int/report/ethiopia/drought-locusts-coronavirus-and-now-once-century-flood,not found,
Jonglei,Bor South,2020,9,Sep,2020-09-21,Flood,South Sudan: Flooding Snapshot (As of 21 September 2020),"An estimated 625,000 people have been affected by flooding in areas along the White Nile since July with nearly 90 per cent of those affected in Jonglei, Lakes and Upper Nile states. Rapid needs assessments have now been completed in the majority of the 34 counties affected by the flooding. Light humanitarian hubs are planned in the most affected areas to overcome operational constraints caused by the flooding and COVID-19 related measures.",,625000,affected,state named in same sentence,"An estimated 625,000 people have been affected by flooding in areas along the White Nile since July with nearly 90 per cent of those affected in Jonglei, Lakes and Upper Nile states.","625,000 ind (affected)",,ReliefWeb (UN Office for the Coordination of Humanitarian Affairs),https://reliefweb.int/report/south-sudan/south-sudan-flooding-snapshot-21-september-2020,body,
Unity,Rubkona,2020,9,Sep,2020-09-13,Flood,Flood victims in Unity still waiting for assistance,"Thousands of people affected by floods in Unity State are still waiting for assistance after water swallowed their villages last month. According to residents there, all seven counties are experiencing flood with thousands of people displaced and livelihoods lost. Simon Gatluak who represents the county at the state legislative assembly told Eye Radio that at least 80,000 people have been affected by the floods.",,80000,affected,wider / not specified,"Simon Gatluak who represents the county at the state legislative assembly told Eye Radio that at least 80,000 people have been affected by the floods.","80,000 ind (affected)",Mayom; Guit; Koch; Leer,Eye Radio,https://eyeradio.org/flood-victims-in-unity-still-waiting-for-assistance/,body,
,,2020,9,Sep,2020-09-11,Flood,"As freak flooding affects hundreds of thousands in some of the world’s poorest countries, Islamic Relief UK asks the British Muslim community to call on the Prime Minister to act urgently for a healthy, greener, fairer tomorrow","Following weeks of intense flooding in some of the world's poorest countries, Islamic Relief UK is calling on the British Muslim community to make its voice heard in the fight against the climate crisis. Over the past two weeks countries in which the faith-inspired aid agency operates, including Bangladesh, Afghanistan, Pakistan, Niger, Sudan and South Sudan, have all experienced unprecedented heavy flooding. If climate change continues its path it will make floods and other...",,650000,affected,wider / not specified,"- At least 650,000 people have been affected in South Sudan;","160 ind (reported); 281,000 ind (affected); 650,000 ind (affected); 99 ind (reported)",,ReliefWeb (Islamic Relief),https://reliefweb.int/report/niger/freak-flooding-affects-hundreds-thousands-some-world-s-poorest-countries-islamic-relief,not found,
Unity,Mayendit,2020,9,Sep,2020-09-05,Flood,"Severe flooding devastates Mayendit, Guit, and Mayom Counties","Severe flooding has reportedly caused temporary displacement and disruption in livelihoods and service provision to more than 608 households in Unity State. IOM added that it is still working with partners to verify the number of affected individuals in flooded areas, to complement ongoing inter-agency rapid needs assessments. Rains have intensified over the past weeks, causing flooding, destruction of infrastructure, houses and livelihoods, and leading to displacement.",608,80000,affected,state named in same sentence,"Last week, a member of parliament said that at least 80,000 people affected by floods in Panyinjiar County of Unity State | Severe flooding has reportedly caused temporary displacement and disruption in livelihoods and service provision to more than 608 households in Unity State.","608 HH (displaced); 4,702 ind (displaced); 80,000 ind (affected)",Mayom; Guit,Eye Radio,https://eyeradio.org/severe-flooding-devastates-mayendit-guit-and-mayom-counties/,title,
Jonglei,Bor South,2020,9,Sep,2020-09-03,Flood,South Sudan: Flooding Snapshot (As of 03 September 2020),"More than 600,000 people have been affected by flooding in areas along the White Nile since July, with Jonglei and Lakes the worst affected states. Heavy rains have caused rivers to overflow their dykes and banks, flooding vast areas and settlements along the White Nile in the centre of the country. The majority of people displaced moved to higher ground near their homes and plan to return once the flood waters recede.",,33000,displaced,county named in same sentence,"In Bor South, over 33,000 people earlier displaced by conflict and flooding in Twic East and Duk counties to the north have moved west into Awerial county, and are now sheltering in Mingkaman town IDP settlement.","600,000 ind (affected); 33,000 ind (displaced)",Awerial,ReliefWeb (UN Office for the Coordination of Humanitarian Affairs),https://reliefweb.int/report/south-sudan/south-sudan-flooding-snapshot-03-september-2020,body,
Jonglei,,2020,8,Aug,2020-08-26,Flood,IGAD Executive Secretary Appeal On The Ongoing Flood Disaster In South Sudan,"South Sudan is still grappling with the response and rehabilitation works for an approximately 980,000 flood-disaster victims from the flood events of 2019. While the country is struggling to respond to the above disasters, flooding has hit many parts of the country compounded by the overflow of the White Nile River and tributaries. About 600,000 people are affected by the current flood disaster and the number might increase due to the expected heavy rainfall in South Sudan...",,600000,affected,wider / not specified,"About 600,000 people are affected by the current flood disaster and the number might increase due to the expected heavy rainfall in South Sudan and upstream neighboring countries.","600,000 ind (affected)",,ReliefWeb (Intergovernmental Authority on Development),https://reliefweb.int/report/south-sudan/igad-executive-secretary-appeal-ongoing-flood-disaster-south-sudan,state only,
Western Equatoria,,2020,8,Aug,2020-08-26,Flood,"Over 80,000 Panyinjiar residents suffer floods","At least 80,000 people affected by floods in Panyinjiar County, Unity State, are in dire need of assistance, an MP has said. Simon Gatluak, who represents the county at the state legislative assembly says the rains have intensified over the past weeks, causing flooding, destruction of infrastructure, houses and livelihoods, and leading to displacement. The legislator says flash floods have devastated the area, forcing over 80,000 residents to live in the open on higher...",,80000,affected,wider / not specified,"At least 80,000 people affected by floods in Panyinjiar County, Unity State, are in dire need of assistance, an MP has said.","80,000 ind (reported); 80,000 ind (affected); 80,000 ind (reported); 80,000 ind (displaced)",,Eye Radio,https://eyeradio.org/over-80000-panyinjiar-residents-suffer-floods/,state only,
Western Equatoria,Ibba,2020,8,Aug,2020-08-22,Heavy rainfall,Torrential rains threaten more areas in Western Equatoria,"The Relief and Rehabilitation Commission in Western Equatoria has warned that devastating floods are likely to affect four more counties in the state if the torrential rain continues. Last months, flash floods destroyed most parts of Ibba County in the state. Several homes, granaries, and crops were uprooted by the heavy rains, forcing residents to seek shelter in the nearby schools and church facilities.",100,425,reported,county named in same sentence,"We distribute the items to just 425 elderly people,” said Francis Juma Boroyo, Deputy Director of Relief and Rehabilitation Commission in Western Equatoria state. | The team provided 100 households affected by the floods in Ibba with shelter and dignity kits for young girls.",100 HH (affected); 425 ind (reported),Yambio,Eye Radio,https://eyeradio.org/torrential-rains-threaten-more-areas-in-western-equatoria/,body,
,,2020,8,Aug,2020-08-19,Flood,"Stop floating, start swimming: Water and climate change – interlinkages and prospects for future action","**Even small changes in climate can have significant impacts on water availability and extreme events, such as droughts and floods.** The water cycle is an essential part of the climate system, and therefore acutely sensitive to climate change and climate variability. Groundwater is particularly affected by droughts, since only precipitation that has not evaporated or drained off reaches deeper layers. **It is imperative to take a closer look at the regional and local...",,,,,,,,ReliefWeb (Deutsche Gesellschaft für Internationale Zusammenarbeit (GIZ) GmbH),https://reliefweb.int/report/world/stop-floating-start-swimming-water-and-climate-change-interlinkages-and-prospects,not found,
Jonglei,Pibor,2020,8,Aug,2020-08-19,Flood,Gov’t plans to assist flood victims,"The government has initiated response coordination to assist the people affected by floods in the country, the Ministry of Humanitarian Affairs and Disaster Management has said. Torrential rains and flash floods have continued to displace thousands of people and destroy several homes across South Sudan. Many families have been affected and dozens of villages have been destroyed by floods in mostly Jonglei, Pibor, Upper Nile, Unity, Western, and Eastern Equatoria states.",,,,,,,,Eye Radio,https://eyeradio.org/govt-plans-to-assist-flood-victims/,body,
Jonglei,Pibor,2020,8,Aug,2020-08-19,Flood,Interview: How the gov’t is responding to assist people affected by floods,"Torrential rains and flash floods have continued to displace thousands of people and destroy several homes across South Sudan. Many families have been affected and dozens of villages have been destroyed by floods in mostly Jonglei, Pibor, Upper Nile, Unity, Western, and Eastern Equatoria states. Eye Radio’s Woja Emmanuel spoke to Gatwech Peter Kulang, the undersecretary of the ministry of humanitarian affairs and disaster management on Tuesday, August 18, 2020, on how the...",,,,,,,,Eye Radio,https://eyeradio.org/interview-how-the-govt-is-responding-to-assist-people-affected-by-floods/,body,
Unity,Panyijiar,2020,8,Aug,2020-08-17,Flood,Kiir urged to declare state of emergency for states affected by floods,"A lawmaker representing Panyijiar constituency in the state assembly in Unity has called on President Salva Kiir to declare a state of emergency for states that are affected by floods. A member of the state assembly in Unity state, Simon Gatluak Pech said the states that are bordering Jonglei are badly affected by the flood. Jonglei, Unity, Lakes, and Upper Nile are the most states affected by the floods.",,,,,,,,Eye Radio,https://eyeradio.org/kiir-urged-to-declare-state-of-emergency-for-states-affected-by-floods/,body,
Jonglei,Bor South,2020,8,Aug,2020-08-15,Flood,UN to support flood-affected residents of Bor,"Advanced plans are underway to help 26,000 people in Bor affected by flooding along the Nile River, the United Nations has said. Aid agencies say the total number of people displaced by flooding in the Jonglei state capital is now around 53,000. Torrential rains and flash floods have continued to displace thousands of people and destroy several homes across South Sudan.",,26000,affected,wider / not specified,"Advanced plans are underway to help 26,000 people in Bor affected by flooding along the Nile River, the United Nations has said.","26,000 ind (affected)",Pibor,Eye Radio,https://eyeradio.org/un-to-support-flood-affected-residents-of-bor/,title,
Eastern Equatoria,Torit,2020,8,Aug,2020-08-12,Flood,Flash floods render families homeless in parts of the country,"Torrential rains and flash floods have continued to displace thousands of people and destroy several homes across South Sudan. Many families have been affected and dozens of villages have been destroyed by floods in mostly Jonglei, Pibor, Upper Nile, Western and Eastern Equatoria states. Officials have raised the alarm of the devastating impact of the persistent rainfall in Bor, Renk, Pibor, Pochalla, Ibba and parts of Kapoeta.",15000,,affected,wider / not specified,"According to a civil society activist, over 15,000 households have been affected in more than 7 areas.","15,000 HH (affected)",Renk; Leer; Pochalla; Pibor; Bor South,Eye Radio,https://eyeradio.org/flash-floods-render-families-homeless-in-parts-of-the-country/,body,
Jonglei,Bor South,2020,8,Aug,2020-08-11,Flood,"South Sudan - Violence, floods, displacement in Jonglei (DG ECHO, OCHA, media) (ECHO Daily Flash of 11 August 2020)","The situation is worsened by the onset of the rainy season, which has led to the displacement of over 5,000 people due to floods in Bor South and Twic East counties in Jonglei.",,5000,displaced,county named in same sentence,"The situation is worsened by the onset of the rainy season, which has led to the displacement of over 5,000 people due to floods in Bor South and Twic East counties in Jonglei.","157,000 ind (displaced); 5,000 ind (displaced)",,ReliefWeb (European Commission's Directorate-General for European Civil Protection and Humanitarian Aid Operations),https://reliefweb.int/report/south-sudan/south-sudan-violence-floods-displacement-jonglei-dg-echo-ocha-media-echo-daily,body,
Jonglei,Bor South,2020,8,Aug,2020-08-11,Flood,Jonglei governor appeals for humanitarian aid to people affected by floods,"Jonglei governor has called for immediate humanitarian intervention to relieve the people suffering from torrential rains and seasonal floods in the state. Denay Chagor who on Monday visited Bor town to see first-hand the extent of the damages caused by the flash floods says people are suffering. Heavy rains have intensified over the past month, causing flooding, destruction of infrastructure, houses and livelihoods, and leading to displacement in multiple locations across...",,150000,reported,wider / not specified,"He believes over 150,000 people are in urgent need of food and shelter.","150,000 ind (reported)",,Eye Radio,https://eyeradio.org/jonglei-governor-appeals-for-humanitarian-aid-to-people-affected-by-floods/,body,
Jonglei,Bor South,2020,8,Aug,2020-08-08,Flood,"UNMISS engineering troops battling flooding in Bor and beyond as 135,000 people are displaced","Engineering troops serving with the UN Mission in South Sudan are engaged in an ongoing battle against flooding caused by broken dykes in Bor, in Jonglei, aggravated by heavy downpours. Swift action by peacekeepers joined by youth of the local Bor community, mobilized by Jonglei’s Secretary General Mabior Atem Mabior, saved the main market and Jonglei’s only hospital from being submerged. In a joint effort, a temporary drainage system was created to lead water from the...",,135000,displaced,county named in same sentence,"Across the state, primarily in Bor South and Twic East, some 135,000 people are believed to be displaced.","135,000 ind (displaced); 135,000 ind (displaced); 100,000 ind (displaced)",Twic East,ReliefWeb (UN Mission in South Sudan),https://reliefweb.int/report/south-sudan/unmiss-engineering-troops-battling-flooding-bor-and-beyond-135000-people-are,title,
Jonglei,Twic East,2020,8,Aug,2020-08-06,Flood,Citizens accuse gov’t of doing nothing about flood victims,South Sudanese have criticized the government for doing nothing to respond to the devastating floods that have hit most parts of the country. Heavy rains have continued to hit most parts of the country for the last one month. An unprecedented overflow of water from the Nile River as a result of persistent rainfall continues to devastate most parts of Jonglei State.,,20000,displaced,county named in same sentence,"Over 20,000 people have been displaced by the flash floods in Bor, Twic East and Duk counties.","20,000 ind (displaced)",Ibba; Duk; Bor South,Eye Radio,https://eyeradio.org/citizens-accuse-govt-of-doing-nothing-about-flood-victims/,body,
Western Equatoria,Ibba,2020,8,Aug,2020-08-05,Flood,Ibba residents witness worst floods in decades,"Torrential rains and floods have destroyed most parts of Ibba County, Western Equatoria State. A religious leader there says homes, granaries, and crops have been damaged by the heavy rains. Heavy rains have continued to hit most parts of the country for the last 48 hours.",,20000,displaced,wider / not specified,"Nearly 20,000 people have been displaced by flash floods in Bor, Twic East and Duk Counties.","20,000 ind (displaced)",,Eye Radio,https://eyeradio.org/ibba-residents-witness-worst-floods-in-decades/,title,
Central Equatoria,,2020,7,Jul,2020-07-28,Flood,Food insecurity to reportedly worsen in weeks,"It revealed that the continuing inter-communal conflict and floods are likely to disrupt livelihoods and drive displacement. On floods, the crisis fact sheet said heavy rains and associated flooding have also continued to displace and destroy thousands of houses in Jonglei and Unity states.",,5400,displaced,state named in same sentence,"A report by the relief actors also notes that armed clashes in Tambura town displaced more than 5,400 people in June, and localized insecurity displaced nearly 1,400 people in Central Equatoria the same month.","60,000 ind (displaced); 5,400 ind (displaced); 1,400 ind (displaced); 1,000 ind (displaced)",,Eye Radio,https://eyeradio.org/food-insecurity-to-reportedly-worsen-in-weeks/,state only,
,,2020,7,Jul,2020-07-20,Flood,South Sudan: Flood risk map (July 2020),,,,,,,,,ReliefWeb (UN Office for the Coordination of Humanitarian Affairs),https://reliefweb.int/map/south-sudan/south-sudan-flood-risk-map-july-2020,not found,
Warrap,Twic,2020,7,Jul,2020-07-05,Flood,"Cattle-related conflicts displace nearly 5,000 in Jonglei state – administrator","The situation, according to the Chief Administrator, has deteriorated due to floods in the area. “People were displaced to high areas and those areas are now flooded. Last month, authorities in Jonglei said nearly 20,000 people were displaced by flash floods in Bor, Twic East, and Duk Counties.",,20000,displaced,county named in same sentence,"Last month, authorities in Jonglei said nearly 20,000 people were displaced by flash floods in Bor, Twic East, and Duk Counties.","5,000 ind (displaced); 10 ind (reported); 5,000 ind (reported); 20,000 ind (displaced)",,Eye Radio,https://eyeradio.org/cattle-related-conflicts-displace-nearly-5000-in-jonglei-state-administrator/,body,
Jonglei,Bor South,2020,6,Jun,2020-06-26,Flood,Bor flood victims receive aid,"More than 500 people recently displaced by flash floods in Bor town have reportedly received food and non-food items from the South Sudan Red Cross. Last week, authorities in Jonglei State said nearly 20,000 people had been displaced by floods in Bor, Twic East, and Duk Counties. Bor town, in particular, is flooded yearly.",500,20000,displaced,state named in same sentence,"Last week, authorities in Jonglei State said nearly 20,000 people had been displaced by floods in Bor, Twic East, and Duk Counties. | “We are responding to only some parts of the population that were displaced by the flooding and the households that we are giving the items are about 500 households,” Michael Mading, head of Red Cross in Bor told Eye Radio on Thursday.","500 ind (displaced); 20,000 ind (displaced); 500 HH (displaced)",Twic East; Duk,Eye Radio,https://eyeradio.org/bor-flood-victims-receive-aid/,title,https://eyeradio.org/floods-displace-nearly-20000-in-jonglei-state/
Jonglei,Bor South,2020,6,Jun,2020-06-20,Flood,"Floods displace nearly 20,000 in Jonglei state","Authorities in Jonglei State say nearly 20,000 people have been displaced by flashfloods in Bor, Twic East, and Duk Counties. According to the Secretary-General of Jonglei state, the estimated 20,000 people were displaced when heavy downpours submerged their houses, leaving them in dire need of humanitarian assistance. Mabior Atem warns of more floods following heavy rains and the rising water levels of the Nile River.",,20000,displaced,state named in same sentence,"Authorities in Jonglei State say nearly 20,000 people have been displaced by flashfloods in Bor, Twic East, and Duk Counties.","20,000 ind (displaced); 20,000 ind (displaced)",Duk; Twic East,Eye Radio,https://eyeradio.org/floods-displace-nearly-20000-in-jonglei-state/,body,
Central Equatoria,Juba,2020,6,Jun,2020-06-12,Flood,"Jonderu residents appeal to gov’t, well-wishers to fix their bridge","Heavy rains have destroyed the bridge which connects the area to the rest of Juba. “We the women are facing a lot of challenges because whenever it rains and your husband is not at home it is a problem. “Whenever there is an emergency or the police want to come to the area for rescue and finds that, the river is overflow, there is nothing they can do to help,” said the unnamed resident.",,,,,,,,Eye Radio,https://eyeradio.org/jonderu-residents-appeal-to-govt-well-wishers-to-fix-their-bridge/,body,
,,2020,6,Jun,2020-06-07,Flood,Experts blame extreme weather for E. Africa’s food woes,"The IGAD report released on Wednesday shows that heavy rainfall across East Africa from April has caused severe flooding and landslides. It warned that the ongoing floods will worsen the situation especially at a time when the region is facing multiple crises including desert locust invasion, Covid-19 pandemic, economic retardations, and insecurity. “By mid-May, many weather stations had recorded their highest amounts of rainfall in over 40 years, and flooding areas were...",,1300000,affected,wider / not specified,"According to the UN-Office for the Coordination of Humanitarian Affairs, floods have affected over 1.3 million people across the East Africa region between March and mid-May 2020.","13,200,000 ind (in need); 1,300,000 ind (affected)",,Eye Radio,https://eyeradio.org/experts-blame-extreme-weather-for-e-africas-food-woes/,not found,
Lakes,Rumbek Centre,2020,6,Jun,2020-06-04,Flood,"Lawyers threaten to sue roads ministry, Shangdong for shoddy work","This comes after reports showed that parts of the road were damaged and washed away by heavy rains due to poor construction. Last month, the Shandong Hi-speed attributed the damages to an “unexpected” flood which exceeded the hydrological data collected during the survey. But, the damage happened in two locations, including one submerged section – about a kilometer away from the military headquarters, which reportedly caused flooding in the adjacent residential area.",,,,,,,,Eye Radio,https://eyeradio.org/lawyers-threaten-to-sue-roads-ministry-shangdong-for-shoddy-work/,body,
Jonglei,Bor South,2020,6,Jun,2020-06-02,Flood,Flooding renders thousands homeless in Bor,"Flash floods in Bor town have submerged nearly 2,000 households in Jonglei State, a civil society group there has said. On Sunday night alone, heavy downpour and floods left more than 8,000 people homeless, says Jonglei Civil Society Network – which carried out an assessment of the area on Monday. “The situation in Bor here is very bad, people are displaced from their houses by the flooding,” said David Garang, chairperson.",2000,8000,displaced,state named in same sentence,"On Sunday night alone, heavy downpour and floods left more than 8,000 people homeless, says Jonglei Civil Society Network – which carried out an assessment of the area on Monday. | Flash floods in Bor town have submerged nearly 2,000 households in Jonglei State, a civil society group there has said.","2,000 HH (reported); 8,000 ind (displaced)",,Eye Radio,https://eyeradio.org/flooding-renders-thousands-homeless-in-bor/,title,
Jonglei,Bor South,2020,5,May,2020-05-26,Flood,Bor residents told to prepare for flash floods,"Officials in Jonglei state’s capital, Bor, are encouraging residents to dig water passages in preparations of flash floods that are expected to hit the town in the coming days. The state has warned of potential floods following heavy rains and news of the overflow of the Nile River and Lake Victoria in Uganda. Last year, Jonglei state was among areas hit hard by flash floods following heavy rains.",,,,,,,,Eye Radio,https://eyeradio.org/bor-residents-told-to-prepare-for-flash-floods/,title,
Central Equatoria,Juba,2020,5,May,2020-05-25,Flood,Shandong Hi-speed to ‘redesign’ Juba – Rumbek road,"The Shandong Hi-speed has attributed the recent damages on the Juba-Rumbek highway to “unexpected” flood which exceeded the hydrological data collected during the survey. But on Friday heavy rains and floods washed away tarmac on parts of the newly constructed road. The damage happened on two locations including one overflowing section located a kilometre away from the military headquarters, Bilpam.",,,,,,,Rumbek Centre; Wau,Eye Radio,https://eyeradio.org/shandong-hi-speed-to-redesign-juba-rumbek-road/,title,
,,2020,5,May,2020-05-20,Flood,East Africa Flood Scenarios 2020,"• Sustained, extreme rains have resulted in floods and landslides across Kenya and Uganda since mid 2019 to now and additional flooding in SE Ethiopia and Somalia both during the Short Rains of late 2019 and the current Long Rains season. In South Sudan, huge increases in wetland extent led to localised famine events while flooding of dry season pastures led to massive inter-communal fighting that is still on-going. In Uganda, Lake Victoria hit record height levels leading...",,,,,,,,ReliefWeb (World Food Programme),https://reliefweb.int/report/south-sudan/east-africa-flood-scenarios-2020,not found,
,,2020,5,May,2020-05-20,Flood,Migration is a safety net during climate change disasters,"Climate threats are currently high across much of Africa, with floods, droughts and the biggest locust outbreak in generations. After years of drought, this has led to exceptionally heavy rains in the countries near this ocean, namely Djibouti, Ethiopia, Kenya, Uganda, Tanzania, Somalia and South Sudan. These rains are ideal breeding conditions for desert locusts.",,25000000,affected,wider / not specified,Almost 25 million people in the affected area already face severe food [insecurity](https://www.unocha.org/east-africa-locust-infestation).,"35,000 ind (reported); 25,000,000 ind (affected); 18,000,000 ind (affected); 24,900,000 ind (displaced); 19 ind (reported)",,ReliefWeb (Institute for Security Studies),https://reliefweb.int/report/world/migration-safety-net-during-climate-change-disasters,not found,
,,2020,5,May,2020-05-19,Flood,"Special Report: East Africa 2020 flood impacts on agriculture (Updated May 19th, 2020)","• The March to May (MAM) rainfall period was one of the wettest the region has seen since 1981 (Figure 1), following an already record wet 2019 October to December (OND) rainfall period. • The early onset of rains and above-average rainfall since February promoted land preparation and planting activities for the MAM season across Somalia, Kenya, Tanzania, Uganda, Rwanda, and Burundi, along with the Belg season in Ethiopia. • However, the abundant rains have also caused...",,,,,,,,ReliefWeb (GEOGLAM Crop Monitor),https://reliefweb.int/report/somalia/special-report-east-africa-2020-flood-impacts-agriculture-updated-may-19th-2020,not found,
Upper Nile,,2020,3,Mar,2020-03-02,Flood,Egypt delivers humanitarian aid for flood-affected areas,"The government has received humanitarian aid from Egypt to support victims of last year’s floods, the Chairperson of the Relief and In October last year, thousands of families in Upper Nile, Bahr el Ghazal and Equatoria were forced to seek shelter on higher grounds because of the persistent rainfall and flash floods. The donation worth 14.2 metric tons of nonfood items is meant to be distributed to the flood-affected areas.",,,,,,,,Eye Radio,https://eyeradio.org/egypt-delivers-humanitarian-aid-for-flood-affected-areas/,state only,
,,2020,2,Feb,2020-02-28,Flood,South Sudan Pooled fund complementarities in the 2019 flood response,"Abnormally heavy seasonal flooding devastated large parts of South Sudan in the second half of 2019 and affected some 900,000 people in areas that were already facing high humanitarian needs. In response, the OCHA-managed Central Emergency Response Fund (CERF) and the South Sudan Humanitarian Fund (SSHF) allocated a total of US$24.8 million to humanitarian partners to deliver life-saving assistance to 570,000 flood-affected people.",,900000,affected,wider / not specified,"Abnormally heavy seasonal flooding devastated large parts of South Sudan in the second half of 2019 and affected some 900,000 people in areas that were already facing high humanitarian needs.","900,000 ind (affected)",,ReliefWeb (UN Office for the Coordination of Humanitarian Affairs),https://reliefweb.int/report/south-sudan/south-sudan-pooled-fund-complementarities-2019-flood-response,not found,
Upper Nile,,2020,2,Feb,2020-02-18,Flood,"South Sudan: Seasonal Flooding Update #6, As of 18 February 2020","Humanitarians have continued response activities in the flood-affected areas, providing the affected people with emergency assistance. In addition, about 1,000 metric tons of emergency flood response aid—emergency shelter and non-food items (NFI), and water, sanitation and hygiene (WASH), health, protection and nutrition support—have been transported to prioritized flood-affected locations since November 2019. Response achievements include over 60,000 flood-affected...",13000,975000,reported,state named in same sentence,"By mid-February 2020, more than 975,000 people have been assisted with over 19,600 metric tons of emergency food supplies and US$4.8 million in cash assistance. | In Maban, Upper Nile, more than 25,000 refugee households and nearly 13,000 families from host-communities have received NFIs and 210 emergency shared latrines.","975,000 ind (reported); 59,000 HH (affected); 41,000 HH (affected); 13,000 HH (reported)",,ReliefWeb (UN Office for the Coordination of Humanitarian Affairs),https://reliefweb.int/report/south-sudan/south-sudan-seasonal-flooding-update-6-18-february-2020,state only,
Jonglei,,2020,1,Jan,2020-01-31,Flood,"South Sudan: Jonglei State, County Profile - Flooding Response (January 2020)",,,,,,,,,ReliefWeb (REACH Initiative),https://reliefweb.int/report/south-sudan/south-sudan-jonglei-state-county-profile-flooding-response-january-2020,state only,
,,2020,1,Jan,2020-01-31,Flood,"Uganda Key Message Update: Areas affected by flooding and landslides face deteriorating food security as food prices rise, January 2020","- Heavy rainfall since late October has led to flooding and landslides that have destroyed homes, damaged infrastructure, and disrupted livelihoods in many eastern and western areas including Bulambuli, Bududa, Sironko, Manafwa, Soroti, Bukedea, Butaleja, Katakwi, Kumi, Ntoroko, and Bundibugyo districts. - Atypically heavy rainfall since December has eased as of mid-January throughout most of the country. In bimodal areas, above-average rainfall has generally benefited...",,,,,,,,ReliefWeb (Famine Early Warning System Network),https://reliefweb.int/report/uganda/uganda-key-message-update-areas-affected-flooding-and-landslides-face-deteriorating,not found,
,,2020,1,Jan,2020-01-24,Flood,The Humanitarian Emergency Flood Relief Materials from the Chinese government to South Sudan Shipped,"Recently, several regions of South Sudan were stricken by serious flood, which caused great damages to construction and property, and some people became homeless. To help the government of South Sudan battle against the humanitarian crisis caused by the flood, the Chinese government urgently provided a batch of food aid to the government of South Sudan. The materials, when they arrive, will provide effective assistance to the government of South Sudan in rescuing the...",,,,,,,,ReliefWeb (Government of the People's Republic of China),https://reliefweb.int/report/south-sudan/humanitarian-emergency-flood-relief-materials-chinese-government-south-sudan,not found,
,,2020,1,Jan,2020-01-10,Flood,"South Sudan: Seasonal Flooding Update #5, As of 10 January 2020","Response activities have been further scaled-up across the affected locations where floods devastated the lives and livelihoods of some 908,000 people. Some 30,000 households had been assisted with the Emergency Flood Rapid Response Kits. Overall, more than 683 metric tons of emergency flood response aid—food, health, nutrition, shelter, protection and WASH support—were transported to prioritized flood-affected locations in November and December 2019.",30000,908000,affected,wider / not specified,"Response activities have been further scaled-up across the affected locations where floods devastated the lives and livelihoods of some 908,000 people. | Some 30,000 households had been assisted with the Emergency Flood Rapid Response Kits.","908,000 ind (affected); 789,000 ind (reported); 30,000 HH (reported); 29,800 HH (reported)",,ReliefWeb (UN Office for the Coordination of Humanitarian Affairs),https://reliefweb.int/report/south-sudan/south-sudan-seasonal-flooding-update-5-10-january-2020,not found,
,,2019,12,Dec,2019-12-31,Flood,South Sudan WASH Cluster Phased Flooding Response (Phase One) – 31st December 2019,"Additional documentation, including the WASH minimum package and technical guidance and assessment checklist for the WASH Cluster’s Phased Response to flooding can be found [here](https://drive.google.com/drive/folders/1RLv-uuAWkawmf-S597a4ziueaZS4zE2L).",,,,,,,,ReliefWeb (UN Children's Fund),https://reliefweb.int/report/south-sudan/south-sudan-wash-cluster-phased-flooding-response-phase-one-31st-december-2019,not found,
Jonglei,Pibor,2019,12,Dec,2019-12-31,Flood,"Pibor County Flood Assessment Brief - Pibor County, Jonglei State, South Sudan, December 2019","A national flooding emergency was declared by the Government of South Sudan in October 2019, with six counties in Jonglei state being severely affected and Pibor county was one of the heaviest affected according to the Office for the Coordination of Humanitarian Affairs (OCHA) . The flooding had initially cut off access to humanitarian services for much of the population, and continues to present operational challenges for partners to deliver aid to affected populations....",,154000,in need,wider / not specified,"These shocks have contributed to the poor food security and nutrition situation observed prior to the October flooding, with 154,000 people estimated (65% of the population) in IPC Phase 3 ‘Crisis’ or worse for food insecurity in August 2019 , and the most recent nutrition surveys reporting GAM prevalences well above World Health Organisation (WHO) recommended emergency thresholds.","154,000 ind (in need)",,ReliefWeb (REACH Initiative),https://reliefweb.int/report/south-sudan/pibor-county-flood-assessment-brief-pibor-county-jonglei-state-south-sudan,title,
Jonglei,,2019,12,Dec,2019-12-31,Flood,"Shelter NFI Cluster South Sudan: Flood Response Snapshot, December 2019","The Shelter and Non-Food Items (S/NFI) Cluster has scaled up its operations responding to the needs of the population affected by floods that devastated the lives of some of 908,000 individuals in several locations in South Sudan mainly in Greater Upper Nile Area. The S/NFI cluster provides flood emergency kits containing essentials non-food items that include: one blanket, two plastic sheets, one bundle of rubber rope, and two mosquito nets. The S/NFI Cluster continues to...",35824,214944,affected,state named in same sentence,"The S/NFI Cluster continues to respond to flood affected population with emergency reponse kits covering 18 locations (Pibor Town, Gumuruk, Lekuangole, Doma, Yomding, Kewer, Ulang Town, Mayom, Mankien, Pieri, Pathai, Yuai, Motot, Kangor, Lith, Pakeer, Ajuong, and Duk Padiet) in three states (Jonglei, Upper Nile, and Unity), reaching a total of 35,824 households (214,944 individuals) since October 2019.","908,000 ind (affected); 35,824 HH (affected); 214,944 ind (affected)",,ReliefWeb (International Organization for Migration),https://reliefweb.int/report/south-sudan/shelter-nfi-cluster-south-sudan-flood-response-snapshot-december-2019,state only,
,,2019,12,Dec,2019-12-23,Flood,Inescapable Effects of Climate Change Jeopardize Livelihoods Across East Africa,"Africa felt the effects of those changes in 2019, experiencing cyclones, droughts and unstoppable rains that jeopardized livelihoods. He said the heavy rains that have rocked different parts of Eastern Africa cause the crops to fail. It all went bad because of these heavy rains,"" said Kemboi.",,,,,,,,ReliefWeb (Voice of America),https://reliefweb.int/report/kenya/inescapable-effects-climate-change-jeopardize-livelihoods-across-east-africa,not found,
,,2019,12,Dec,2019-12-14,Flood,Italy donates €1 million for flood victims in South Sudan,"December 14, 2019 (ADDIS ABABA) - The Italian Foreign Affairs ministry has donated €1 million to support humanitarian activities in response to the severe floods that affected parts of South Sudan. “The other half will be channelled through the United Nations High Commissioner for Refugees (UNHCR), in the framework of the urgent Appeal “South Sudan Emergency Floods Response”, and will be aimed at providing emergency shelter, water, sanitation and Hygiene (WASH) assistance as...",,908000,affected,wider / not specified,"According to United Nations Office for the Coordination of Humanitarian Affairs (UNOCHA), more than 908,000 people have been affected by heavy rainfall and subsequent flooding, of whom 620,000 needed humanitarian assistance.","908,000 ind (affected)",,ReliefWeb (Sudan Tribune),https://reliefweb.int/report/south-sudan/italy-donates-1-million-flood-victims-south-sudan,not found,
,,2019,12,Dec,2019-12-12,Flood,"South Sudan hunger deepens due to drought, floods and uncertain political future","Catastrophic flooding over recent months is pushing the country and its people towards a precipice as the year ends amid intense political instability. The number of people in need is likely to increase because of the catastrophic level of destruction caused by floods since October following a drought that hammered parts of the country earlier in the year. “We know the problems that we’ve been having in South Sudan, but the rains and the floods have led to a national...",,1000000,affected,wider / not specified,"Close to 1 million people have been directly affected by flooding that destroyed 73,000 metric tons of potential harvests and wiped out tens of thousands of cattle and goats on which people depend for survival.","1,000,000 ind (affected)",,ReliefWeb (World Food Programme),https://reliefweb.int/report/south-sudan/south-sudan-hunger-deepens-due-drought-floods-and-uncertain-political-future,not found,
Jonglei,Uror,2019,12,Dec,2019-12-12,Flood,Hunger deepening in South Sudan as floods follow drought and unresolved conflict,"“We lost what we planted to the drought,” says Nyabany Mun Roah, as she prepares a meal outside the simple thatched hut that doubles as a living room and bedroom in Karam, Uror County. But experts warn that flooding in parts of the country since July means that the number of people in need is likely to increase in the coming months. Parts of the country were hit by severe drought in early 2019.",,1000000,affected,wider / not specified,"This was followed by widespread flooding since July that has affected close to 1 million people and destroyed over 73,000 metric tons of cereals, which were ready for harvest.","1,000,000 ind (affected); 4,600,000 ind (reported); 1,000,000 ind (reported)",,ReliefWeb (World Food Programme),https://reliefweb.int/report/south-sudan/hunger-deepening-south-sudan-floods-follow-drought-and-unresolved-conflict,body,
Eastern Equatoria,,2019,12,Dec,2019-12-12,Flood,ACT Alliance Appeal: Response to Flooding Crisis in South Sudan (SSD191),"The South Sudan States of Upper Nile, Jonglei, Unity, Northern Bahr el Gazal and Eastern Equatoria have been seriously affected by flooding, caused by heavy continuous rains. The floods have affected over 900’000 people with estimated 420’000 people displaced and in need of immediate emergency assistance. Infrastructure damage has also been caused by the floods, and livelihoods (crops and livestock) have been swept away/destroyed.",,,,,,,,ReliefWeb (ACT Alliance),https://reliefweb.int/report/south-sudan/act-alliance-appeal-response-flooding-crisis-south-sudan-ssd191,state only,
Unity,Mayom,2019,12,Dec,2019-12-11,Flood,WHO takes health care services directly to South Sudan’s flood-affected communities in Mayom County,"“The recent flooding has made access to healthcare difficult from our village to Mankien town as we have been cut off because of the devastating floods”, said Mrs Angelina Nyapiny Ter, a 68-year-old woman from Pibor village. **Devastating floods leave nearly a million people in humanitarian crisis** “Relentless rain and flooding in many parts of South Sudan has left nearly one million people facing a humanitarian crisis”, said Dr Otim Patrick C.",8233,50621,displaced,wider / not specified,Although the actual number of people displaced by the flood is not known an estimated 8 233 households and 50 621 individuals were displaced due to floods.,"8,233 HH (displaced); 50,621 ind (displaced); 1,000 ind (reported)",Pibor,ReliefWeb (World Health Organization),https://reliefweb.int/report/south-sudan/who-takes-health-care-services-directly-south-sudan-s-flood-affected-communities,title,
,,2019,12,Dec,2019-12-11,Flood,"Comment by Andrew Harper, UNHCR’s newly appointed Special Advisor on Climate Action, who is attending this year’s UN Climate Change Conference, known as COP 25, in Madrid","In the first half of this year alone, and [according to data](https://reliefweb.int/node/3121423/) from the Internal Displacement Monitoring Centre, storms, floods and other disasters led to several million new displacements - some of these being people displaced more than once. In Somalia, a country highly vulnerable to climate change, more than 746,000 people have been displaced within the country since the beginning of the year as a result of intensified drought, floods...",,746000,displaced,wider / not specified,"In Somalia, a country highly vulnerable to climate change, more than 746,000 people have been displaced within the country since the beginning of the year as a result of intensified drought, floods and conflict.","746,000 ind (displaced)",,ReliefWeb (UN High Commissioner for Refugees),https://reliefweb.int/report/world/comment-andrew-harper-unhcr-s-newly-appointed-special-advisor-climate-action-who,not found,
Jonglei,,2019,12,Dec,2019-12-11,Flood,IOM South Sudan: Core Pipeline Flood Response - November 2019,"Due to the abnormally heavy rainfall since July 2019, seven states across South Sudan has been experiencing severe flooding that has affected approximately 908,000 people, of whom at least 420,000 are in need of immediate humanitarian assistance . The scale and magnitude of the flooding prompted the Government to declare the State of Emergency, in Greater Upper Nile and Jonglei. Humanitarian actors have conducted interagency needs assessments of flood-affected areas,...",,908000,affected,wider / not specified,"Due to the abnormally heavy rainfall since July 2019, seven states across South Sudan has been experiencing severe flooding that has affected approximately 908,000 people, of whom at least 420,000 are in need of immediate humanitarian assistance .","908,000 ind (affected)",,ReliefWeb (International Organization for Migration),https://reliefweb.int/report/south-sudan/iom-south-sudan-core-pipeline-flood-response-november-2019,state only,
,,2019,12,Dec,2019-12-09,Flood,Children Risk Early Marriage: Climate Change One of the Factors,"In Zimbabwe for example, extreme drought is one of the most common phenomena inflicted by climate change; “drought left Emmanuel struggling to feed his family. Similarly, in Kenya, a dramatic rise in child marriage is seen due to severe droughts, diminishing the number of cattle at an alarming rate and child marriage is enforced in exchange of goats. In South Asian countries, families who face financial difficulties from the likelihood of natural disasters like floods,...",,,,,,,,ReliefWeb (Inter Press Service),https://reliefweb.int/report/world/children-risk-early-marriage-climate-change-one-factors,not found,
Unity,,2019,12,Dec,2019-12-06,Flood,Heavy flooding causes extreme destruction and ongoing displacement in South Sudan,Juba – Nearly one million people have been drastically affected by flash floods following unprecedented rainfall in South Sudan. Thousands have been displaced from their homes and seen their livelihoods destroyed; many towns are completely submerged. “The level of destruction caused by the floods is unfathomable.,3000,140000,reported,state named in same sentence,"Through the Rapid Response Fund, an additional 140,000 people have received water treatment and emergency items, as well as emergency mobile health services, from local organizations supported by IOM. | In Unity region’s Mankien and Bentiu towns, IOM Shelter and Non-Food Item (S/NFI) teams distributed emergency items – such blankets, mosquito nets and plastic sheeting for temporary shelters – to 3,000 households.","3,000 HH (reported); 3,000 HH (reported); 6,000 HH (reported); 140,000 ind (reported)",,ReliefWeb (International Organization for Migration),https://reliefweb.int/report/south-sudan/heavy-flooding-causes-extreme-destruction-and-ongoing-displacement-south-sudan,state only,
,,2019,12,Dec,2019-12-06,Flood,EAC states soon to be forced to intervene in flooding situations,"Rain-triggered disasters, including flash floods and landslides, have killed at least 250 people and affected some three million people across East Africa in recent weeks, with about half of the deaths occurring in Kenya. A member of parliament representing South Sudan at the East African Legislative Assembly says the legislators have passed an intervention bill that requires the regional countries to respond to the flooding that is expected to worsen in few days. The...",,1000000,affected,wider / not specified,"However, his administration has not done anything to save the lives of nearly 1 million people affected by the flooding.","250 ind (affected); 1,000,000 ind (affected)",,Eye Radio,https://eyeradio.org/eac-states-soon-to-be-forced-to-intervene-in-flooding-situations/,not found,
Upper Nile,Maban,2019,12,Dec,2019-12-05,Flood,"UNHCR Situation Update - Flooding in Maban, 05 December 2019",**FLOOD IMPACT**,,,,,,,,ReliefWeb (UN High Commissioner for Refugees),https://reliefweb.int/report/south-sudan/unhcr-situation-update-flooding-maban-05-december-2019,title,
,,2019,12,Dec,2019-12-04,Flood,Eastern Africa Region: Regional Flood Snapshot (November 2019),"Over 2.8 million people have now been affected, and more than 280 have reportedly died, due to unusually heavy rainfall and flooding in Eastern Africa. In Kenya, the annual short rains—which ordinarily last from October to December—have been exceptionally heavy and affected more than 160,000 people in 31 of the country’s 47 counties. In Djibouti, the equivalent of two years’ rainfall fell in one day, causing flash floods that have affected up to 250,000 people, including 9...",,2800000,affected,wider / not specified,"Over 2.8 million people have now been affected, and more than 280 have reportedly died, due to unusually heavy rainfall and flooding in Eastern Africa.","2,800,000 ind (affected); 160,000 ind (affected); 132 ind (reported); 250,000 ind (affected); 9 ind (affected); 547,000 ind (displaced); 908,000 ind (affected); 420,000 ind (affected)",,ReliefWeb (UN Office for the Coordination of Humanitarian Affairs),https://reliefweb.int/report/south-sudan/eastern-africa-region-regional-flood-snapshot-november-2019,not found,
,,2019,12,Dec,2019-12-03,Flood,China provides emergency assistance to flood-hit South Sudanese,"dollars in cash and food aid worth 1.5 million dollars as part of emergency humanitarian support to the flood-affected people of South Sudan. The donation is part of Beijing's support to South Sudanese who have been affected by severe floods in various parts of the country, a statement issued by the Chinese embassy in South Sudan said Tuesday. She noted that with the strong support and assistance from the international community, including China, the flood-affected people in...",,,,,,,,ReliefWeb (Xinhua),https://reliefweb.int/report/south-sudan/china-provides-emergency-assistance-flood-hit-south-sudanese,not found,
Jonglei,Akobo,2019,12,Dec,2019-12-02,Flood,Heavy flooding devastates already poverty-stricken community in Akobo,"But heavier than expected rains have created yet another setback for the families who had taken the risk of returning. Devastating floods have submerged or destroyed their tukuls (huts), displacing families yet again. “When we were displaced by the flooding, we felt sad because we had to leave everything behind,” says Akobo returnee Nadak Pal.",,,,,,,,ReliefWeb (UN Mission in South Sudan),https://reliefweb.int/report/south-sudan/heavy-flooding-devastates-already-poverty-stricken-community-akobo,title,
Jonglei,,2019,11,Nov,2019-11-29,Flood,"South Sudan: Seasonal Flooding Update #4, As of 29 November 2019","Response activities have been scaled-up across the affected locations where floods devastated the lives and livelihoods of some 908,000 people. Some 9,000 households have been assisted with the Emergency Flood Rapid Response Kits (EFRRK), while distribution is underway for another 12,000 families.",65000,908000,affected,state named in same sentence,"Response activities have been scaled-up across the affected locations where floods devastated the lives and livelihoods of some 908,000 people. | About 11,000 households in Ayod and Akobo counties have received agricultural inputs, vegetable seeds and fishing kits, while more distributions are proceeding in the affected-counties in Upper Nile, Jonglei, Unity and Abyei, targeting another 65,000 families.","908,000 ind (affected); 704,000 ind (reported); 11,000 HH (affected); 65,000 HH (affected); 2,500 HH (reported); 9,000 HH (reported); 12,000 HH (reported); 23,000 HH (reported)",,ReliefWeb (UN Office for the Coordination of Humanitarian Affairs),https://reliefweb.int/report/south-sudan/south-sudan-seasonal-flooding-update-4-29-november-2019,state only,
,,2019,11,Nov,2019-11-28,Flood,"100,000 flood victims in South Sudan assisted by UNICEF","**JUBA, South Sudan** – More than 100,000 flood victims in South Sudan have received lifesaving help from UNICEF since the crisis started in October 2019, the UN Children’s Fund said today. Over 900,000 people, including 490,000 children, have been affected by unprecedented rainfall causing flooding in 78 counties - mainly in the eastern part of the country. Ensuring access to clean water has been one of UNICEF’s main priorities, as many water points have been contaminated...",,900000,affected,wider / not specified,"Over 900,000 people, including 490,000 children, have been affected by unprecedented rainfall causing flooding in 78 counties - mainly in the eastern part of the country.","900,000 ind (affected); 490,000 ind (affected); 31,000 ind (reported); 7,000 ind (reported); 100,000 ind (reported); 60,000 ind (reported); 18,000 ind (reported); 7,021 ind (reported)",,ReliefWeb (UN Children's Fund),https://reliefweb.int/report/south-sudan/100000-flood-victims-south-sudan-assisted-unicef,not found,
Jonglei,Pibor,2019,11,Nov,2019-11-28,Flood,"South Sudan Key Message Update: Significant, flood-induced crop losses in 2019 likely to drive high assistance needs in 2020, November 2019","Emergency (IPC Phase 4) is present in Ulang, Maiwut, and Maban of Upper Nile and Duk of Jonglei, driven by flood-induced crop losses and disruptions to food assistance delivery and market functioning. As flood waters recede, households in flood-affected areas are likely to benefit from enhanced fish and wild food availability and to regain access to food assistance; however, they are expected to face large cereal deficits and an early start to the 2020 lean season. However,...",,1000000,affected,county named in same sentence,"- As previously reported, the June to September main rainfall season culminated in severe flooding that affected nearly [1 million people](https://reliefweb.int/node/3365093/), more than a third of whom are located in Maban of Upper Nile and along the river Pibor in Pibor of Jonglei.","1,000,000 ind (affected); 3,000,000 ind (in need)",Juba; Maiwut; Maban; Wau; Ulang; Duk,ReliefWeb (Famine Early Warning System Network),https://reliefweb.int/report/south-sudan/south-sudan-key-message-update-significant-flood-induced-crop-losses-2019-likely,body,
Western Bahr el Ghazal,Wau,2019,11,Nov,2019-11-26,Flood,Bahr el Ghazal-bound food trucks stranded in Yirol,"Eastern Lakes State Minister of Local Government explained that that due to the floods, the trucks cannot pass the roads there. Since July, severe flooding across the country has affected an estimated 900,000 people. Following the floods, President Salva Kiir last month declared the State of Emergency in 27 areas to coordinate responses to the flood victims.",,900000,affected,wider / not specified,"Since July, severe flooding across the country has affected an estimated 900,000 people.","900,000 ind (affected); 3,000,000 ind (reported); 7,000,000 ind (reported)",,Eye Radio,https://eyeradio.org/bahr-el-ghazal-bound-food-trucks-stranded-in-yirol/,body,
Upper Nile,,2019,11,Nov,2019-11-17,Flood,Tonj State official appeals for assistance for flood victims,"November 17, 2019 (TONJ) - The commissioner of Man-lor County in South Sudan’s Tonj State has appealed for assistance for people displaced by floods in the area. Paul Mangong was quoted saying all the five payams in the county are heavy flooded by rains that started in August. Cases of deaths from water borne disease, he said, have also been reported among the flood-affected population.",3000,908000,affected,wider / not specified,"According to United Nations Office for the Coordination of Humanitarian Affairs (UNOCHA), more than 908,000 people have been affected by heavy rainfall and subsequent flooding, of whom 620,000 people need immediate humanitarian aid. | Over 3,000 households have been displaced, the official said, amidst appeals for the state government and aid agencies to urgently help provide food, water and shelter.","3,000 HH (displaced); 908,000 ind (affected); 620,000 ind (affected)",,ReliefWeb (Sudan Tribune),https://reliefweb.int/report/south-sudan/tonj-state-official-appeals-assistance-flood-victims,state only,
Eastern Equatoria,,2019,11,Nov,2019-11-15,Flood,"South Sudan: More than 200,000 children forced to flee their homes following flooding","Hundreds of thousands of children and their families – many of whom were already facing extreme malnutrition - have been displaced by heavy rainfall and are now living in temporary, makeshift settlements across South Sudan. Save the Children is deeply concerned for the health of more than 420,000 people, including at least 200,000 children, who have been forced to flee their homes in the extraordinary and heavy rains and flooding that have battered the country since they...",2400,900000,displaced,wider / not specified,"In total an estimated over 900,000 people - or 7% of the population of South Sudan - have been affected by the floods, which includes those displaced, those who have lost farmland and those who are cut off by floodwaters[2]. | Save the Children is working with the Government and local partners to target 2,400 households in need of distributions of essential items like emergency shelters and hygiene kits.","200,000 ind (displaced); 420,000 ind (displaced); 200,000 ind (displaced); 900,000 ind (displaced); 60 ind (affected); 2,400 HH (in need)",,ReliefWeb (Save the Children),https://reliefweb.int/report/south-sudan/south-sudan-more-200000-children-forced-flee-their-homes-following-flooding,state only,
Jonglei,,2019,11,Nov,2019-11-15,Flood,US provides $92.5m to help flood victims,The US embassy says these include nearly one million people affected by severe flooding in recent months. Similar articles: Kiir declares flash floods national disaster Nearly 1 million affected by floods – OCHA,,1300000,reported,wider / not specified,"The United States is the single largest donor of humanitarian assistance to South Sudan, reaching more than 1.3 million people in South Sudan with life-saving humanitarian assistance every month.","1,300,000 ind (reported)",,Eye Radio,https://eyeradio.org/us-provides-92-5m-to-help-flood-victims/,state only,
Upper Nile,Maban,2019,11,Nov,2019-11-09,Flood,South Sudan: Logistics Cluster Activities for Flooding Response (November 2019),"The South Sudan 2019 rainy season, predicted to last until late November, began late and has seen much heavier rainfalls than average. This, combined with intense rains in the Ethiopian highlands which have washed into South Sudan, has led to flooding across much of the country, affecting up to 900,000 people. The Logistics Cluster has been requested to support inter-cluster missions to flood-affected areas by transporting multi-sectoral flood survival kit cargo...",,900000,affected,wider / not specified,"This, combined with intense rains in the Ethiopian highlands which have washed into South Sudan, has led to flooding across much of the country, affecting up to 900,000 people.","900,000 ind (affected)",Bor South,ReliefWeb (Logistics Cluster),https://reliefweb.int/report/south-sudan/south-sudan-logistics-cluster-activities-flooding-response-november-2019,body,
,,2019,11,Nov,2019-11-08,Flood,WHO aids flood-hit populations across Africa and the Eastern Mediterranean Region,"The impact of successive storms, cyclones and heavy rains has been severe in 2019, and in the wake of heavy flooding, WHO is upping disease surveillance actions and providing critical supplies to hard-hit populations across Africa and the Eastern Mediterranean Region. Flood-hit populations face increased risk of illness or death from water-borne diseases and other diseases that spread easily in overcrowded, temporary shelters. Almost 1 million people have been affected in...",,1000000,affected,wider / not specified,"Almost 1 million people have been affected in South Sudan, where 60% of flood-hit areas already faced extreme levels of malnutrition.","1,000,000 ind (affected); 300,000 ind (displaced); 2,200 ind (reported); 23,000 ind (displaced)",,ReliefWeb (World Health Organization),https://reliefweb.int/report/south-sudan/who-aids-flood-hit-populations-across-africa-and-eastern-mediterranean-region,not found,
,,2019,11,Nov,2019-11-08,Flood,Germany supports humanitarian activities and flood response in South Sudan,"JUBA - The United Nations World Food Programme (WFP) has received a €10 million (US$10.9 million) contribution from Germany to support life-saving humanitarian and recovery activities as well as the current response to widespread flooding in South Sudan. The country is still reeling from the effects of a severe drought episode – with 4.5 million people in need of food assistance between now and the end of the year. In addition, South Sudan is currently hit by the worst...",,5000000,reported,wider / not specified,"Since January, WFP has so far reached 4.3 million people and plans to reach 5 million people by the end of the year.","4,500,000 ind (in need); 2,000,000 ind (reported); 4,300,000 ind (reported); 5,000,000 ind (reported)",,ReliefWeb (World Food Programme),https://reliefweb.int/report/south-sudan/germany-supports-humanitarian-activities-and-flood-response-south-sudan,not found,
,,2019,11,Nov,2019-11-08,Flood,South Sudan: CERF allocates up to $15 million for flooding response,"The Under-Secretary-General for Humanitarian Affairs and Emergency Relief Coordinator, Mark Lowcock, will allocate up to US$15 million from the UN [Central Emergency Response Fund (CERF)](https://cerf.un.org/) to urgently scale up the response to the floods in South Sudan. Read more on [United Nations OCHA](https://www.unocha.org/story/south-sudan-cerf-allocates-15-million-flooding-response)",,,,,,,,ReliefWeb (UN Office for the Coordination of Humanitarian Affairs),https://reliefweb.int/report/south-sudan/south-sudan-cerf-allocates-15-million-flooding-response,not found,
Upper Nile,,2019,11,Nov,2019-11-08,Flood,Germany gives WFP over $10m to help flood victims,"Germany has offered the UN food agency $10.9 million to support those affected by flooding in South Sudan. The flash floods have displaced nearly a million people in parts of the country, according to UNOCHA reports. “People affected by the floods need immediate help.",,3000000,displaced,wider / not specified,The Norwegian government also recently allocated about $3 million to support people displaced by floods across South Sudan.,"3,000,000 ind (displaced); 3,000,000 ind (reported); 7,000,000 ind (reported)",,Eye Radio,https://eyeradio.org/germany-gives-wfp-over-10m-to-help-flood-victims/,state only,
Upper Nile,Maban,2019,11,Nov,2019-11-06,Flood,"Heavy flood affects schools in Maban, South Sudan","(LWI) - Two weeks after massive flooding had inundated the refugee camps and their host communities in Maban county, South Sudan, the Lutheran World Federation (LWF) team is returning to the compound and resuming services. A day after the heavy flood, Stephen Abdallah, LWF security guard risked his own life to safeguard the LWF compound in Doro, Maban. While his own house was completely flooded and destroyed, he reported to work.",,70000,reported,county named in same sentence,"In Maban the LWF provides education and child protection services and supports livelihoods and social cohesion for about 150,000 refugees from Sudan’s Blue Nile and Kordofan regions, and the host community of about 70,000 people.","70,000 ind (reported); 55,000 ind (affected)",,ReliefWeb (Lutheran World Federation),https://reliefweb.int/report/south-sudan/heavy-flood-affects-schools-maban-south-sudan,title,
,,2019,11,Nov,2019-11-06,Drought,"Drought, economic shocks, and continued conflict maintain high assistance needs in 2020","Famine threatens South Sudan, Yemen, and northeast Nigeria Across 46 countries, 88 million people require emergency food assistance in 2020, 87% more than in 2015.",,,,,,,,ReliefWeb (Famine Early Warning System Network),https://reliefweb.int/report/world/drought-economic-shocks-and-continued-conflict-maintain-high-assistance-needs-2020,not found,
Jonglei,Pibor,2019,11,Nov,2019-11-05,Flood,"South Sudan: Seasonal Flooding Update #3, As of 05 November 2019","On 27 October 2019, the Government of South Sudan declared a state of emergency in areas affected by flooding. In Jonglei’s Pibor Town, a general food distribution has begun to 27,000 flood-affected people; emergency WASH, health and protection items have arrived in affected areas; and rapid response kits to 1,500 displaced households are in transit. Some 2,000 multi-sectoral kits have been delivered to flood-affected people in Nyirol County in Jonglei, while 5 metric tons...",1500,86000,reported,county named in same sentence,"In Maban County, Upper Nile, humanitarians have delivered some 22,000 core relief items and food to over 86,000 people. | In Jonglei’s Pibor Town, a general food distribution has begun to 27,000 flood-affected people; emergency WASH, health and protection items have arrived in affected areas; and rapid response kits to 1,500 displaced households are in transit.","1,500 HH (displaced); 86,000 ind (reported)",,ReliefWeb (UN Office for the Coordination of Humanitarian Affairs),https://reliefweb.int/report/south-sudan/south-sudan-seasonal-flooding-update-3-05-november-2019,body,
,,2019,11,Nov,2019-11-05,Flood,UNICEF appeals for US$10 million to support flood affected children in South Sudan,"**JUBA, South Sudan, 5 November 2019** — While water levels are continuing to rise, UNICEF in South Sudan launched a flash appeal asking for US$10 million to respond to the most immediate needs of children affected by the floods. Entire communities, including health centres, nutrition centres and schools are submerged in water and up to 90 per cent of the basic services have been suspended in some areas. Most water sources in the affected areas are contaminated by the...",70000,90000,displaced,wider / not specified,"Almost 90,000 children are out of school due to flooded classrooms, teachers displaced, and schools used as shelters. | Children are separated from their parents and over 70,000 families are displaced.","900,000 ind (in need); 490,000 ind (in need); 70,000 HH (displaced); 90,000 ind (displaced)",,ReliefWeb (UN Children's Fund),https://reliefweb.int/report/south-sudan/unicef-appeals-us10-million-support-flood-affected-children-south-sudan,not found,
Northern Bahr el Ghazal,Aweil Centre,2019,11,Nov,2019-11-04,Flood,"South Sudan’s unholy trinity: Face to face with conflict, drought and floods as climate change exacerbates weather extremes","It never rains in South Sudan. Devastating floods have wiped out people’s homes and washed away their livelihoods in a country that was still reeling from years of conflict and had also yet to recover from one of the worst drought episodes recent memory. Even before the latest floods, it was estimated 4.5 million people would not know where their next meal will come from between September and the end of the year.",,4500000,reported,wider / not specified,"Even before the latest floods, it was estimated 4.5 million people would not know where their next meal will come from between September and the end of the year.","4,500,000 ind (reported)",Maban,ReliefWeb (World Food Programme),https://reliefweb.int/report/south-sudan/south-sudan-s-unholy-trinity-face-face-conflict-drought-and-floods-climate-change,body,
Upper Nile,,2019,11,Nov,2019-11-04,Flood,Norway offers $3m to flood victims,"The Norwegian government has allocated about $3 million to support people displaced by floods across South Sudan. Recently, the UN Office for the Coordination of Humanitarian said severe flooding across the country had affected nearly 1 million people since July. Eye Radio has over the months also reported thousands of families in the three regions, including Abyei Administrative Area being forced to seek shelter on higher grounds because of the persistent rainfall and flash...",,3000000,displaced,wider / not specified,The Norwegian government has allocated about $3 million to support people displaced by floods across South Sudan.,"3,000,000 ind (displaced); 1,000,000 ind (affected)",,Eye Radio,https://eyeradio.org/norway-offers-3m-to-flood-victims/,state only,
Jonglei,Pibor,2019,11,Nov,2019-11-03,Flood,"South Sudan: People stranded, cut off from care in severe flooding","JUBA - Médecins Sans Frontières (MSF) has launched emergency assessments in the east and northeast of South Sudan where severe flooding has left thousands of people stranded in inaccessible areas, threatening to make worse an already catastrophic humanitarian crisis. We are urging all organisations to mobilise resources to mitigate the impact of rising flood levels in affected locations, and to ensure adequate attention is given to Pibor, in the east of the country. In Pibor...",,200000,affected,wider / not specified,"In Maban, in the northeast of the country, UNHCR estimates that more than 200,000 people have been affected by flooding.","200,000 ind (affected)",Maban,ReliefWeb (Médecins Sans Frontières),https://reliefweb.int/report/south-sudan/south-sudan-people-stranded-cut-care-severe-flooding,body,
,,2019,11,Nov,2019-11-03,Flood,Flood risks to continue across East Africa,"**Tropical storm expected to bring strong winds and light rains to Puntland and Somaliland** The affected areas will experience strong winds and light rains. In this state, warm moist air flows westwards inland increasing the likelihood of higher rainfall over East African countries.",,,,,,,,ReliefWeb (Intergovernmental Authority on Development),https://reliefweb.int/report/somalia/flood-risks-continue-across-east-africa,not found,
Upper Nile,,2019,11,Nov,2019-11-03,Flood,Kiir told to do more than issuing decrees,"A civil society leader has called on the Presidency to visit the areas affected by heavy rains and floods across the country. Last week, President Salva Kiir declared a state of emergency in 27 areas affected by heavy floods . However, the UN Office for the Coordination of Humanitarian said severe flooding across the country has affected an estimated 900,000 people since July.",,900000,affected,wider / not specified,"However, the UN Office for the Coordination of Humanitarian said severe flooding across the country has affected an estimated 900,000 people since July.","900,000 ind (affected); 3,000,000 ind (reported); 7,000,000 ind (reported)",,Eye Radio,https://eyeradio.org/kiir-told-to-do-more-than-issuing-decrees/,state only,
,,2019,11,Nov,2019-11-02,Drought,"Drought, Conflict Increase Somali Refugees Entering Ethiopia by 7 Fold: ARRA","Addis Ababa November 2 /2019 The number of Somali refugees who fled extended drought and conflict and entered to Ethiopia this year has increased by seven fold, the Agency for Refugee and Returnee Affairs (ARRA) said. Frequent and extended drought and conflict are amongst the main reasons to forced Somalis to leave their country, he added. The influence of Al-Shabab in southern Somalia in one hand and the frequent drought in the other hand are the basic causes to influx...",,,,,,,,ReliefWeb (Government of Ethiopia),https://reliefweb.int/report/ethiopia/drought-conflict-increase-somali-refugees-entering-ethiopia-7-fold-arra,not found,
,,2019,11,Nov,2019-11-01,Flood,Eastern Africa Region: Regional Flood Snapshot,"Heavy rainfall and flooding have impacted swathes of eastern Africa since July and intensified in October, affecting at least 2.5 million people and causing displacement and loss of property, crops and livestock. The unusually heavy rains have primarily been driven by the Indian Ocean Dipole (IOD), which is in its strongest positive state since 2006, according to the Intergovernmental Authority on Development (IGAD) Climate Centre. In South Sudan, flooding has devastated...",,2500000,displaced,wider / not specified,"Heavy rainfall and flooding have impacted swathes of eastern Africa since July and intensified in October, affecting at least 2.5 million people and causing displacement and loss of property, crops and livestock.","2,500,000 ind (displaced); 908,000 ind (affected); 570,000 ind (displaced); 202,000 ind (displaced); 346,300 ind (affected); 334,000 ind (displaced); 100,000 ind (affected); 40 ind (affected)",,ReliefWeb (UN Office for the Coordination of Humanitarian Affairs),https://reliefweb.int/report/south-sudan/eastern-africa-region-regional-flood-snapshot,not found,
Upper Nile,Maban,2019,11,Nov,2019-11-01,Flood,"UNHCR Situation Update - Flooding in Maban, 01 November 2019","Flood waters are slowly receding but aid delivery is still heavily curtailed due to damaged roads and continued high water levels in certain areas. Maban is at risk of disease outbreak with flooded latrines and increased reports of livestock deaths. Percentage of households in refugee and host community affected by floods that started on Sunday, 13 October 2019",11750,,reported,wider / not specified,"A total of 11,750 households received cereals, pulses and vegetable oil.","11,750 HH (reported)",,ReliefWeb (UN High Commissioner for Refugees),https://reliefweb.int/report/south-sudan/unhcr-situation-update-flooding-maban-01-november-2019,title,
,,2019,11,Nov,2019-11-01,Flood,Heavy rains and flooding wreak havoc across East Africa as another storm makes its way to the region,"Higher than normal rainfall in East Africa has caused massive flooding across the region, impacting more than 1 million people in [South Sudan](https://www.rescue.org/country/south-sudan), [Kenya](https://www.rescue.org/country/kenya) and [Somalia](https://www.rescue.org/country/somalia), destroying crops, homes and health facilities and forcing more than 600,000 people in South Sudan and 273,000 in Somalia from their homes. “This impending storm is sure to compound the...",,1000000,affected,wider / not specified,"Higher than normal rainfall in East Africa has caused massive flooding across the region, impacting more than 1 million people in [South Sudan](https://www.rescue.org/country/south-sudan), [Kenya](https://www.rescue.org/country/kenya) and [Somalia](https://www.rescue.org/country/somalia), destroying crops, homes and health facilities and forcing more than 600,000 people in South Sudan and 273,000 in Somalia from their homes.","1,000,000 ind (affected); 600,000 ind (affected); 12,000,000 ind (in need)",,ReliefWeb (International Rescue Committee),https://reliefweb.int/report/somalia/heavy-rains-and-flooding-wreak-havoc-across-east-africa-another-storm-makes-its-way,not found,
Eastern Equatoria,,2019,10,Oct,2019-10-31,Flood,Flood-affected families in Eastern Equatoria decry risk of diseases and food shortages,"The flood also submerged crops and now we dread hunger next year,” says Akayak Victor, a sub-chief in Motti. As reported on Monday (30 October), heavy downpours over the last few months are wreaking havoc in several regions of South Sudan, notably the lion part of Greater Jonglei. Unicef, the United Nations Children's Fund, recently reported that floods have affected more than 900,000 across the country, approximately half of whom are children.",600,,reported,wider / not specified,"As observed by an integrated team of peacekeepers serving with the United Nations Mission in South Sudan, villages in the area have been hit hard by excessive precipitation, noting that at least 600 families have been forced to leave their homes.",600 HH (reported),,ReliefWeb (UN Mission in South Sudan),https://reliefweb.int/report/south-sudan/flood-affected-families-eastern-equatoria-decry-risk-diseases-and-food-shortages,state only,
Jonglei,,2019,10,Oct,2019-10-31,Flood,"South Sudan: Jonglei State, County Profile - Flooding Response (October 2019)",,,,,,,,,ReliefWeb (REACH Initiative),https://reliefweb.int/report/south-sudan/south-sudan-jonglei-state-county-profile-flooding-response-october-2019,state only,
Eastern Equatoria,,2019,10,Oct,2019-10-30,Flood,S. Sudan’s Kiir declares state of emergency in flood-hit areas,"October 30, 2019 (JUBA) - South Sudan’s President Salva Kiir on Wednesday declared a state of emergency in the flood-affected areas of the young nation. Although the order made no mention of what measures would be taken to assist people affected by floods, the presidency urged government and humanitarian organizations to help people in need. Nearly a million people in South Sudan have been affected by heavy flooding, the United Nations Office for Coordination for...",,908000,displaced,wider / not specified,"An estimated 908,000 people have reportedly been affected, including internally displaced people, refugees and their host communities in a country already hit by years of ruinous civil war that caused mass displacement and wrecked its economy.","908,000 ind (displaced)",,ReliefWeb (Sudan Tribune),https://reliefweb.int/report/south-sudan/s-sudan-s-kiir-declares-state-emergency-flood-hit-areas,state only,
Warrap,Twic,2019,10,Oct,2019-10-30,Flood,Kiir declares flash floods national disaster,"President Salva Kiir has declared a state of emergency in 27 areas affected by heavy rains and floods across the country. This week, the UN Office for the Coordination of Humanitarian said severe flooding across the country had affected an estimated 900,000 people since July. Eye Radio has over the months also reported thousands of families in the three regions, including Abyei Administrative Area being forced to seek shelter on higher grounds because of the persistent...",,900000,affected,wider / not specified,"This week, the UN Office for the Coordination of Humanitarian said severe flooding across the country had affected an estimated 900,000 people since July.","900,000 ind (affected); 3,000,000 ind (reported); 7,000,000 ind (reported)",,Eye Radio,https://eyeradio.org/kiir-declares-flash-floods-national-disaster/,body,
Jonglei,Pibor,2019,10,Oct,2019-10-29,Flood,Rising flood levels spell dire situation in greater Jonglei,"Several days of torrential rains have left wide swaths of Greater Jonglei devastated and its inhabitants both flabbergasted and displaced. Major areas in a total of 32 counties in Jonglei, Lankien, Mogok, Fangak and Pibor have been hit hard by the floods. Other submerged regions of the country include Upper Nile, Warrap, Eastern Equatoria, Northern Bahr el Ghazal, Unity and Lakes - where more than three million people needed assistance even before the near-biblical rains.",,,,,,,,ReliefWeb (UN Mission in South Sudan),https://reliefweb.int/report/south-sudan/rising-flood-levels-spell-dire-situation-greater-jonglei,body,
Eastern Equatoria,,2019,10,Oct,2019-10-26,Flood,Nearly 1 million affected by floods – OCHA,"Severe flooding across the country has affected over an estimated 900,000 people since July, the United Nations Office for the Coordination of Humanitarian affairs has said. Abnormally heavy seasonal flooding has been devastating large areas of South Sudan, affecting thousands including internally displaced people, refugees, and their host communities. In a statement yesterday, UNOCHA says the rains are likely to continue for another four to six weeks and would put more...",,7000000,in need,state named in same sentence,"Across the 32 flooded counties in Jonglei, Upper Nile, Warrap, Eastern Equatoria, Northern Bahr el Ghazal, Unity and Lakes, more than 3 million people were in need of assistance even before the rains, out of the over 7 million people in need countrywide.","900,000 ind (affected); 3,000,000 ind (in need); 7,000,000 ind (in need)",,Eye Radio,https://eyeradio.org/nearly-1-million-affected-by-floods-ocha/,state only,
Eastern Equatoria,,2019,10,Oct,2019-10-25,Flood,"Severe flooding affects hundreds of thousands, humanitarian community responding to immediate needs","**(Juba, 25 October 2019)**: Abnormally heavy seasonal flooding has been devastating large areas of South Sudan since July, with an estimated 908,000 people affected. The rains are likely to continue for another four to six weeks and put more people at risk. Entire communities are submerged.",,7000000,in need,state named in same sentence,"Across the 32 flooded counties in Jonglei, Upper Nile, Warrap, Eastern Equatoria, Northern Bahr el Ghazal, Unity and Lakes, more than 3 million people were in need of assistance even before the rains, out of the over 7 million people in need countrywide.","908,000 ind (affected); 3,000,000 ind (in need); 7,000,000 ind (in need); 25,000,000 ind (displaced)",,ReliefWeb (UN Office for the Coordination of Humanitarian Affairs),https://reliefweb.int/report/south-sudan/severe-flooding-affects-hundreds-thousands-humanitarian-community-responding,state only,
Eastern Equatoria,,2019,10,Oct,2019-10-25,Flood,"South Sudan: Seasonal Flooding Update #2, As of 25 October 2019","Abnormally heavy seasonal flooding has been devastating large areas of South Sudan since July 2019, with an estimated 908,000 people affected. The rains are likely to continue at least until the end of November and put more people at risk. The heavy rains have hit areas that were already facing high humanitarian needs.",,3000000,in need,state named in same sentence,"Across the 32 flooded counties in Jonglei, Upper Nile, Warrap, Eastern Equatoria, Northern Bahr el Ghazal, Unity and Lakes, more than 3 million people were in need of assistance even before the rains.","908,000 ind (affected); 3,000,000 ind (in need)",,ReliefWeb (UN Office for the Coordination of Humanitarian Affairs),https://reliefweb.int/report/south-sudan/south-sudan-seasonal-flooding-update-2-25-october-2019,state only,
Upper Nile,Maban,2019,10,Oct,2019-10-24,Flood,"UNHCR Situation Update - Flooding in Maban, 24 October 2019","Heavy flooding in Maban is hampering aid delivery to more than 150,000 refugees and over 70,000 members of the host community. 83%* Percentage of households in refugee and host community affected by floods that started on Sunday, 13 October 2019 - In South Sudan, floods are a chronic and acute problem during rainy season.",,,,,,,Melut,ReliefWeb (UN High Commissioner for Refugees),https://reliefweb.int/report/south-sudan/unhcr-situation-update-flooding-maban-24-october-2019,title,
Upper Nile,Maban,2019,10,Oct,2019-10-24,Flood,South Sudan: devastating flooding displaced thousands of people,"Heavy rain and severe flooding in Maban, South Sudan, last week have caused severe damage to camps for refugees and internally displaced persons, where JRS serves. The floods have destroyed housing, roads, and schools and have left many people in search of dry ground. **The most devastating flooding experienced in over four decades**",,200000,displaced,wider / not specified,"With water levels rising higher than a meter, more than 200,000 people are estimated to have been affected in the region; causing large displacement of the local host and refugee communities.","200,000 ind (displaced)",,ReliefWeb (Jesuit Refugee Service),https://reliefweb.int/report/south-sudan/south-sudan-devastating-flooding-displaced-thousands-people,body,https://reliefweb.int/report/south-sudan/unprecedented-flooding-affects-thousands-locals-refugees-south-sudan
Jonglei,Pibor,2019,10,Oct,2019-10-22,Flood,Floods affect MSF work,"The MSF says it has been forced to discharge people from hospitals and reduce medical activities following flash floods in Pibor and Maban. In Pibor, Buma State, the medical charity reveals that the primary healthcare centers and its compounds got entirely flooded, cutting off patients and the community from healthcare or assistance. In Maban, Northen Upper Nile state, MSF stressed that more than 200,000 people have been affected by flooding.",,200000,affected,wider / not specified,"In Maban, Northen Upper Nile state, MSF stressed that more than 200,000 people have been affected by flooding.","200,000 ind (affected)",Maban,Eye Radio,https://eyeradio.org/floods-affect-msf-work/,body,https://reliefweb.int/report/south-sudan/people-stranded-cut-care-severe-flooding-south-sudan
,,2019,10,Oct,2019-10-22,Flood,Floods cause seven deaths in Bieh,"According to the state governor, days of heavy rains and flash floods have rendered many people homeless and displaced them to higher grounds. Governor Gatluak added that the floods have submerged several villages –forcing people to flee to the neighboring areas in Ethiopia.",,,,,,,,Eye Radio,https://eyeradio.org/floods-cause-seven-deaths-in-bieh/,not found,
Jonglei,Nyirol,2019,10,Oct,2019-10-21,Flood,"South Sudan: Seasonal Flooding Snapshot, As of 21 October 2019","Unusually heavy seasonal flooding is affecting large areas of South Sudan, with estimates that between 600,000 and 800,000 people have been affected, according to authorities. As of late October, Ayod, Maban, Mayom, Nyirol, Pibor and Uror in Greater Upper Nile were among the counties most heavily affected by the floods. Based on assessments already conducted in affected areas, and in line with experience from previous floods in South Sudan, critical needs include access to...",,800000,affected,wider / not specified,"Unusually heavy seasonal flooding is affecting large areas of South Sudan, with estimates that between 600,000 and 800,000 people have been affected, according to authorities.","800,000 ind (affected)",Pibor; Mayom; Maban; Ayod; Uror,ReliefWeb (UN Office for the Coordination of Humanitarian Affairs),https://reliefweb.int/report/south-sudan/south-sudan-seasonal-flooding-snapshot-21-october-2019,body,
Jonglei,Pibor,2019,10,Oct,2019-10-21,Flood,"People stranded, cut off from care in severe flooding in South Sudan","- Thousands of people have been left stranded in parts of east and northeast [South Sudan](https://www.msf.org/south-sudan) in the wake of severe flooding. - Our teams have been forced to reduce medical activities and discharge people from hospital, leaving people cut off from medical care, after the hospital flooded. JUBA - Médecins Sans Frontières (MSF) has launched emergency assessments in the east and northeast of South Sudan where [severe...",,200000,affected,wider / not specified,"In Maban, in the northeast of the country, UNHCR estimates that more than 200,000 people have been affected by flooding.","200,000 ind (affected)",Maban,ReliefWeb (Médecins Sans Frontières),https://reliefweb.int/report/south-sudan/people-stranded-cut-care-severe-flooding-south-sudan,body,
Upper Nile,Maban,2019,10,Oct,2019-10-18,Flood,"Unprecedented flooding affects thousands of locals, refugees in South Sudan","JUBA, SOUTH SUDAN, 18th October 2019 – Unprecedented heavy flooding in South Sudan’s Maban County has affected nearly 200,000 people, including refugees and host population. South Sudan is on a gradual path to recovery from six years of civil war and now faces flooding that the region has not witnessed in recent decades. People are seeking safety from the flood waters wherever they find dry land, mostly on small islands as unprecedented water levels have submerged vast areas.",5000,200000,affected,county named in same sentence,"JUBA, SOUTH SUDAN, 18th October 2019 – Unprecedented heavy flooding in South Sudan’s Maban County has affected nearly 200,000 people, including refugees and host population. | As an immediate response, UNHCR has pre-positioned emergency shelter kits and material assistance to help more than 5,000 affected families/some 25,000 people to rebuild and repair damaged shelter, but more support is needed.","200,000 ind (affected); 5,000 HH (affected); 25,000 ind (affected)",,ReliefWeb (UN High Commissioner for Refugees),https://reliefweb.int/report/south-sudan/unprecedented-flooding-affects-thousands-locals-refugees-south-sudan,body,
Upper Nile,Maban,2019,10,Oct,2019-10-18,Flood,Maban witnesses “unprecedented flooding”,"Unprecedented heavy flooding in South Sudan’s Maban County has affected nearly 200,000 people, including refugees and host population , UNHCR has said. According to the UNHCR, South Sudan is on a gradual path to recovery from six years of conflict and now faces flooding that the region has not witnessed in recent decades. “Flood waters have submerged, making access to the refugee camps difficult for humanitarians.",,200000,affected,county named in same sentence,"Unprecedented heavy flooding in South Sudan’s Maban County has affected nearly 200,000 people, including refugees and host population , UNHCR has said.","200,000 ind (affected)",,Eye Radio,https://eyeradio.org/maban-witnesses-unprecedented-flooding/,title,https://reliefweb.int/report/south-sudan/unprecedented-flooding-affects-thousands-locals-refugees-south-sudan
Eastern Equatoria,Torit,2019,10,Oct,2019-10-16,Flood,"Floods displace more people in Latjor, Buma","Flash floods in Latjor and Buma States have reportedly displaced thousands of people, destroyed homes and displaced government officials from their offices. In Latjor, weeks of heavy rains have destroyed about 80 percent of areas mainly in Nasir town, Ulang and an area called Kuch. “This massive flooding has affected people in a very severe manner, given the level of water,” Biem stressed.",,400000,displaced,wider / not specified,"Gatkuoth Biem told Eye Radio that over 300,000 people – out of the 400,000 inhabitants of Latjor – have been displaced to higher grounds.","300,000 ind (displaced); 400,000 ind (displaced)",Ulang,Eye Radio,https://eyeradio.org/floods-displace-more-people-in-latjor-buma/,body,
Eastern Equatoria,Torit,2019,10,Oct,2019-10-11,Flood,"Floods devastate Torit, Abyei, Jonglei","Latest flooding caused by persistent rainfall has reportedly rendered thousands of families homeless in parts of the country. The flash floods in Torit worsened after Kineti River reportedly burst its banks. Speaking to Eye Radio, Torit State Governor Tobiolo Alberio said communities living on the mountainous areas are concerned about a potential landslide due to heavy downpour.",,,,,,,,Eye Radio,https://eyeradio.org/floods-devastate-torit-abyei-jonglei/,title,
,,2019,9,Sep,2019-09-24,Heavy rainfall,Kapoeta at risk of hunger after heavy downpour,"The governor of Kapoeta state says there is looming famine as heavy rains destroy farms there. Louis Lobong says the downpour has been pounding the state, causing floods. “As of now heavy rains have spoilt farms.",,,,,,,,Eye Radio,https://eyeradio.org/kapoeta-at-risk-of-hunger-after-heavy-downpour/,not found,
,,2019,9,Sep,2019-09-19,Flood,Bieh floods displaces thousands,"Thousands of people are now homeless after heavy rains destroyed their homes in Bieh State. He says the downpour have submerged villages, forcing the people to living in the open on high grounds. “The civil population in the area are really affected by the flood that has displaced local residence from their villages.",,3000,affected,wider / not specified,"On Monday, nearly 3,000 people were reportedly affected by flash floods in Tombura State.","3,000 ind (affected)",,Eye Radio,https://eyeradio.org/bieh-floods-displaces-thousands/,not found,
Eastern Equatoria,Torit,2019,9,Sep,2019-09-17,Heavy rainfall,Tumsa bridge destroyed by heavy rains,"Heavy rains have allegedly destroyed the main bridge in Kapoeta, cutting off the state from the rest of the country.",,,,,,,,Eye Radio,https://eyeradio.org/tumsa-bridge-destroyed-by-heavy-rains/,body,
,,2019,9,Sep,2019-09-13,Flood,"Climate Change, Peacebuilding, and Sustaining Peace","[Somali society’s](https://static1.squarespace.com/static/553e2ef8e4b06d9495204c9d/t/5c4061594fa51a11f9dd1f1e/1547723143417/Somalia-Report-Expert-Working-Group-on-Climate-related-Security-Risks.pdf) double exposure to decades of violent conflict and recurring droughts and floods has generated over 2.6 million internally displaced persons (IDPs). Increasingly, climate-related impacts are [driving...",,6700000,displaced,wider / not specified,"A prolonged drought had already affected [6.7 million people](http://documents.worldbank.org/curated/en/901031516986381462/synthesis-report) and “displaced 926 000 people between November 2016 and September 2017.” Many IDPs [moved](https://static1.squarespace.com/static/553e2ef8e4b06d9495204c9d/t/5c4061594fa51a11f9dd1f1e/1547723143417/Somalia-Report-Expert-Working-Group-on-Climate-related-Security-Risks.pdf) to major urban centers such as Mogadishu, to live in improvised camps that have become h","2,600,000 ind (displaced); 695,000 ind (displaced); 6,700,000 ind (displaced); 926,000 ind (displaced); 13,500,000 ind (reported); 96,000 ind (displaced); 70 ind (displaced)",,ReliefWeb (International Peace Institute),https://reliefweb.int/report/world/climate-change-peacebuilding-and-sustaining-peace,not found,
,,2019,8,Aug,2019-08-27,Flood,Flood victims in need of aid in Bieh,"Thousands of people have been rendered homeless after heavy rains and floods destroyed their homes in Yol County of Bieh state. Ruot says heavy rains that started yesterday at 8:00 am to 2:00 PM left more than 500 households destroyed. Three days ago, thousands were displaced after heavy rains and floods destroyed homes and farms in several Counties of Tonj State.",500,,reported,wider / not specified,Ruot says heavy rains that started yesterday at 8:00 am to 2:00 PM left more than 500 households destroyed.,500 HH (reported),,Eye Radio,https://eyeradio.org/flood-victims-in-need-of-aid-in-bieh/,not found,
Warrap,Tonj North,2019,8,Aug,2019-08-25,Flood,Floods destroy thousands of homes in Tonj,"Thousands of people have been displaced after heavy rains and floods have destroyed homes and farms in several Counties of Tonj State. According to the state government, floodwaters submerged thousands of houses in multiple Counties of Tonj North of former Warrap state. It is not clear if there are people who have lost their lives in Friday’s floods.",13000,,reported,wider / not specified,"“Over 13,000 household have been destroyed,” he added.","13,000 HH (reported)",,Eye Radio,https://eyeradio.org/floods-destroy-thousands-of-homes-in-tonj/,body,
Northern Bahr el Ghazal,Aweil Centre,2019,8,Aug,2019-08-13,Flood,Killer floods hit Aweil town,"A 10-year-old boy has reportedly died and three others have been injured by floodwaters in Aweil State capital, Aweil. According to residents of Aweil town, floodwaters submerged hundreds of houses in multiple areas and unconfirmed number of people have lost their lives over the last 24 hours in various areas of the town. Its reported that several homes have been destroyed and hundreds of people have been displaced by the weekend floods.",,,,,,,,Eye Radio,https://eyeradio.org/killer-floods-hit-aweil-town/,title,
,,2019,8,Aug,2019-08-12,Flood,Two more bodies found at the Luri river accident site,"According to the Commissioner of Luri, the incident occurred when a driver of a Toyota land-cruise tried to cross the Luri bridge flooded with rainwater. The driver who left Juba around 2 PM was reportedly told at a checkpoint not to cross the bridge since it was overflowing with water. But he later changed his mind and drove through the heavy currents, only for the vehicle to overturn into the flooded Luri River.",,21,reported,wider / not specified,The Toyota pickup which was headed to Mundri from Juba vehicle carrying 21 people overturned at around 8:30 PM.,21 ind (reported); 6 ind (reported),,Eye Radio,https://eyeradio.org/two-more-bodies-found-at-the-luri-river-accident-site/,not found,
Central Equatoria,Juba,2019,8,Aug,2019-08-11,Flood,"Four people dead, five missing in Luri river accident","According to Luri County Commissioner, the vehicle carrying 21 people overturned last evening at around 8:30 PM while trying to cross the overflowing Luri River. He said the driver who left Juba around 2 PM was reportedly told at a checkpoint not to cross the bridge since it was overflowing with water. After agreeing not to proceed with the journey, Fataki says the driver later changed his mind and drove through the heavy currents, only for the vehicle to overturn into the...",,21,reported,wider / not specified,"According to Luri County Commissioner, the vehicle carrying 21 people overturned last evening at around 8:30 PM while trying to cross the overflowing Luri River.",21 ind (reported); 12 ind (reported),,Eye Radio,https://eyeradio.org/four-people-dead-five-missing-in-luri-river-accident/,body,
Ruweng,,2019,8,Aug,2019-08-05,Flood,Ruweng traders count losses,"Traders in Ruweng State are reportedly counting losses after flood destroyed more than 150 shops in Abiem-nhom, the state capital. According to the Abiem-nhom County commissioner, there was a heavy downpour in the area on Sunday. As a result, Marial Manyiel told Eye Radio over 3,000 houses and 150 shops were submerged in flood waters.",,,,,,,,Eye Radio,https://eyeradio.org/ruweng-traders-count-losses/,state only,
,,2019,7,Jul,2019-07-31,Drought,Drought and conflict leave 8.7 million people hungry in Somalia and South Sudan,"New York, NY, July 31, 2019 — Severe drought and ongoing violence in East Africa has put 8.7 million people in Somalia and South Sudan at risk of severe food insecurity. The failure of the long rains in Somalia and impact of the war in South Sudan have led to massive displacement, limiting agriculture opportunities, increasing food prices and inflation. The IRC is responding to the current drought supporting families with healthcare for malnourished children, unconditional...",,8700000,reported,wider / not specified,Drought and conflict leave 8.7 million people hungry in Somalia and South Sudan.,"8,700,000 ind (reported); 8,700,000 ind (in need); 7,000,000 ind (in need); 21,000 ind (in need); 1,700,000 ind (in need); 860,000 ind (reported); 900,000 ind (reported)",,ReliefWeb (International Rescue Committee),https://reliefweb.int/report/south-sudan/drought-and-conflict-leave-87-million-people-hungry-somalia-and-south-sudan,not found,
,,2019,7,Jul,2019-07-22,Drought,ACAPS Thematic Report – 22 July 2019: Horn of Africa Drought,"The Horn of Africa (HoA) (including northeast Uganda) is currently experiencing a prolonged drought, largely as a result of below average precipitation from the seasonal short rains (April-July) and long rains (October-December). At the regional level, the number of severely food insecure people has increased to approximately 12 million, in large part as a result of the drought. Somalia, northern Kenya, and south-eastern Ethiopia are the areas most affected by the drought.",,,,,,,,ReliefWeb (ACAPS),https://reliefweb.int/report/somalia/acaps-thematic-report-22-july-2019-horn-africa-drought,not found,
Northern Bahr el Ghazal,Aweil Centre,2019,7,Jul,2019-07-17,Flood,Aweil may declare famine next year – official,"Aweil authorities may declare famine in the state next year after floods destroyed the Aweil Rice Scheme, the state minister of agriculture has said. Last month, heavy rains destroyed hundreds of houses and hundreds of households displaced in the state. “The heavy rain which fell in Aweil state has never fallen before in our lives since we were very small children,” said Garang.",,230000,reported,wider / not specified,"“Now with the population of 439,000 in Aweil State, about 230,000 people have lost their farms, and that’s equivalent to 48 percent of the total agricultural area there.","230,000 ind (reported)",,Eye Radio,https://eyeradio.org/aweil-may-declare-famine-next-year-official/,title,
,,2019,7,Jul,2019-07-11,Drought,"Drought, Disease and War Hit Global Agriculture, Says U.N.","**UNITED NATIONS, Jul 11 2019 (IPS)** - The United Nations has warned of drought, disease and war preventing farmers from producing enough food for millions of people across Africa and other regions, leading to the need for major aid operations. Southern Africa has experienced both dry spells and rainfall damage from Cyclone Idai, which made landfall in Mozambique on Mar. According to the FAO, life for rural herders in Kassala State, in eastern Sudan, has been upended by a...",,3300000,displaced,wider / not specified,"calls the world’s worst humanitarian crisis, with 3.3 million people displaced and 24.1 million — more than two-thirds of the population — in need of aid.","3,300,000 ind (displaced); 850,000 ind (affected)",,ReliefWeb (Inter Press Service),https://reliefweb.int/report/world/drought-disease-and-war-hit-global-agriculture-says-un,not found,
Jonglei,,2019,7,Jul,2019-07-04,Flood,"Over 1,000 families displaced by flood water in Bieh state","Over 1,000 families have been displaced by flood water in six counties of Bieh State, the state minister of information has said. Bieh is part of the greater Jonglei region that experiences flooding every rainy season, that often results in the destruction of homes and crops. “It rain almost for five hours yesterday and the area is full flooded, consider that the whole greater Wuror is over flooded.",1000,,displaced,wider / not specified,"Over 1,000 families displaced by flood water in Bieh state.","1,000 HH (displaced); 1,000 HH (displaced)",,Eye Radio,https://eyeradio.org/over-1000-families-displaced-by-flood-water-in-bieh-state/,state only,
,,2019,7,Jul,2019-07-02,Drought,Combating Desertification and Drought: Food From Thought,"According to the [United Nations Convention to Combat Desertification (UNCCD)](https://www.unccd.int/), 12 million hectares of productive land become barren every year due to desertification and drought alone representing a loss of production of 20 million tons of grain “In light of changing rainfall patterns where the old varieties which are drought-susceptible can no longer be produced under drought conditions, the new varieties which are developed for resilience have made...",,,,,,,,ReliefWeb (Inter Press Service),https://reliefweb.int/report/world/combating-desertification-and-drought-food-thought,not found,
,,2019,6,Jun,2019-06-30,Drought,GDO analytical Report: Drought situation in South Sudan – June 2019,"The various indicators of the Global Drought Observatory (GDO) do not hint to any severe ongoing or incoming meteorological drought over South Sudan (Figures 1 and 2). On the contrary, the 3 months outlook suggests an incoming large excess of rainfall compared to the long-term average for the period. Although such forecast might be overestimating actual rainfall, nevertheless there is a strong agreement of models against any looming meteorological drought at present.",,,,,,,,ReliefWeb (European Commission - Joint Research Centre),https://reliefweb.int/report/south-sudan/gdo-analytical-report-drought-situation-south-sudan-june-2019,not found,
Central Equatoria,Juba,2019,6,Jun,2019-06-19,Flood,CEPO questions government silence on floods,"A civil society activist has criticized the government over failure to assist flood victims in parts of the country. The governor of Kapoeta, Tuesday, reported that 35 people died in the recent floods in state, but the national government has not done anything about the disaster. Besides, several families in Juba and Aweil were reportedly rendered homeless after their houses submerged in flood waters last month.",,35,reported,wider / not specified,"The governor of Kapoeta, Tuesday, reported that 35 people died in the recent floods in state, but the national government has not done anything about the disaster.",35 ind (reported),,Eye Radio,https://eyeradio.org/cepo-questions-government-silence-on-floods/,body,
,,2019,6,Jun,2019-06-04,Drought,Uganda | Multiple crises: Refugees / Drought / Risk of Ebola - Emergency Response Coordination Centre (ERCC) – DG ECHO Daily Map | 04/06/2019,,,,,,,,,ReliefWeb (European Commission's Directorate-General for European Civil Protection and Humanitarian Aid Operations),https://reliefweb.int/map/uganda/uganda-multiple-crises-refugees-drought-risk-ebola-emergency-response-coordination-centre,not found,
,,2019,5,May,2019-05-31,Drought,"UNICEF Horn of Africa Drought Situation as of May 31, 2019",- Amongst the lowest cumulative rainfall totals since 1981 across parts of the Horn of Africa,,21500000,in need,wider / not specified,- 21.5 million people in need of humanitarian services#,"21,500,000 ind (in need); 9,500,000 ind (in need); 12,800,000 ind (in need); 6,200,000 ind (in need); 14,400,000 ind (in need); 7,200,000 ind (reported); 14,000,000 ind (in need)",,ReliefWeb (UN Children's Fund),https://reliefweb.int/report/ethiopia/unicef-horn-africa-drought-situation-may-31-2019,not found,
Central Equatoria,Juba,2019,5,May,2019-05-20,Heavy rainfall,Heavy rains in Juba leaves many homeless,"Several families in Juba have reportedly been rendered homesless after their houses were submerged by heavy rains that is still pouring. The downpour started at around 5am. As a result, some residents say their homes and valuables have been destroyed by the rain – with some houses completely submerged in water and roofs blown off by the storm.",,,,,,,,Eye Radio,https://eyeradio.org/heavy-rains-in-juba-leaves-many-homeless/,title,
,,2019,4,Apr,2019-04-15,Drought,GDO Analytical Report: Drought in the Greater Horn of Africa – April 2019,"- A drought is unfolding over the Greater Horn of Africa, specifically Kenya, southern Somalia, Uganda and southern Ethiopia. - Despite most reports focusing on the other countries of the Horn of Africa, Uganda shows the worst combination of drought indicators among all countries involved, so there is chance that the drought impacts are going underreported there. Rural population greatly depends on the seasonal rainfalls from April to June and from September to December.",,13000000,in need,wider / not specified,"The population in the Horn is extremely vulnerable, due to poverty and political instability, with 13 million people severely food insecure1.","13,000,000 ind (in need)",,ReliefWeb (European Commission - Joint Research Centre),https://reliefweb.int/report/somalia/gdo-analytical-report-drought-greater-horn-africa-april-2019,not found,
,,2019,3,Mar,2019-03-28,Drought,Humanitarian crises and climate change—preparing for the challenges ahead,"Diminished vegetative cover has the potential to cause climate variability and with extreme weather events such as floods, the country could face further vulnerability to cholera outbreaks. Hotter climate and erratic rainfall is progressively making Sudan unsuitable for agriculture, with potentially massive humanitarian implications. These states, with limited natural resources such as forests and pasture areas, are drought-prone with high rates of desertification.",,,,,,,,ReliefWeb (UN Environment Programme),https://reliefweb.int/report/burundi/humanitarian-crises-and-climate-change-preparing-challenges-ahead,not found,
,,2018,11,Nov,2018-11-14,Flood,Preparing for 2040: ACTED’s adaptive approach to preventing climate change and reinforcing resilience,"Shocks related to climate change —like drought, floods or mudslides—increase the pressure on farmers to produce enough to sustain their families and communities. ACTED trains locals in solar panel installation and maintenance, empowering trainees to find gainful employment while supporting their own communities. ACTED also provides search and rescue devices to allow first responders to conduct efficient emergency operations in the aftermath of natural disasters such as...",,4800000,displaced,wider / not specified,"Decades of conflict have displaced thousands of people in South Sudan and reduced their capacity to cope with the prolonged dry spells and unpredictable rainfall patterns that impact the country, leaving 4.8 million people facing food shortages.","4,800,000 ind (displaced)",,ReliefWeb (Agency for Technical Cooperation and Development),https://reliefweb.int/report/world/preparing-2040-acted-s-adaptive-approach-preventing-climate-change-and-reinforcing,not found,
,,2018,10,Oct,2018-10-12,Flood,"Devastating Impacts of Climate Change Threatening Farm Outputs, Increasing Global Hunger, Delegates Say as Second Committee Takes Up Agriculture, Food Security","Destructive impacts of climate change like droughts, floods and increasingly severe storms are the primary culprits behind decreased farming output and rising hunger worldwide, speakers told the Second Committee (Economic and Financial), as it took up agriculture, food security and nutrition today. Underlining the urgent need to build resilience to shocks through climate‑sensitive agriculture, he said water management schemes as well as drought- and flood‑resistant seeds are...",,,,,,,,ReliefWeb (UN General Assembly),https://reliefweb.int/report/world/devastating-impacts-climate-change-threatening-farm-outputs-increasing-global-hunger,not found,
,,2018,9,Sep,2018-09-30,Drought,UNICEF Horn of Africa Drought Situation as of September 2018,"- Flood waters have receded in most of the areas, apart from Tana River county where 400 households remain displaced.",400,7900000,in need,wider / not specified,"- 7.9 million people in need of humanitarian assistance. | - Flood waters have receded in most of the areas, apart from Tana River county where 400 households remain displaced.","4,600,000 ind (in need); 954,000 ind (in need); 7,900,000 ind (in need); 700,000 ind (in need); 329,000 ind (in need); 400 HH (displaced)",,ReliefWeb (UN Children's Fund),https://reliefweb.int/report/ethiopia/unicef-horn-africa-drought-situation-september-2018,not found,
,,2018,9,Sep,2018-09-28,Flood,"Unilateralism, Climate Change Threats to International Peace, Security, World Leaders Warn as General Assembly Continues Debate","“In good conscience, I cannot give the speech that I prepared”, she said, adding that she would have to cut her trip short to fly home tonight to deal with the floods. Outlining the destructive impacts of climate change that the Pacific region is already facing, he noted that cyclones, floods, droughts, sea level rise and ocean acidification are taking their toll on the health of people, environments and economies. As the earth rapidly approached a point of no return as...",,10,reported,wider / not specified,"In its last report it noted that in 2017, only 4 out of every 10 people live in free countries.",10 ind (reported),,ReliefWeb (UN General Assembly),https://reliefweb.int/report/world/unilateralism-climate-change-threats-international-peace-security-world-leaders-warn,not found,
,,2018,9,Sep,2018-09-26,Drought,"Climate Change, Economic Inequality, Systemic Bias among Issues Underlined by World Leaders as General Assembly Continues Debate","The humanitarian challenges like the impending drought, refugee resettlement and internal displacement, food insecurities and security threats will impact about two thirds of the country and the livelihoods of more than 4 million people, he said, urging the international community to fully fund the Afghanistan Humanitarian Response Plan 2018‑2021. His country recently suffered through one of the worst droughts in its history due to climate change, driving it to invest...",,4000000,displaced,wider / not specified,"The humanitarian challenges like the impending drought, refugee resettlement and internal displacement, food insecurities and security threats will impact about two thirds of the country and the livelihoods of more than 4 million people, he said, urging the international community to fully fund the Afghanistan Humanitarian Response Plan 2018‑2021.","10,000 ind (reported); 7,000,000 ind (reported); 4,000,000 ind (displaced); 1,500,000 ind (displaced); 129 ind (reported); 10,000 ind (reported)",,ReliefWeb (UN General Assembly),https://reliefweb.int/report/world/climate-change-economic-inequality-systemic-bias-among-issues-underlined-world-leaders,not found,
,,2018,9,Sep,2018-09-12,Flood,IDMC Mid-Year Figures: Internal Displacement in 2018,"East Africa also accounts for five of the most significant disaster events between January and June, with flooding in Kenya, Somalia, Ethiopia and Uganda, and drought in Somalia displacing more than a million people in total. Monsoon flooding in [India](http://www.internal-displacement.org/countries/india) in May and June caused the most significant displacement, affecting over 370,000 people. Unprecedented flooding continued in July and August, past IDMC’s mid-year...",,370000,displaced,wider / not specified,"Monsoon flooding in [India](http://www.internal-displacement.org/countries/india) in May and June caused the most significant displacement, affecting over 370,000 people.","370,000 ind (displaced)",,ReliefWeb (Internal Displacement Monitoring Centre),https://reliefweb.int/report/world/idmc-mid-year-figures-internal-displacement-2018,not found,
,,2018,8,Aug,2018-08-14,Drought,UNICEF Horn of Africa Drought Situation as of August 2018,"Seasonal flooding from July to September is expected to affect 2.5 million people. Floods have afected 800,000 people and displaced more than 244,400 people.",,2500000,affected,wider / not specified,Seasonal flooding from July to September is expected to affect 2.5 million people.,"16,300,000 ind (in need); 8,200,000 ind (in need); 667,948 ind (in need); 14,800,000 ind (in need); 6,200,000 ind (reported); 2,500,000 ind (affected); 800,000 ind (displaced); 244,400 ind (displaced)",,ReliefWeb (UN Children's Fund),https://reliefweb.int/report/ethiopia/unicef-horn-africa-drought-situation-august-2018,not found,
,,2018,7,Jul,2018-07-31,Drought,"The Role and Vulnerabilities of Older People in Drought in East Africa: Progress, Challenges and Opportunities for a More Inclusive Humanitarian Response (July 2018)","These roles continue to a certain extent during droughts, though household burdens may increase as younger adults have migrated or are grazing livestock further away. At the same time, droughts tend to increase older people’s vulnerabilities: appropriate foods may be unavailable, their mobility might be reduced and their dependence on others may increase. Droughts also negatively affect the traditional roles of older people, and perhaps more specifically their social...",,,,,,,,ReliefWeb (ODI Global),https://reliefweb.int/report/ethiopia/role-and-vulnerabilities-older-people-drought-east-africa-progress-challenges-and,not found,
,,2018,6,Jun,2018-06-27,Drought,More parents trade girls for cows as war and climate change hit east Africa,"KUALA LUMPUR, June 27 (Thomson Reuters Foundation) - Child marriage is increasing in parts of war-torn South Sudan and drought-hit Kenya as parents swap their daughters for cows and goats to survive, campaigners said on Wednesday. Across the border in Kenya, many semi-nomadic Maasai and Samburu herders exchanged their daughters for livestock during a severe drought last year that killed large numbers of animals, said Millicent Ondigo of Amref Health Africa. Families often...",,,,,,,,ReliefWeb (Thomson Reuters Foundation),https://reliefweb.int/report/south-sudan/more-parents-trade-girls-cows-war-and-climate-change-hit-east-africa,not found,
,,2018,5,May,2018-05-07,Drought,UNICEF Horn of Africa Drought Situation as of May 2018,"- Over 582,000 people have been affected by the flash and river floodingin Bakool, Banadir, Bay, Hiraan, Lower Juba, Middle Juba and Middle Shabelle regions, including 200,000 people displaced. - Floods in the Shabelle zone of Somali region have affected approx. - Floods have displaced more than 244,400 people and killed 80.",,582000,displaced,wider / not specified,"- Over 582,000 people have been affected by the flash and river floodingin Bakool, Banadir, Bay, Hiraan, Lower Juba, Middle Juba and Middle Shabelle regions, including 200,000 people displaced.","16,300,000 ind (in need); 8,200,000 ind (in need); 667,948 ind (in need); 14,800,000 ind (in need); 6,200,000 ind (reported); 582,000 ind (displaced); 200,000 ind (displaced); 165,000 ind (displaced)",,ReliefWeb (UN Children's Fund),https://reliefweb.int/report/ethiopia/unicef-horn-africa-drought-situation-may-2018,not found,
,,2018,5,May,2018-05-01,Drought,Why blaming conflicts in Africa on climate change is misguided,"[Some research suggests](https://www.sciencedirect.com/science/article/pii/S0959378014001344) that droughts actually reduce, rather than cause, conflict. That’s not to say that there aren’t situations in which drought conditions can foster conflict. More often than not, climate change, which can trigger droughts and floods, is just one of many possible contributing factors.",,,,,,,,ReliefWeb (The Conversation),https://reliefweb.int/report/world/why-blaming-conflicts-africa-climate-change-misguided,not found,
,,2018,3,Mar,2018-03-13,Drought,"China provides WFP with US$6 million for refugees, people hit by drought in Ethiopia","*ADDIS ABABA – The United Nations World Food Programme (WFP) today announced a contribution of US$6 million from the Government of the People’s Republic of China to assist refugees and people suffering because of drought in the Somali region of Ethiopia.* “The generous contribution from the Government of China will help WFP to support millions of drought-affected people and hundreds of thousands of refugees,” said Samir Wanmali, Acting WFP Country Director in Ethiopia. With...",,350000,affected,wider / not specified,"With this US$6 million contribution, WFP will be able to support 350,000 people living either in refugee camps or in drought-affected communities for two months with over 4,000 metric tons of rice and 800 tons of vegetable oil.","350,000 ind (affected); 7,900,000 ind (in need); 1,800,000 ind (reported)",,ReliefWeb (World Food Programme),https://reliefweb.int/report/ethiopia/china-provides-wfp-us6-million-refugees-people-hit-drought-ethiopia,not found,
,,2018,2,Feb,2018-02-19,Drought,"Ethiopia – Drought, Internal Conflict and Displacement (DG ECHO, IOM DTM, FewsNet, WFP, Local Media) (ECHO Daily Flash of 19 February 2018)",- The South and South-East of Ethiopia are affected by serious drought due to the fourth consecutive failed rainy season. The performance of the spring rains is expected to be below normal while agro-pastoralist and pastoralist households have already largely lost their livelihoods due to previous droughts. Conflict and displacements are taking place in areas already affected by the recurrent drought.,,,,,,,,ReliefWeb (European Commission's Directorate-General for European Civil Protection and Humanitarian Aid Operations),https://reliefweb.int/report/ethiopia/ethiopia-drought-internal-conflict-and-displacement-dg-echo-iom-dtm-fewsnet-wfp,not found,
,,2018,2,Feb,2018-02-15,Drought,Drought and conflict shutting down schools in East Africa,"For many this would be their second year out of school, forced to abandon their studies because of the drought. In total this year 4.7 million children are at risk of dropping out of school across South Sudan, Somalia, Ethiopia and Kenya - displaced from homes and schools because of the dual drivers of hunger: drought and conflict. In Ethiopia, according to the Ministry of Education, 623 schools have shut since February 2017 because of the drought, pushing 388,529 children...",,4700000,displaced,wider / not specified,"In total this year 4.7 million children are at risk of dropping out of school across South Sudan, Somalia, Ethiopia and Kenya - displaced from homes and schools because of the dual drivers of hunger: drought and conflict.","90,000 ind (reported); 90,000 ind (reported); 4,700,000 ind (displaced); 12,000 ind (reported); 21,000,000 ind (in need); 1,100,000 ind (reported); 388,529 ind (reported); 12,000 ind (reported)",,ReliefWeb (Save the Children),https://reliefweb.int/report/south-sudan/drought-and-conflict-shutting-down-schools-east-africa,not found,
,,2017,11,Nov,2017-11-02,Drought,Beyond Borders: Our changing climate – its role in conflict and displacement,"• Climate change can take the form of slow-onset environmental degradation, such as the melting of polar ice caps and rising sea levels, increased salinization of groundwater and soil, droughts and desertification from changed precipitation levels. It can also take the form of sudden-onset disasters including storms and floods, heatwaves and wildfires. From 1970 to 2012 there were 8,835 disasters related to climate, of which 3,496 took place between 2001 and 2010.10 More...",,23500000,displaced,wider / not specified,In 2016 extreme weather-related disasters displaced around 23.5 million people.,"23,500,000 ind (displaced); 21,700,000 ind (displaced); 13,500,000 ind (in need); 6,600,000 ind (displaced)",,ReliefWeb (Environmental Justice Foundation),https://reliefweb.int/report/world/beyond-borders-our-changing-climate-its-role-conflict-and-displacement,not found,
Jonglei,Pibor,2017,10,Oct,2017-10-30,Flood,Indian Peacekeeping Veterinarians Support Farming in Flood-Stricken Pibor,"Indian peacekeeping veterinarians held a special camp to treat sick cattle and a training demonstration in support of farmers in the flood-stricken Pibor area as part of week-long United Nations Day celebrations. Thousands of families in Pibor are in desperate need of assistance after severe flooding washed away houses, livestock and farmland in the Jonglei region of South Sudan. The Indian battalion has committed to carrying out similar “Bull Power” demonstrations at...",,,,,,,,ReliefWeb (UN Mission in South Sudan),https://reliefweb.int/report/south-sudan/indian-peacekeeping-veterinarians-support-farming-flood-stricken-pibor,title,
Jonglei,Pibor,2017,10,Oct,2017-10-13,Flood,Catastrophic flooding affects thousands of families in conflict-ridden Pibor,"Thousands of families already struggling because of ongoing violence in Pibor are in desperate need of further assistance after severe flooding washed away houses, livestock, and farmland in the Jonglei region of South Sudan. Torrential rain has caused major damage across the region with the combination of a stream bursting its banks and the overflow from the Kengen, Lothila and Kubal rivers causing massive floods across Pibor. One resident, Mary Korok Marybuk, says her...",,,,,,,,ReliefWeb (UN Mission in South Sudan),https://reliefweb.int/report/south-sudan/catastrophic-flooding-affects-thousands-families-conflict-ridden-pibor,title,
Jonglei,Bor South,2017,9,Sep,2017-09-29,Flood,"Fears as over 2,000 latrines collapse in Bor","The floods were caused by heavy rains in recent weeks. Makuei Alier says more than 2,500 household have also been displaced by the floods. “I am concern here that the toilets damaged by the flood will cause diseases like the cholera and other diseases,” Alier told Eye Radio in Bor.",2500,,displaced,wider / not specified,"Makuei Alier says more than 2,500 household have also been displaced by the floods.","2,500 HH (displaced)",,Eye Radio,https://eyeradio.org/bor-officials-warn-waterborne-disease-outbreaks/,title,
,,2017,9,Sep,2017-09-26,Drought,Reducing displacement risk in the Greater Horn of Africa: A baseline for future work,"As sudden-onset natural hazards, primarily floods, caused more than 600,000 new displacements in 2016 in the Greater Horn of Africa, this report is very timely. Furthermore, the region is among those worst affected by the multiple effects of climate change including above average temperature, excessive or insufficient rainfall, desertification and environmental degradation. There are also important conceptual and data gaps on displacement associated with drought, and given...",,,,,,,,ReliefWeb (Internal Displacement Monitoring Centre),https://reliefweb.int/report/world/reducing-displacement-risk-greater-horn-africa-baseline-future-work,not found,
Northern Bahr el Ghazal,Aweil Centre,2017,9,Sep,2017-09-18,Flood,WHO and partners respond to flood crises in the former Northern Bahr el Ghazal and Upper Nile States of South Sudan,"18 September 2017, Juba – The World Health Organization (WHO) in partnership with the Ministry of Health and partners are scaling up the emergency response in the flood affected areas of Aweil West and Aweil North Counties of former Norther Bahr el Ghazal State, and Maban County of former Upper Nile State. As part of the health cluster response, WHO delivered lifesaving medical supplies to the communities affected by the heavy rainfall and subsequent flooding. The lifesaving...",650,119000,affected,state named in same sentence,"According to the State Ministry of Health, it is estimated that over 119 000 people have been affected due to flooding triggered by the heavy rainfall in 11 payams of Aweil North and Aweil West of former Northern Bahr el Ghazal State. | More flooding also caused some deaths and injuries and has deeply affected the daily lives of over 650 households in eight villages of Bunj payam, Maban County, Upper Nile State.","10,000 ind (affected); 119,000 ind (affected); 650 HH (affected)",Aweil North; Aweil West; Maban,ReliefWeb (World Health Organization),https://reliefweb.int/report/south-sudan/who-and-partners-respond-flood-crises-former-northern-bahr-el-ghazal-and-upper,body,
Unity,Koch,2017,9,Sep,2017-09-18,Drought,A journey across drought-affected South Sudan and Somalia,By: [Valeria Sau](https://www.careinternational.org.uk/stories/journey-across-drought-affected-south-sudan-and-somalia#author) **An unprecedented drought is affecting East Africa and it is not expected to end any time soon. The nature and scale of humanitarian needs in South Sudan is not just due to the drought: it is also the consequence of ongoing violence and conflict.,,4900000,in need,county named in same sentence,"In March 2017, famine was declared in Koch County and 4.9 million people (about 42% of the population) were estimated to be severely food insecure across South Sudan.","4,900,000 ind (in need); 100,000 ind (reported); 104,000 ind (reported)",Rubkona,ReliefWeb (CARE),https://reliefweb.int/report/south-sudan/journey-across-drought-affected-south-sudan-and-somalia,body,
,,2017,9,Sep,2017-09-07,Drought,Millions of children miss school due to war and drought in East Africa,"**_While students around the world go back to school, millions of children that fled conflict and drought in East Africa have no classes to attend._** With war and drought hitting several East African countries, millions of children like Nyongere that fled their homes are crammed into camps with few schools, and little chance for an education. This was worsened by the current drought which caused 766,000 people to flee their homes, imperilling the little but hard-won...",,766000,displaced,wider / not specified,"This was worsened by the current drought which caused 766,000 people to flee their homes, imperilling the little but hard-won progress in education.","2,200,000 ind (reported); 766,000 ind (displaced); 1,700,000 ind (reported); 30 ind (reported); 128 ind (reported); 588,000 ind (reported)",,ReliefWeb (Norwegian Refugee Council),https://reliefweb.int/report/south-sudan/millions-children-miss-school-due-war-and-drought-east-africa,not found,
,,2017,8,Aug,2017-08-31,Drought,"WFP Ethiopia Drought Emergency Situation Report #5, July-August 2017","- More than 8.5 million people now need food assistance in Ethiopia following back-to-back droughts. - More than 8.5 million people now need food assistance in Ethiopia following back-to-back droughts. In pastoralist, lowland areas, rains are only expected in October.",,8500000,reported,wider / not specified,- More than 8.5 million people now need food assistance in Ethiopia following back-to-back droughts.,"8,500,000 ind (reported); 5,500,000 ind (reported); 8,500,000 ind (reported); 3,300,000 ind (reported)",,ReliefWeb (World Food Programme),https://reliefweb.int/report/ethiopia/wfp-ethiopia-drought-emergency-situation-report-5-july-august-2017,not found,
Upper Nile,Maban,2017,8,Aug,2017-08-29,Flood,"South Sudan - Upper Nile State, Maban County - Doro Refugee Camp - Flood Mapping as of 21 August 2017",,,,,,,,,ReliefWeb (UN High Commissioner for Refugees),https://reliefweb.int/map/south-sudan/south-sudan-upper-nile-state-maban-county-doro-refugee-camp-flood-mapping-21-august,title,
,,2017,8,Aug,2017-08-16,Flood,Internal Displacement in 2017: Provisional Mid-Year Figures Highlights Document (16 August 2017),"While comparably low, however, these numbers are equally concerning as sudden-onset seasonal storms and floods in South and South East Asia as well as the hurricane season in the Americas are still to come and numbers can be expected to rise exponentially, like in previous years. The disasters triggering the highest numbers of new internal displacements were: floods in the southern provinces, China, in June: 858,000; tropical cyclone Mora, across Bangladesh, India and...",,9000000,displaced,wider / not specified,**More than 9 million people already displaced globally in 2017**,"9,000,000 ind (displaced); 350,000 ind (displaced)",,ReliefWeb (Internal Displacement Monitoring Centre),https://reliefweb.int/report/world/internal-displacement-2017-provisional-mid-year-figures-highlights-document-16-august,not found,
,,2017,8,Aug,2017-08-10,Drought,Horn of Africa: Humanitarian Impacts of Drought – Issue 9 (10 Aug 2017),"In Kenya, the Long Rains Assessment found that food security is likely to deteriorate, with 500,000 people now classified to be in Emergency (IPC Phase 4). This indicates a return to levels not seen since the height of the El Niño drought impacts in 2016. In Kenya, the Long Rains Assessment estimates that there are now 420,680 acutely malnourished children, the vast majority (369,280) of whom are in the Arid and Semi-Arad Lands (ASAL) areas.",,3700000,displaced,wider / not specified,"**Drought and conflict have now displaced 3.7 million people in Ethiopia, Somalia and Kenya: 2.3 million of whom are internally displaced persons (IDPs), and 1.4 million refugees.**","500,000 ind (reported); 5,600,000 ind (in need); 5,400,000 ind (reported); 420,680 ind (reported); 1,400,000 ind (reported); 3,700,000 ind (displaced); 88 ind (reported); 6,256 ind (reported)",,ReliefWeb (UN Office for the Coordination of Humanitarian Affairs),https://reliefweb.int/report/somalia/horn-africa-humanitarian-impacts-drought-issue-9-10-aug-2017,not found,
,,2017,8,Aug,2017-08-01,Drought,AfDB signs US$ 78 million Grant agreements with Governments of Somalia and South Sudan to strengthen drought resilience whilst addressing chronic hunger and malnutrition,"Under this framework, the Bank plans to invest about US$ 1.1 billion as a coordinated response to its Regional Members Countries that have been severely affected by prolonged drought periods and unstable food production. Targeting 804,000 individuals in Somalia and 300,000 individuals in South Sudan, STRERP’s direct food, water, fodder and medical assistance will provide relief to meet the immediate hunger and malnutrition needs faced by communities affected by drought,...",,804000,affected,wider / not specified,"Targeting 804,000 individuals in Somalia and 300,000 individuals in South Sudan, STRERP’s direct food, water, fodder and medical assistance will provide relief to meet the immediate hunger and malnutrition needs faced by communities affected by drought, conflicts and famine.","804,000 ind (reported); 300,000 ind (reported); 804,000 ind (affected); 300,000 ind (affected)",,ReliefWeb (African Development Bank),https://reliefweb.int/report/somalia/afdb-signs-us-78-million-grant-agreements-governments-somalia-and-south-sudan,not found,
,,2017,7,Jul,2017-07-23,Drought,"Sebastian Kurz: ""Allocation of further 5 million euros for drought in Africa""","The Foreign Ministry today announced that Austria will allocate a further 5 million euros in humanitarian aid for the victims of the drought in East Africa. Foreign Minister Sebastian Kurz said in a statement: ""It is our duty and responsibility to help the victims of the drought in Africa.",,,,,,,,ReliefWeb (Government of Austria),https://reliefweb.int/report/world/sebastian-kurz-allocation-further-5-million-euros-drought-africa,not found,
,,2017,7,Jul,2017-07-21,Drought,Pope Francis donates to FAO to assist drought and conflict-stricken populations in East Africa,"Pope Francis said the funds are ""a symbolic contribution to an FAO programme that provides seeds to rural families in areas affected by the combined effects of conflicts and drought.""",,6000000,reported,wider / not specified,"Famine was declared in parts of South Sudan in February and while the situation has eased after a significant scaling up in the humanitarian response, some 6 million people in the country are still struggling to find enough food every day.","6,000,000 ind (reported)",,ReliefWeb (Food and Agriculture Organization of the United Nations),https://reliefweb.int/report/south-sudan/pope-francis-donates-fao-assist-drought-and-conflict-stricken-populations-east,not found,
,,2017,7,Jul,2017-07-07,Drought,EU boosts aid to drought affected countries in the Horn of Africa,"**Additional humanitarian assistance of €60 million will help scale up the response in the three countries worst affected by drought in the Horn of Africa.** The European Commission has announced additional humanitarian assistance of €60 million to help people in Somalia, Ethiopia and Kenya, who have been facing critical levels of food insecurity due to severe drought. The Horn of Africa region has been affected by prolonged drought, particularly severely in south-eastern...",,17000000,reported,wider / not specified,"Some 17 million people are in urgent need of food to survive, while the countries' coping capacities are exhausted.","17,000,000 ind (reported)",,ReliefWeb (European Commission's Directorate-General for European Civil Protection and Humanitarian Aid Operations),https://reliefweb.int/report/somalia/eu-boosts-aid-drought-affected-countries-horn-africa,not found,
Central Equatoria,Juba,2017,7,Jul,2017-07-03,Heavy rainfall,"Heavy rains destroy electricity poles, crash vehicles in Juba",Heavy rains have destroyed electricity poles and crashing vehicles along the road between Custom to the University of Juba.,,,,,,,,Eye Radio,https://eyeradio.org/heavy-rain-destroyed-electricity-poles-crashed-vehicles-juba/,title,
,,2017,6,Jun,2017-06-30,Drought,"WFP Ethiopia Drought Emergency Situation Report #4, June 2017",- As a result of the lower than expected spring rainfall the 2017 Humanitarian Requirements Document (HRD) caseload is expected to be revised after the Mid-Year-Review of the 2017 HRD due to be launched in the coming weeks. - Results of the 2017 multi-sector and multiagency Mid-Year Needs Assessment indicate that the 2017 Belg rains have been poor in many parts of the country. In the Belg dependent areas of Oromia this is the third year with below normal rainfall.,,1500000,displaced,wider / not specified,"- According to the Government's National Flood Task Force, more than 1.5 million people are projected to be affected by flooding during the summer/kiremt season, of whom nearly 500,000 people are expected to be displaced.","1,000,000 ind (reported); 700,000 ind (reported); 7,800,000 ind (in need); 1,700,000 ind (reported); 1,700,000 ind (reported); 1,500,000 ind (displaced); 500,000 ind (displaced)",,ReliefWeb (World Food Programme),https://reliefweb.int/report/ethiopia/wfp-ethiopia-drought-emergency-situation-report-4-june-2017,not found,
,,2017,6,Jun,2017-06-29,Drought,"Kenya: Drought Response Situation Report No. 3, 29 June 2017","- During May, the Kenya Food Security Steering Group conducted the Long Rains Mid-Season Food and Nutrition Security Assessment for 2017 in 14 of the 23 arid and semi-arid lands (ASAL) counties. - The assessment confirmed the delayed onset of the long rains in both marginal agricultural areas and pastoral zones. Cumulative rainfall was below average with a majority receiving 50 to 75 per cent of normal rainfall.",,1600000,reported,wider / not specified,- After a food pipeline break during term I (January to April) the Ministry of Education (MoE) and WFP resumed school meals in ASAL counties for over 1.6 million children.,"344,000 ind (reported); 594,000 ind (reported); 175,655 ind (reported); 139,000 ind (reported); 1,600,000 ind (reported); 4,500 ind (reported)",,ReliefWeb (UN Office for the Coordination of Humanitarian Affairs),https://reliefweb.int/report/kenya/kenya-drought-response-situation-report-no-3-29-june-2017,not found,
,,2017,6,Jun,2017-06-16,Drought,AfDB working with partners to accelerate implementation of drought resilience programme,"Ahead of World Day to Combat Desertification and Drought, the African Development Bank (AfDB) announced that it would work with partners to accelerate the implementation of the Drought Resilience Sustainable Livelihood Support Programme (DRSLP) in the Horn of Africa. World Day to Combat Desertification and Drought is observed every year on June 17 and aims to promote public awareness of international efforts to combat desertification. The African Development Bank has several...",,20000000,in need,wider / not specified,The world faces the largest humanitarian crisis since the end of the Second World War with more than 20 million people requiring humanitarian assistance.,"20,000,000 ind (in need)",,ReliefWeb (African Development Bank),https://reliefweb.int/report/south-sudan/afdb-working-partners-accelerate-implementation-drought-resilience-programme,not found,
,,2017,6,Jun,2017-06-14,Flood,"Internal Displacement Update, Issue 19: 1 - 14 June 2017","More than 35,000 people were displaced by flooding in Mindanao between 3 and 6 June, including as many as 24,000 people from Midsayap in North Cotabato province and about 11,000 in Lambayong, Sultan Kudarat province. All evacuees were staying outside of evacuation centres as of 3 June ([DROMIC, 3 June 2017](http://dromic.dswd.gov.ph/flooding-incident-in-lambayong-sultan-kudarat/); [InterAksyon, 6 June...",,337000,displaced,wider / not specified,"As many as 337,000 people fled conflict and violence between 23 May and 14 June in Marawi, Lanao del Sur province in the Autonomous Region in Muslim Mindanao (ARMM).","35,000 ind (displaced); 24,000 ind (displaced); 337,000 ind (displaced); 310,000 ind (displaced); 17,000 ind (displaced); 600 ind (reported); 49,000 ind (displaced); 29,000 ind (displaced)",,ReliefWeb (Internal Displacement Monitoring Centre),https://reliefweb.int/report/world/internal-displacement-update-issue-19-1-14-june-2017,not found,
,,2017,6,Jun,2017-06-06,Drought,ChildFund Alliance Calls for Urgent Attention on the Drought and Famine in East Africa and Beyond,"Widespread crop failure, livestock death and decreased production of milk and meat have led to crippling food insecurity in this area. A combination of drought, political instability and conflict has caused hundreds of thousands to flee their homes, and tens of thousands have crossed borders. In Kenya, ChildFund has received World Food Programme funds for coordinated drought response.",,,,,,,,ReliefWeb (ChildFund Alliance),https://reliefweb.int/report/south-sudan/childfund-alliance-calls-urgent-attention-drought-and-famine-east-africa-and,not found,
,,2017,5,May,2017-05-31,Drought,"WFP Ethiopia Drought Emergency Situation Report #3, May 2017",- The Ethiopia drought response is facing significant funding shortfalls. The assessment will gauge the level of food and non-food needs in spring (belg-gu-gannasugum) rains-receiving areas across 177 targeted woredas.,,2200000,in need,wider / not specified,"**7.8 million** people in need of relief food assistance, inclusive of an additional 2.2 million people from Amhara, Oromia and SNNPR.","2,200,000 ind (in need)",,ReliefWeb (World Food Programme),https://reliefweb.int/report/ethiopia/wfp-ethiopia-drought-emergency-situation-report-3-may-2017,not found,
,,2017,5,May,2017-05-31,Drought,Inter-Sectoral Response to Drought in Southern and Eastern Africa (May 2017),"In 2015 Africa experienced its worst drought in 60 years. Unfortunately, the drought has continued into 2017 due to lack of significant rainfall. In addition to the drought, armed conflict, and economic decline has further exacerbated the problem for some countries.",,38800000,reported,wider / not specified,"After two consecutive years of drought, more than 38.8 million people across Southern and Eastern Africa are food-insecure and in urgent need of assistance.","38,800,000 ind (reported)",,ReliefWeb (Adventist Development and Relief Agency International),https://reliefweb.int/report/ethiopia/inter-sectoral-response-drought-southern-and-eastern-africa-may-2017,not found,
,,2017,5,May,2017-05-24,Drought,How Drought Escalates Rebel Killings of Civilians,"The 2011 famine in Somalia, caused by a prolonged drought, killed an estimated 260,000 people. Following the drought of 2004, hunger set in, and Naxalite rebels—the armed faction of India’s Communist Party—used violence to commandeer rural farmers’ rice lands, killing hundreds of civilians and driving many more away from their homes and communities. Indeed, in a [recent study](http://www.journals.uchicago.edu/doi/abs/10.1086/691057?af=R) of civil conflict and food shortages,...",,260000,reported,wider / not specified,"The 2011 famine in Somalia, caused by a prolonged drought, killed an estimated 260,000 people.","260,000 ind (reported)",,ReliefWeb (United States Institute of Peace),https://reliefweb.int/report/somalia/how-drought-escalates-rebel-killings-civilians,not found,
,,2017,5,May,2017-05-18,Drought,Drought: A contributing or limiting factor in migration?,"The current drought situation in the Horn of Africa is worryingly familiar, and according to the Food and Agriculture Organization (FAO), the situation is [deteriorating faster than expected](https://reliefweb.int/sites/reliefweb.int/files/resources/FAOHornofAfricaCross-BorderDroughtActionPlan2017.pdf). Severely erratic and below average rainfall has resulted in widespread food insecurity and malnutrition, deteriorating livestock conditions, and the mass movement of...",,700000,displaced,wider / not specified,"In Somalia, the latest figures indicate that [nearly 700,000 people](https://reliefweb.int/node/2024649) have been internally displaced since November 2016, while at least 2,000 Somalis have crossed into Kenya in recent months, and a further 4,000 have entered Ethiopia since the beginning of 2017, all in search of humanitarian assistance.","700,000 ind (displaced)",,ReliefWeb (Mixed Migration Centre),https://reliefweb.int/report/world/drought-contributing-or-limiting-factor-migration,not found,
,,2017,5,May,2017-05-02,Drought,Danish Funding Supports Vulnerable People In Horn Of Africa Drought And South Sudan,"NAIROBI – The United Nations World Food Programme (WFP) welcomes a US$10.7 million (75 million Danish Krone) contribution from the Government of Denmark to help roll back famine in South Sudan and to assist hungry people in Horn of Africa countries hit by drought. “WFP is very grateful to Denmark for helping to sustain the life-saving response against drought in the Horn and because of conflict in South Sudan, where famine was declared in two areas in February,” said Valerie...",,,,,,,,ReliefWeb (World Food Programme),https://reliefweb.int/report/south-sudan/danish-funding-supports-vulnerable-people-horn-africa-drought-and-south-sudan,not found,
,,2017,4,Apr,2017-04-30,Drought,"WFP Ethiopia Drought Emergency Situation Report #2, March - April 2017","- It is expected that the HRD relief and MAM caseload will be revised upwards after the Belg assessment in May/June due to failed Belg rains and the overall deteriorating situation. Nevertheless, the distribution of rains was insufficient to positively impact pasture and water availability. Below average spring rains in the Belg-receiving areas will prolong the already growing emergency response beyond September and may lead to increased needs.",,7800000,in need,wider / not specified,"7.8 million people in need of relief food assistance, inclusive of an additional 2.2 million people from Amhara, Oromia and SNNPR.","7,800,000 ind (in need); 2,200,000 ind (in need); 2,700,000 ind (in need); 2,200,000 ind (reported)",,ReliefWeb (World Food Programme),https://reliefweb.int/report/ethiopia/wfp-ethiopia-drought-emergency-situation-report-2-march-april-2017,not found,
,,2017,4,Apr,2017-04-27,Drought,"Drought, Famine & Displacement Snapshot, April 2017",,,,,,,,,ReliefWeb (UN High Commissioner for Refugees),https://reliefweb.int/report/yemen/drought-famine-displacement-snapshot-april-2017,not found,
,,2017,4,Apr,2017-04-11,Drought,"UNHCR says death risk from starvation in Horn of Africa, Yemen, Nigeria growing, displacement already rising","This warning is in light of droughts that are also affecting many neighbouring countries and a funding shortfall that has become so severe that an avoidable humanitarian crisis in the region, possibly worse than that of 2011, is fast becoming an inevitability. In all, some 20 million people in these countries are in areas affected by drought, 4.2 million of whom are refugees. Consecutive harvests have failed, conflict in South Sudan coupled with drought is leading to famine...",,20000000,affected,wider / not specified,"In all, some 20 million people in these countries are in areas affected by drought, 4.2 million of whom are refugees.","20,000,000 ind (affected); 175,000 ind (reported); 100,000 ind (reported); 1,000,000 ind (reported); 19,000,000 ind (in need); 17,000,000 ind (in need); 5,100,000 ind (reported)",,ReliefWeb (UN High Commissioner for Refugees),https://reliefweb.int/report/south-sudan/unhcr-says-death-risk-starvation-horn-africa-yemen-nigeria-growing-displacement,not found,
,,2017,4,Apr,2017-04-10,Drought,African Drought Crisis: Millions At Risk Of Starvation In East Africa,"The situation is so dire there are fears it can change from drought to widespread famine within the next few months. The world can not wait to see hundreds dying due to famine and drought before collectively doing something. **HHRD is appealing to all patrons of humanity to contribute generously towards our 1 Million Dollars target to raise the minimum amount needed for the ""African Drought Crisis"".**",,20000000,reported,wider / not specified,"More than 20 million people face starvation in East Africa, if immediate water, healthcare, shelter, and nutritious food is not provided to the region and the hardest hit countries of: Kenya, Somalia, Ethiopia, South Sudan, Uganda, and Tanzania (UNOCHA).","20,000,000 ind (reported)",,ReliefWeb (Helping Hand for Relief and Development),https://reliefweb.int/report/kenya/african-drought-crisis-millions-risk-starvation-east-africa,not found,
,,2017,4,Apr,2017-04-07,Drought,Drought in Horn of Africa: More assistance for East Africa,"**East Africa has been hit by the worst drought it has seen for fifty years. The Somali region in eastern Ethiopia has been particularly hard hit by drought. ""Ethiopia has learned from previous droughts and has taken far-reaching precautions this time,"" said Federal Development Minister Gerd Müller.",,5600000,reported,wider / not specified,In Ethiopia 5.6 million people are suffering acute hunger.,"1,700,000 ind (reported); 5,600,000 ind (reported)",,ReliefWeb (Government of Germany),https://reliefweb.int/report/ethiopia/drought-horn-africa-more-assistance-east-africa,not found,
,,2017,4,Apr,2017-04-05,Drought,"Internal Displacement Update, Issue 14: 22 March - 5 April 2017","**Cause of displacement Disaster (Drought, food insecurity and conflict)** More than 444,000 people were displaced directly or indirectly in relation to drought in Somalia between 1 November 2016 and 24 March 2017. More than 4,000 people, mostly women and children from Bay, Gedo and Middle Juba regions, crossed into Ethiopia in early 2017 because of drought (OCHA, 31 March 2017).",,444000,displaced,wider / not specified,"More than 444,000 people were displaced directly or indirectly in relation to drought in Somalia between 1 November 2016 and 24 March 2017.","444,000 ind (displaced); 187,000 ind (displaced); 82,000 ind (reported); 4,000 ind (reported); 20,000 ind (displaced); 5,000 ind (displaced)",,ReliefWeb (Internal Displacement Monitoring Centre),https://reliefweb.int/report/world/internal-displacement-update-issue-14-22-march-5-april-2017,not found,
,,2017,4,Apr,2017-04-04,Drought,Drought in the Horn of Africa points to a need for long-term solutions,"The Horn of Africa is once again hit by drought. The current drought is projected to become the worst in decades, even worse than the one that led to the 2011 East Africa famine.[1] The good news, providing hope, is that the situation could be mitigated. We are helping locals affected by the drought with essentials such as provision of clean drinking water, hygiene and sanitation, food- and cash assistance, emergency health and livelihood support[2].",,20000000,affected,wider / not specified,"The worst affected countries are Somalia, Ethiopia, South Sudan, Kenya and Northern Uganda where somewhere between 16 and 20 million people are facing hunger[3].","20,000,000 ind (affected)",,ReliefWeb (ACT Alliance),https://reliefweb.int/report/somalia/drought-horn-africa-points-need-long-term-solutions,not found,
,,2017,3,Mar,2017-03-31,Drought,Communiqué of the Consultative Meeting of IGAD Member States on the Current Drought Situation in the Region,"Ministers and Commissioners responsible for Disaster Risk Management and Humanitarian Affairs drawn from Member States of the Inter-Governmental Authority on Development (IGAD) namely; Republic of Djibouti, Federal Democratic Republic of Ethiopia, Republic of Kenya, Federal Republic of Somalia, Republic of South Sudan, Republic of the Sudan, and Republic of Uganda held a Consultative Meeting on 31st March 2017 in Nairobi, Kenya with their humanitarian and development...",,,,,,,,ReliefWeb (Intergovernmental Authority on Development),https://reliefweb.int/report/world/communiqu-consultative-meeting-igad-member-states-current-drought-situation-region,not found,
,,2017,3,Mar,2017-03-28,Drought,"Time is running out for children as famine, drought and war threaten millions","NEW YORK/DAKAR/NAIROBI/AMMAN, 28 March 2017 – More than a month after famine was declared in South Sudan, time is running out for more than a million children as drought and armed conflict devastate lives in northeast Nigeria, Somalia, South Sudan and Yemen, UNICEF said today.",,22000000,displaced,wider / not specified,"Some 22 million children have been left hungry, sick, displaced and out of school in the four countries, UNICEF said.","22,000,000 ind (displaced); 3,900,000 ind (reported); 220,000 ind (reported); 1,700,000 ind (reported); 128,000 ind (affected); 30,000 ind (affected)",,ReliefWeb (UN Children's Fund),https://reliefweb.int/report/nigeria/time-running-out-children-famine-drought-and-war-threaten-millions,not found,
,,2017,3,Mar,2017-03-24,Drought,"Horn of Africa cross-border drought action plan 2017: Required response to safeguard livestock-based livelihoods in cross-border areas of Ethiopia, Kenya, Somalia, South Sudan and Uganda, March – June 2017","**Drought in the Horn of Africa** **Drought situation and impact** **The ongoing drought is widespread, and the situation is deteriorating faster than even expected.** Conditions are extremely worrying across southern and southeastern Ethiopia, northern and coastal Kenya, almost all of Somalia, southeastern South Sudan and northeastern Uganda.",,,,,,,,ReliefWeb (Food and Agriculture Organization of the United Nations),https://reliefweb.int/report/south-sudan/horn-africa-cross-border-drought-action-plan-2017-required-response-safeguard,not found,
,,2017,3,Mar,2017-03-23,Drought,FAO Ethiopia Drought response plan and priorities in 2017,"Despite widespread emergency response in Ethiopia’s agriculture sector last year to the El Niño-induced drought, humanitarian needs remain high in 2017. New threats to food security are emerging – including severe drought in southern and southeastern pastoral areas and a growing refugee crisis in Gambella Region.",,,,,,,,ReliefWeb (Food and Agriculture Organization of the United Nations),https://reliefweb.int/report/ethiopia/fao-ethiopia-drought-response-plan-and-priorities-2017,not found,
,,2017,3,Mar,2017-03-17,Drought,Drought Exposes More Complicated Issues Behind High Africa Food Prices,"JOHANNESBURG — It is tempting, says Godfrey Nwosu, to blame Nigeria’s rising food prices on something as simple as a drought that has battered the Lake Chad basin and sent crop yields tumbling across the region. Aid organizations have recently sounded the alarm over a drought that has left 16 million people in East Africa facing hunger. While drought is mostly the culprit for this food crisis, these two nations were already especially vulnerable, says economist Mario...",,16000000,reported,wider / not specified,Aid organizations have recently sounded the alarm over a drought that has left 16 million people in East Africa facing hunger.,"16,000,000 ind (reported)",,ReliefWeb (Voice of America),https://reliefweb.int/report/world/drought-exposes-more-complicated-issues-behind-high-africa-food-prices,not found,
,,2017,3,Mar,2017-03-17,Drought,Drought in Africa 2017,"**Farmers, traders and consumers across East and Southern Africa are feeling the impact of consecutive seasons of drought that have scorched harvests and ruined livelihoods.** [Read more on IRIN](http://www.irinnews.org/feature/2017/03/17/drought-africa-2017)",,,,,,,,ReliefWeb (The New Humanitarian),https://reliefweb.int/report/somalia/drought-africa-2017,not found,
,,2017,3,Mar,2017-03-17,Drought,EU scales up response to famine and drought-affected countries in Horn of Africa with additional €165 million,"Commissioner for Humanitarian Aid and Crisis Management **Christos Stylianides** said: ""The European Union is responding immediately to the needs arising from the severe famine in South Sudan and the dire droughts in Somalia, Ethiopia and Kenya. **Droughts in Somalia, Ethiopia, Kenya** The second part of the package, in the amount of €65 million, is planned to respond to the serious droughts in Somalia, Ethiopia and Kenya.",,,,,,,,ReliefWeb (European Commission),https://reliefweb.int/report/south-sudan/eu-scales-response-famine-and-drought-affected-countries-horn-africa-additional,not found,
Unity,,2017,3,Mar,2017-03-15,Drought,"WFP East & Central Africa Horn of Africa Drought Crisis Situation Report #3, 15 March 2017","- WFP has classified the drought crisis in the Horn of Africa as a Level 2 Emergency. - The Somalia and Kenya Governments have declared the drought situation a “national disaster” and appeal to the international community to support the response efforts. - The drought is evolving against a backdrop of escalating needs in South Sudan, with 4.9 million people requiring emergency food assistance between February and April 2017.",,100000,reported,state named in same sentence,"Of these, 100,000 people in Leer and Mayendit Counties, Unity State are facing famine conditions.","2,900,000 ind (in need); 5,600,000 ind (in need); 2,600,000 ind (in need); 1,000,000 ind (reported); 4,900,000 ind (in need); 100,000 ind (reported)",,ReliefWeb (World Food Programme),https://reliefweb.int/report/somalia/wfp-east-central-africa-horn-africa-drought-crisis-situation-report-3-15-march-2017,state only,
,,2017,3,Mar,2017-03-08,Drought,Horn of Africa: Impact of conflict and drought crises on women and girls (March 2017),"Data analyzed from various partner reports show that drought and conflict in the region has had a negative impact on families, with women and girls bearing a heavier brunt because of prevailing gender roles and practices. Women in parts of Somalia, Ethiopia and Kenya are struggling to keep their families alive amidst devastating drought caused by cyclical below-average rains.",,,,,,,,ReliefWeb (UN Office for the Coordination of Humanitarian Affairs),https://reliefweb.int/report/somalia/horn-africa-impact-conflict-and-drought-crises-women-and-girls-march-2017,not found,
,,2017,3,Mar,2017-03-01,Drought,Why farmers are urged to grow drought-tolerant crops,"The Minister of Environment and Forestry has called on farmers in the south-eastern part of the country to grow drought-resistant crops in the next 3 months. Drought-resistant crops are plants that can tolerate high temperatures, require less water and take a short period of time to grow. Josephine Napon says according to IGAD climate prediction and implication center, the South Eastern areas will have inadequate rainfall during the first trimester of the rainy season.",,,,,,,,Eye Radio,https://eyeradio.org/farmers-urged-grow-drought-tolerant-crops/,not found,
,,2017,2,Feb,2017-02-28,Drought,"WFP Ethiopia Drought Emergency Situation Report #1, January - February 2017","- Of the 5.6 million 2017 HRD beneficiaries, 2.03 million are affected by the ongoing Horn of Africa drought. Over the course of 2015 and 2016, the effects of Ethiopia’s worst drought in 50 years were devastating. Primarily a result of failed Belg (spring harvest) and Meher (main harvest) rains in 2015, along with the onset of El Niño, over 10.2 million people required emergency food and nutrition assistance.",,10200000,in need,wider / not specified,"Primarily a result of failed Belg (spring harvest) and Meher (main harvest) rains in 2015, along with the onset of El Niño, over 10.2 million people required emergency food and nutrition assistance.","5,600,000 ind (in need); 1,300,000 ind (reported); 1,700,000 ind (reported); 10,200,000 ind (in need)",,ReliefWeb (World Food Programme),https://reliefweb.int/report/ethiopia/wfp-ethiopia-drought-emergency-situation-report-1-january-february-2017,not found,
,,2017,2,Feb,2017-02-27,Drought,"Catholic Relief Services Responds to East Africa Hunger Emergency: 23 million Imperiled by Drought, Conflict","CRS in Ethiopia continues to provide emergency food assistance in drought stricken areas and is currently assisting nearly half a million people in the southern and eastern areas of Oromia, and the humanitarian needs are expected to increase over the coming months.",,11000000,displaced,wider / not specified,"In addition, there are more than 11 million internally displaced people in East Africa, who, though they have not crossed an international border, still live in tent cities, dependent on food aid and other external assistance.","23,000,000 ind (reported); 11,000,000 ind (displaced); 1,300,000 ind (reported); 800,000 ind (reported)",,ReliefWeb (Catholic Relief Services),https://reliefweb.int/report/somalia/catholic-relief-services-responds-east-africa-hunger-emergency-23-million-imperiled,not found,
,,2017,2,Feb,2017-02-22,Drought,"Internal Displacement Update, Issue 11: 9 - 22 February 2017","More than 135,000 people were displaced by drought in Somalia between November 2016 and February 2017. About 3,800 people were pushed by drought over the Ethiopian border into Melkadida refugee camp between 1 January and 21 February. Puntland and Somaliland in the north, and central and southern Somalia were the areas that were worst affected ([UNHCR, 21 February 2017](http://www.unhcr.org/news/briefing/2017/2/58ac0a774/inside-somalia-drought-displacement-growing.html)).",,135000,displaced,wider / not specified,"More than 135,000 people were displaced by drought in Somalia between November 2016 and February 2017.","135,000 ind (displaced); 3,800 ind (reported); 47,000 ind (displaced); 1,100,000 ind (reported); 260,000 ind (reported)",,ReliefWeb (Internal Displacement Monitoring Centre),https://reliefweb.int/report/world/internal-displacement-update-issue-11-9-22-february-2017,not found,
,,2017,2,Feb,2017-02-21,Drought,Prolonged drought threatens Greater Horn of Africa,"**NAIROBI, 21 February 2017** – Already grappling with an extended dry spell, countries in Greater Horn of Africa are bracing for an even deeper drought, with the approach of the traditional March to May rainy season offering little cause for comfort. Exacerbated by the El Niño weather phenomenon, below-average rainfall is worsening food security and water availability, straining the resilience of communities across the region. The March to May rains are critical for...",,13000000,reported,wider / not specified,"In 2010-2011, drought and famine left tens of thousands dead, more than half of them children under five, while over 13 million people in Djibouti, Ethiopia, Kenya and Somalia needed food assistance.","5,600,000 ind (reported); 13,000,000 ind (reported)",,ReliefWeb (UN Office for Disaster Risk Reduction),https://reliefweb.int/report/somalia/prolonged-drought-threatens-greater-horn-africa,not found,
Unity,,2017,2,Feb,2017-02-21,Drought,"East Africa Drought Situation Report No. 1 | February 21, 2017","Due to the dual phenomena of El Niño, which began in 2015, and ensuing La Niña, many areas of East Africa have experienced shortened and erratic rainfalls, leading to reduced crop production, poor rangeland conditions in pastoral areas and food insecurity. On February 10, 2017, the President of Kenya declared the drought a national disaster in 23 counties.1 The Kenyan government projects that about 1.3 million people are currently affected by the drought and in need of...",,1300000,affected,wider / not specified,"On February 10, 2017, the President of Kenya declared the drought a national disaster in 23 counties.1 The Kenyan government projects that about 1.3 million people are currently affected by the drought and in need of immediate support.","1,300,000 ind (affected); 2,400,000 ind (reported); 100,000 ind (reported)",,ReliefWeb (Lutheran World Relief),https://reliefweb.int/report/kenya/east-africa-drought-situation-report-no-1-february-21-2017,state only,
,,2017,2,Feb,2017-02-20,Drought,"WFP East & Central Africa Horn of Africa Drought Crisis Situation Report #2, 20 February 2017","· The drought in the Horn of Africa is generating a humanitarian crisis of alarming proportions. · There is a risk of potential famine in parts of Somalia if the upcoming 2017 Gu rain season (April– June) also fails, creating a drought crisis even worse than in 2011. · Governments are leading the planning, implementation and funding of the drought response in Kenya and Ethiopia, with support from humanitarian and development partners.",,11000000,in need,wider / not specified,"The number of people in crisis and emergency food insecurity levels Integrated Phase Classification (IPC) 3 or above in Somalia (2.9 million), Ethiopia (5.6 million) and Kenya (2.6 million) now stands at over 11 million people.","11,000,000 ind (in need); 5,000,000 ind (in need)",,ReliefWeb (World Food Programme),https://reliefweb.int/report/somalia/wfp-east-central-africa-horn-africa-drought-crisis-situation-report-2-20-february,not found,
,,2017,2,Feb,2017-02-14,Drought,Drought is pushing food prices up sharply in East Africa,"14 February 2017, Rome - Drought throughout East Africa has sharply curbed harvests and pushed the prices of cereals and other staple foods to unusually high levels, posing a heavy burden to households and special risks for pastoralists in the region. Inadequate rainfall in most areas of the sub-region has put enormous strain on livestock and their keepers. Poor livestock body conditions due to pasture and water shortages and forcible culls mean animals command lower prices,...",,6200000,affected,wider / not specified,"Somalia's maize and sorghum harvests are estimated to be 75 percent down from their usual level, and some 6.2 million people, more than half of the country's total population, now face acute food insecurity, with the majority of those most affected living in rural areas.","6,200,000 ind (affected)",,ReliefWeb (Food and Agriculture Organization of the United Nations),https://reliefweb.int/report/somalia/drought-pushing-food-prices-sharply-east-africa,not found,
,,2017,2,Feb,2017-02-06,Drought,"WFP East & Central Africa Horn of Africa Drought Crisis Situation Report #1, 6 February 2017","- The drought in the Horn of Africa is generating a humanitarian crisis in Somalia, with urgent needs also in Kenya and Ethiopia. - Governments are leading the planning, implementation and funding of the drought response in Kenya and Ethiopia, with support from humanitarian and development partners. - This drought is evolving against a backdrop of escalating needs in South Sudan, with over 5 million people also in need of urgent assistance.",,11200000,in need,wider / not specified,"The number of people in crisis and emergency food insecurity levels (Integrated Phase Classification (IPC) 3 or above) now stands at 11.2 million people, with 2.9 million in Somalia, 5.6 million in Ethiopia, and 2.7 million in Kenya.","11,200,000 ind (in need); 5,000,000 ind (in need)",,ReliefWeb (World Food Programme),https://reliefweb.int/report/somalia/wfp-east-central-africa-horn-africa-drought-crisis-situation-report-1-6-february-2017,not found,
,,2017,1,Jan,2017-01-18,Drought,Kapoeta faces hunger and water shortage,Louis Lobong says this hunger crisis started since last year due to poor harvests because of poor rainfall. During the year there is little rainfall.,,,,,,,,Eye Radio,https://eyeradio.org/kapoeta-faces-hunger-water-shortage/,not found,
,,2017,1,Jan,2017-01-17,Drought,New drought risks in Ethiopia put recovery at risk,"*FAO targets pastoralists in southern regions facing failed rains on heels of a calamitous El Niño* 17 January 2016, Rome-New drought across swathes of southern Ethiopia may jeopardize the East African nation's restoration of food security after the worst agricultural seasons in decades unless urgent efforts are made to shore up vulnerable households in rural areas, FAO warned today. While an impressive government-led humanitarian effort has sharply reduced the number of...",1900000,1300000,affected,wider / not specified,"After having reached 1.3 million farmers and herders affected by the El Niño-induced drought in 2016, FAO is appealing for $20 million to reach one million farming, agro-pastoral and pastoral households in 2017, with the aim of protecting gains made last year and preventing vulnerable households from slipping further into food insecurity. | It advises that the bulk of the agriculture sector needs are related to assistance to pastoralists and agropastoralists livestock assistance - a total of $42","1,900,000 HH (affected); 1,300,000 ind (affected)",,ReliefWeb (Food and Agriculture Organization of the United Nations),https://reliefweb.int/report/ethiopia/new-drought-risks-ethiopia-put-recovery-risk,not found,
Central Equatoria,Juba,2017,1,Jan,2017-01-16,Flood,"South Sudan: 200,000 IDPs and their hosts take over basic service facilities such as water, sanitation, flood control and agricultural materials from Japan and UN-Habitat","Juba, 16 January 2017 – The United Nations programme responsible for human settlements (UN-Habitat) has delivered flood protection measures, water and sanitation and livelihood materials, worth $2.4 million, to 200,000 internally-displaced persons (IDPs), returnees and host communities in South Sudan. With funding from the Government of Japan, UN-Habitat supported living conditions of IDPs and returnees with flood prevention, water and sanitation and livelihood facilities in...",,200000,reported,county named in same sentence,"The facilities handed over to the local communities in the outskirts of cities of Juba and Wau include communal piped water supply systems, toilet facilities, flood control systems, community road expansion and grading, a community centre, and agricultural implement and equipment for 200,000 IDPs and refugees, and their host communities.","200,000 ind (reported); 200,000 ind (reported)",Wau,ReliefWeb (UN Human Settlements Program),https://reliefweb.int/report/south-sudan/south-sudan-200000-idps-and-their-hosts-take-over-basic-service-facilities-such,body,
Western Bahr el Ghazal,Wau,2017,1,Jan,2017-01-04,Flood,UN Habitat hands over flood protection and water project to Marial Bai County,"UN Habitat has handed over a Flood Protection, Water and Sanitation and Livelihood project to Alel Chok payam, Marial Bai County, Wau state. Santino Mangok Akot, Marial Bai chief said creation of drainage system has controlled flooding and that they now have safe drinking water. There was flooding everywhere but when road was constructed and drainages created, flooding stopped.",,10000,reported,wider / not specified,"This water is going to benefit about 10,000 residents comprised of returnees and IDPs residing in Ayel Chok.","10,000 ind (reported)",,ReliefWeb (UN Mission in South Sudan),https://reliefweb.int/report/south-sudan/un-habitat-hands-over-flood-protection-and-water-project-marial-bai-county,body,
,,2016,12,Dec,2016-12-08,Drought,Drought largest threat to Uganda's growth – Kasaija,"*Uganda’s economic woes do not seem like they are about to end if the ongoing drought in some parts of the country continues* Uganda’s economic woes do not seem like they are about to end if the ongoing drought in some parts of the country continues. According to Mr Matia Kasaija, the finance minister, the ongoing drought in several parts of the country is the largest threat to the projected growth in the economy of five percent.",,,,,,,,ReliefWeb (Monitor-Uganda),https://reliefweb.int/report/uganda/drought-largest-threat-ugandas-growth-kasaija,not found,
,,2016,11,Nov,2016-11-28,Drought,From Global Warming to Genocide Warning: Climate Change and Mass Atrocities,"In the winter of 2006 Syria experienced the beginning of the most crippling drought in its recorded history. During the three-year drought, more than 1.5 million Syrians fled from their farms, migrating to Aleppo, Damascus, Homs and other urban centers. Rising temperatures and declining rainfall afflicted the entire Fertile Crescent, where agriculture was first born about 11,000 years ago, but fell particularly severely upon Syria.",,,,,,,,ReliefWeb (Global Centre for the Responsibility to Protect),https://reliefweb.int/report/world/global-warming-genocide-warning-climate-change-and-mass-atrocities,not found,
,,2016,10,Oct,2016-10-26,Drought,Eight million in East Africa face starvation as drought eats into low food reserves,"- In Kenya, more than one million people, mostly in the northeastern and coastal areas, are facing starvation; in Uganda, the below-average crop production due to drought has left close to half a million people in Karamoja, Teso, Acholi and West Nile regions exposed to hunger. In Kenya, more than one million people, mostly in the northeastern and coastal areas, are facing starvation; in Uganda, the below-average crop production due to drought has left close to half a million...",,2300000,in need,wider / not specified,"- In Burundi, insecurity and the economic downturn have led to a disruption of markets, farming activities and livelihoods, leaving more than 2.3 million people severely food insecure.","2,300,000 ind (in need); 2,300,000 ind (in need)",,ReliefWeb (EastAfrican),https://reliefweb.int/report/kenya/eight-million-east-africa-face-starvation-drought-eats-low-food-reserves,not found,
,,2016,10,Oct,2016-10-25,Drought,The EU has announced new actions to respond to the El Niño and food security crisis in the Horn of Africa,"**Four new actions worth €66.5 million will be funded under the EU Emergency Trust Fund for Africa to address the destructive impacts of the El Niño phenomenon in the Horn of Africa region, such as floods and droughts.** El Niño is the phenomenon of rising temperatures of surface sea water, which causes different extreme events such as floods and droughts. Droughts and other climate change-related occurrences are a major driver of displacement in the region.",,,,,,,,ReliefWeb (European Commission),https://reliefweb.int/report/ethiopia/eu-has-announced-new-actions-respond-el-ni-o-and-food-security-crisis-horn-africa,not found,
,,2016,9,Sep,2016-09-30,Flood,Flooding in the Greater Horn of Africa: building effective early warning systems,"- There is a clear need to increase the efficacy of Early Warning Systems (EWS) in the Greater Horn of Africa (GHA), to reduce the impact of flooding events on the lives and livelihoods of people living in that region. It must ensure that its users are motivated to take appropriate action in the event of a (flooding) disaster",,,,,,,,ReliefWeb (Wilton Park),https://reliefweb.int/report/world/flooding-greater-horn-africa-building-effective-early-warning-systems,not found,
Central Equatoria,Juba,2016,9,Sep,2016-09-14,Flood,Floods disrupt Juba-Rumbek movements,"Rumbek has been cut from Juba by both pluvial and fluvial floods, the Minister of Information in Western Lakes has told Eye Radio. The vehicles are stuck across a river, which is also overflowing to increase the flood. “People are now trying to live on the little that came before the flooding,” he said.",,,,,,,Rumbek Centre; Bor South,Eye Radio,https://eyeradio.org/floods-disrupt-juba-rumbek-movements/,title,
,,2016,9,Sep,2016-09-06,Drought,"ACAPS Briefing Note: Kenya - Drought in Kilifi, Mandera, Marsabit, Tana River, Turkana, and West Pokot Counties (6 September 2016)","**OVERVIEW** As of July, 1.2 million people in Kenya acutely need food assistance, an increase of 500,000 from February.",,1200000,reported,wider / not specified,"As of July, 1.2 million people in Kenya acutely need food assistance, an increase of 500,000 from February.","1,200,000 ind (reported)",,ReliefWeb (ACAPS),https://reliefweb.int/report/kenya/acaps-briefing-note-kenya-drought-kilifi-mandera-marsabit-tana-river-turkana-and-west,not found,
Northern Bahr el Ghazal,Aweil Centre,2016,8,Aug,2016-08-29,Flood,Floods threaten Aweil residents,"Floods which submerged suburbs on the outskirts of Aweil town last week are now advancing to the town, an official has said. On Friday, Aweil State Governor Ronald Ruay Deng said crops and houses had been destroyed by the floods caused by the overflow of rivers and so much rainfall. This morning, Mr Ruai told Eye Radio that the level and speed of the floods was increasing.",,,,,,,,Eye Radio,https://eyeradio.org/floods-threaten-aweil-residents/,title,
Jonglei,Fangak,2016,8,Aug,2016-08-23,Flood,Fangak IDPs suffer waterborne diseases,"Many people are suffering from waterborne diseases after recent floods that displaced many people in Fangak, the state health officials have said. Last week, the Red Cross announced that more than 700 households have been evacuated to high lands due to flood in Old Fangak. Waterborne diseases are common in Fangak state due to annual flooding.",700,,displaced,county named in same sentence,"Last week, the Red Cross announced that more than 700 households have been evacuated to high lands due to flood in Old Fangak.",700 HH (displaced),,Eye Radio,https://eyeradio.org/fangak-idps-suffer-waterborne-diseases/,title,https://eyeradio.org/red-cross-evacuates-fangaks-flood-victims/
Jonglei,Twic East,2016,8,Aug,2016-08-16,Flood,UNMISS assists flood victims in greater Bor/Twic east area,"Mechanical engineers, belonging to the Republic of Korea peacekeeping contingent of UNMISS, have been working hard to repair flood-affected roads and bring under control rising water levels in Bor town in SouthSudan. The high intensity of rainfall has meant that Bor town has had to contend with roads flooding, making them unusable for the local population and humanitarian actors in the region.",,,,,,,Bor South,ReliefWeb (UN Mission in South Sudan),https://reliefweb.int/report/south-sudan/unmiss-assists-flood-victims-greater-bortwic-east-area,title,
Jonglei,Fangak,2016,8,Aug,2016-08-15,Flood,Red Cross evacuates Fangak flood victims,"The South Sudan Red Cross says it has started evacuating hundreds of people affected by floods in Fangak State. Heavy rains that started last month in the area have destroyed property and left some residents homeless. Fangak State Director of Red Cross, David Gai Deer, says volunteers are helping more than 700 households who have been affected by the floods in Old Fangak.",700,,affected,county named in same sentence,"Fangak State Director of Red Cross, David Gai Deer, says volunteers are helping more than 700 households who have been affected by the floods in Old Fangak.",700 HH (affected),,Eye Radio,https://eyeradio.org/red-cross-evacuates-fangaks-flood-victims/,title,
,,2016,8,Aug,2016-08-11,Drought,"Africa: War On Climate Terror (II) - Fleeing Disasters, Escaping Drought, Migrating","ROME, Aug 11 2016 (IPS) - “No one can deny the terrible similarities between those running from the threat of guns and those fleeing creeping desertification, water shortages, floods and hurricanes.” 1) – Droughts combined with population growth, a lack of sustainable land and water management, natural disasters, political conflicts and tensions and other factors have resulted in massive population movements across Africa, the United Nations Environment Programme...",,22500000,displaced,wider / not specified,"Since 2009, an estimated one person every second has been displaced by a disaster, with an average of 22.5 million people displaced by climate or weather-related events since 2008, according to the International Displacement Monitoring Centre [www.internal-displacement.org](http://www.internal-displacement.org/)report.","15,000,000 ind (displaced); 20,000,000 ind (displaced); 22,500,000 ind (displaced)",,ReliefWeb (Inter Press Service),https://reliefweb.int/report/world/africa-war-climate-terror-ii-fleeing-disasters-escaping-drought-migrating,not found,
Jonglei,Twic East,2016,8,Aug,2016-08-09,Flood,"Floods displace over 20,000 in Twic East","More than 20,000 people have been displaced by floods in seven villages the area, according to the Commissioner of Twic East County, Jonglei. He said crops were destroyed in the floods. Akoi says county officials are trying to mobilize community members to build small dykes in the affected areas.",,20000,displaced,county named in same sentence,"More than 20,000 people have been displaced by floods in seven villages the area, according to the Commissioner of Twic East County, Jonglei.","20,000 ind (displaced)",,Eye Radio,https://eyeradio.org/floods-displace-20000-twic-east/,title,
,,2016,8,Aug,2016-08-07,Flood,Nile Water: Why Ethiopia’s new dam is a ‘no-war’ project,"The area that will be flooded is still savanna grassland, but a section of it has been trimmed into shrub. Mr Bekele gave the details in a power point presentation on arrival of the Egyptian, South Sudanese, Ethiopian and Sudanese penmen at the site: the project would reduce the likelihood of drought in Egypt and Sudan, reduce emission of carbon dioxide, and reduces evaporation. For Egypt, the analysis continued, additional storage of Nile water would allow for greater...",,,,,,,,Eye Radio,https://eyeradio.org/nile-water-ethiopias-dam-no-war-project/,not found,
,,2016,7,Jul,2016-07-06,Flood,"Ethiopia El Niño Emergency - Fast Facts, July 2016","- Ethiopia has been experiencing one of the worst droughts in decades. The main rainy season (kiremt rains) that is vital for producing over 80 per cent of Ethiopia’s agricultural yield – in an industry that employs 85 per cent of the country’s workforce – failed in 2015, and a powerful El Niño weather event continues to wreak havoc on children’s lives and their families’ livelihoods. And this year approximately 6 million children are at risk from hunger, disease and lack of...",,485000,affected,wider / not specified,"It is expected that some 485,000 people will be affected by flooding.","10,000,000 ind (in need); 6,000,000 ind (reported); 458,000 ind (reported); 2,500,000 ind (reported); 485,000 ind (affected); 150,000 ind (displaced); 4,500,000 ind (in need)",,ReliefWeb (UN Children's Fund),https://reliefweb.int/report/ethiopia/ethiopia-el-ni-o-emergency-fast-facts-july-2016,not found,
,,2016,7,Jul,2016-07-04,Drought,"2015–2016 El Niño: Early action and response for agriculture, food security and nutrition - Update # 9","While reduced rainfall and drought is a key outcome of El Niño, the phenomenon can also cause heavy rains and flooding. The agriculture, food security and nutritional status of 60 million people around the globe is affected by El Niño-related droughts, floods and extreme hot and cold weather. For drought, agriculture is the single most affected sector, absorbing around 84 percent of all the economic impact.",,3500000,affected,wider / not specified,"- Central America – currently experiencing the worst drought in decades, which is affecting food insecurity for a second consecutive year, with over 3.5 million people in need of humanitarian assistance after suffering major crop losses due to prolonged drought conditions.","10,200,000 ind (in need); 4,700,000 ind (in need); 1,700,000 ind (reported); 39,700,000 ind (in need); 4,600,000 ind (in need); 3,500,000 ind (affected); 2,700,000 ind (affected)",,ReliefWeb (Food and Agriculture Organization of the United Nations),https://reliefweb.int/report/world/2015-2016-el-ni-o-early-action-and-response-agriculture-food-security-and-nutrition-5,not found,
,,2016,6,Jun,2016-06-22,Drought,El Niño: Overview of impacts and humanitarian needs in Africa,"The El Niño phenomenon is now in a neutral phase, but food insecurity caused by drought is not likely to peak before December. In Eastern and Southern Africa,1 some 50 million people are food insecure, many due to drought exacerbated by El Niño or due to a combination of drought and conflict. Areas now experiencing drought could face flooding, and areas that have seen excessive rainfall with El Niño could experience drought.",,40000000,in need,wider / not specified,"SADC indicates that more than 40 million people are at risk of being food insecure by the end of the year, of which an estimated 21 million are thought to require humanitarian assistance.","40,000,000 ind (in need)",,ReliefWeb (UN Office for the Coordination of Humanitarian Affairs),https://reliefweb.int/report/world/el-ni-o-overview-impacts-and-humanitarian-needs-africa,not found,
Eastern Equatoria,Torit,2016,6,Jun,2016-06-13,Drought,Angry residents beat ‘drought-maker’ to death,"Taban Uyev was beaten to death on Wednesday over the accusation that he used his magic powers to prevent rainfall in the area. Kediba Payam has had no enough rainfall for the last two months, making it hard for the communities to cultivate their farmland. Youths from Hiyala Payam killed a man after accusing him of causing a drought in the area.",,,,,,,,Eye Radio,https://eyeradio.org/angry-residents-beat-drought-maker-death/,body,
,,2016,5,May,2016-05-31,Flood,"Ethiopia El Niño Emergency - Fast Facts, June 2016","• Ethiopia has been experiencing one of the worst droughts in decades. The main rainy season (kiremt rains) that is vital for producing over 80 per cent of Ethiopia’s agricultural yield – in an industry that employs 85 per cent of the country’s workforce – failed in 2015, and a powerful El Niño weather event continues to wreak havoc on children’s lives and their families’ livelihoods. And this year approximately 6 million children are at risk from hunger, disease and lack of...",,485000,displaced,wider / not specified,"It is expected that some 485,000 people will be affected by flooding of which 150,000 are expected to be displaced.","10,000,000 ind (in need); 6,000,000 ind (reported); 458,000 ind (reported); 2,500,000 ind (reported); 485,000 ind (displaced); 4,500,000 ind (in need)",,ReliefWeb (UN Children's Fund),https://reliefweb.int/report/ethiopia/ethiopia-el-ni-o-emergency-fast-facts-june-2016,not found,
,,2016,5,May,2016-05-31,Drought,"2015–2016 El Niño: Early action and response for agriculture, food security and nutrition - Update # 8","While reduced rainfall and drought is a key outcome of El Niño, the phenomenon can also cause heavy rains and flooding. The agriculture, food security and nutritional status of 60 million people around the globe is affected by El Niño-related droughts, floods and extreme hot and cold weather. For drought, agriculture is the single most affected sector, absorbing around 84 percent of all the economic impact.",,3500000,affected,wider / not specified,"- Central America – currently experiencing the worst drought in decades, which is affecting food insecurity for a second consecutive year, with over 3.5 million people food insecure and in need of humanitarian assistance after suffering major crop losses due to prolonged drought conditions.","10,200,000 ind (reported); 4,700,000 ind (in need); 1,700,000 ind (reported); 32 ind (in need); 4,600,000 ind (in need); 3,500,000 ind (affected); 2,700,000 ind (affected)",,ReliefWeb (Food and Agriculture Organization of the United Nations),https://reliefweb.int/report/world/2015-2016-el-ni-o-early-action-and-response-agriculture-food-security-and-nutrition-4,not found,
,,2016,5,May,2016-05-27,Flood,Eastern & Southern Africa: Regional Flood Update (Jan - May 2016),"Throughout the region, heavy rains that intensified in late April have resulted in excessive flooding, affecting more than half a million people; damaging infrastructure and livelihoods and caused over 370 deaths. Although the rains have also brought relief to some areas that have been affected by the worst drought in decades, namely; parts of Ethiopia, Puntland, Somaliland and a number of countries in southern Africa, the food security situation in these areas is not...",,31600000,in need,wider / not specified,"Across southern Africa, an estimated 31.6 million people are already food insecure and while the meagre April/May 2016 harvest will temporarily improve food access in parts of the region over the short term, food security is likely to begin deteriorating by July, reaching its peak between December 2016 and April 2017.","19,900,000 ind (in need); 31,600,000 ind (in need)",,ReliefWeb (UN Office for the Coordination of Humanitarian Affairs),https://reliefweb.int/report/ethiopia/eastern-southern-africa-regional-flood-update-jan-may-2016,not found,
,,2016,5,May,2016-05-13,Drought,Communities in Ethiopia surviving despite El Niño drought,"**Food and water distributions are helping communities survive despite El Niño-caused droughts but long-term needs remain, blogs Plan International’s Jonathan Mitchell.** Rainfall is long overdue in Ethiopia. Travelling to Lalibella in the Amhara Region, the land is bone dry and the region is in the midst of a drought caused by the El Niño weather phenomenon.",,7000,reported,wider / not specified,"The system supplies life-saving water via trucks from Lalibela's water supply system to 6 distribution points in the Lasta and Bugna districts on a daily basis, benefiting over 7,000 people.","500 ind (reported); 7,000 ind (reported)",,ReliefWeb (Plan International),https://reliefweb.int/report/ethiopia/communities-ethiopia-surviving-despite-el-ni-o-drought,not found,
,,2016,4,Apr,2016-04-29,Drought,IGAD Member States and Development Partners renew Commitment to Ending Drought Emergencies in the Region,"29-04-2016, Nairobi: The Intergovernmental Authority on Development (IGAD) this morning held the 4th Drought Disaster Resilience and Sustainability Initiative (IDDRSI) General Assembly in Nairobi. Mwangi highlighted that Kenya has made good progress in mitigating drought emergencies during the last couple of years even if challenges remained. He then gave a comprehensive overview of the various steps his Ministry and the government of Kenya took towards ending drought...",,,,,,,,ReliefWeb (Intergovernmental Authority on Development),https://reliefweb.int/report/world/igad-member-states-and-development-partners-renew-commitment-ending-drought-emergencies,not found,
,,2016,4,Apr,2016-04-26,Drought,IGAD to Measure Progress in Implementation of Resilience to Drought Regional Initiative,Intergovernmental Authority on Development (IGAD) this morning inaugurated the Sixth Steering Committee Meeting of their Drought Disaster Resilience and Sustainability Initiative (IDDRSI) in Nairobi. These two IDDRSI Platform meetings will review the progress made in the implementation of the drought resilience initiative throughout the IGAD region; examine the challenges met and the opportunities available; and discuss proposals and recommendations for the way forward. It...,,,,,,,,ReliefWeb (Intergovernmental Authority on Development),https://reliefweb.int/report/world/igad-measure-progress-implementation-resilience-drought-regional-initiative,not found,
,,2016,1,Jan,2016-01-31,Drought,Ban urges world to support Ethiopia's efforts to battle worst drought in 30 years,"31 January 2016 – The international community must stand with the people of Ethiopia in their time of need, United Nations [Secretary-General](http://www.un.org/sg/) Ban Ki-moon said today, urging donors gathered in Addis Ababa to step up assistance to the drought-hit country, which is battling the effects of one of the most powerful El Niño events in recorded history, made worse by the impact of climate change. “The people of this beautiful country are facing their worst...",,,,,,,,ReliefWeb (UN News Centre),https://reliefweb.int/report/ethiopia/millions-ethiopia-facing-worst-drought-decades-un,not found,
,,2016,1,Jan,2016-01-29,Heavy rainfall,El Niño: Overview of Impact and Projected Humanitarian Needs and Response as of 29 January 2016,"Droughts in Southern and Eastern Africa continue to contribute to a declining food security, nutrition and health situation. El Niño’s protracted effects and the possibility of a severe La Niña event mean millions more are at risk of hunger, disease and water shortages in the months ahead. In Southern Africa, El Niño has led to severe drought conditions, which is expected to significantly affected the April 2016 harvest and have a devastating impact on food security over the...",,,,,,,,ReliefWeb (UN Office for the Coordination of Humanitarian Affairs),https://reliefweb.int/report/world/el-ni-o-overview-impact-and-projected-humanitarian-needs-and-response-29-january-2016,not found,
,,2016,1,Jan,2016-01-22,Flood,"El Niño and Health: Global Overview, January 2016","El Niño is a warming of the central to eastern tropical Pacific Ocean which affects rainfall patterns and temperatures in many parts of the world but most intensely in the tropical regions of Africa, Asia-Pacific, and Latin America which are particularly vulnerable to natural hazards. According to a new report by WHO, severe drought, flooding, heavy rains and temperature rises are all known effects of El Niño that can lead to food insecurity and malnutrition, disease...",,22000000,affected,wider / not specified,"In the Horn of Africa, the devastating drought which has affected 22 million people has been followed by unusually heavy rains with a higher risk of vector borne-disease such as malaria, and outbreaks of other communicable diseases including measles and cholera.","22,000,000 ind (affected); 4,200,000 ind (affected); 100,000 ind (displaced)",,ReliefWeb (World Health Organization),https://reliefweb.int/report/world/el-ni-o-and-health-global-overview-january-2016,not found,
