state,county,n_zones,zones,primary_zone,livelihood_summary,main_crops,seasonal_calendar,lean_season,flood_pattern,main_hazards,wealth_determinants,markets_and_trade,consumption_calendar_poor,income_and_expenditure,access_constraints,coping_and_notes,source
Central Equatoria,Juba,3,SS03 Highland forest and sorghum (91%); SS08 Nile basin fishing and agro-pastoral (5%); SS02 Ironstone Plateau agro-pastoral (4%),SS03 Highland forest and sorghum,"SS03: Cereal-deficit agricultural zone with minor livestock; single growing season; access to wild foods and gold extraction | SS08: Fishing, rain-fed cropping, livestock and wild foods on a narrow swampy floodplain along the Nile; river ports critical for trade | SS02: Moderately productive agro-pastoral zone: cereals and legumes, cattle and small livestock","SS03: Maize, sorghum, millet, groundnuts, cowpeas, sweet potatoes, vegetables | SS08: Sorghum (staple), maize, cowpeas, groundnuts, vegetables (okra, pumpkins) | SS02: Sorghum (main), millet, maize, groundnut, sesame, cassava, sweet potatoes, vegetables","SS03: Rainy season Apr-Nov; dry planting from March; weeding Apr-Jun; harvest from Aug; dry spells Jun-Jul; lean season Jun-Aug | SS08: Fishing year-round, lowest in the rains; land preparation Feb-Mar; harvest Sep-Nov; vegetables in dry season; livestock sales Feb-Jul; fish sales Jan-Apr and Aug-Nov | SS02: Single rainy season Apr-early Nov; land preparation Feb-Mar; planting Apr-May; weeding Jun-Jul; lean season Jun-Jul; groundnut and sesame harvest from Aug, sorghum from Oct",SS03: Jun-Aug | SS08: Poor households buy sorghum from about Mar after own stocks run out; fish sales Jan-Apr and Aug-Nov | SS02: Jun-Jul,SS03: Floods at least every 2 years in the rainy season (Apr-Nov); lowland market access affected | SS08: Flooding every 3-5 years plus the annual river rise | SS02: Floods every year in Sep-Oct,SS03: Floods at least once every 2 years in the rainy season (Apr-Nov); mid-season dry spells May-Jun; annual crop pests; conflict | SS08: Flooding every 3-5 years plus the annual river rise; crop pests; livestock disease; localized cattle raiding | SS02: Drought about every 12 years; annual crop pests and livestock disease; periodic river floods; inter-clan conflict,"SS03: Land cultivated and livestock, especially cattle (poor under 1 ha and no livestock except chickens; better-off at least 5 cattle, ox-plows or tractors, 1.4-2 ha) | SS08: Land cultivated (poor about 0.5 ha; better-off over 1 ha), fishing equipment and livestock | SS02: Land size cultivated (poor 0.42-0.84 ha, fewer than 5 goats or sheep; better-off over 20 goats/sheep and cattle, ox-plows, tractors, power saws)","SS03: Juba, Torit, Lafon and Kapoeta trading centers; Nimule and Tseretenya border points with Uganda; routes Juba-Torit, Juba-Nimule, Torit-Ikotos; barter (for example tobacco) common | SS08: Malakal (main fish market, outside zone), Gut Thom (livestock, cereals, fish), Panyijiar, Awerial, Ayod (livestock); five river ports (Malakal, Adok, Shambe, Bor, Juba) critical for trade | SS02: Rumbek, Yirol, Terekeka, Cueibet, Wulu, Mvolo, Tonj, Wau, Juba; corridors Juba-Rumbek-Wau and Maridi-Mvolo-Rumbek; goods mostly from Juba and Uganda","SS03: Poor rely on own crops about 7 months, now 3-4 months; buy sorghum and maize Mar/Apr to Aug; wild foods available up to 6 months | SS08: Poor sorghum harvest normally 6-7 months (mid-Aug to Feb), now 2-4 months; buy sorghum from March and maize from January; fish sales Jan-Apr and Aug-Nov | SS02: Own cereal normally lasts 8 months (Aug-Mar), now 3-5 months; poor buy sorghum Apr-Jul and millet Jun-Jul; cassava year-round","SS03: Poor: labor, charcoal, bamboo, gold extraction; better-off: crop sales, petty trade, timber; school fees Mar-Apr | SS08: Poor: fish, river products, wild foods, firewood, papyrus mats, brew, labor; better-off: milk, fish, crops, livestock, retail trade; school fees paid Apr, Jul, Oct | SS02: Lean-season income from firewood, charcoal, thatching grass; better-off sell sorghum, millet, vegetables, cattle, honey; health expenses peak Jun-Aug","SS03: Poor roads, insecurity, long distances, flooding of lowlands in the rains; staple prices up 7-8 times in Torit and Juba since 2016 while wages rose 2-3 times | SS08: Wetland logistics: roads beyond the river difficult and seasonally unreliable; transport by canoe and motor boat; displacement and conflict disrupt fishing and farming; Bor sorghum and maize prices up 5-7 times since 2016 | SS02: Unpaved roads hard to use in the rains; very high inflation (up to 10-20 times for some goods since 2016); interclan conflict; tsetse and cattle disease","SS03: Sale of charcoal, bamboo, wild game, honey, gold and agricultural labor | SS08: Sorghum harvest normally lasts 6-7 months, now 2-4; poor households sell fish, firewood, papyrus mats and brew | SS02: Poor sell firewood, charcoal, grass, mats, shea oil, wild foods and labor; better-off sell sorghum, millet, cattle and honey","FEWS NET South Sudan Livelihood Zone Map and Descriptions, Aug 2018; zone shares from FEWS NET 2018 shapefile overlaid on county boundaries"
Central Equatoria,Kajo-keji,1,SS01 Equatorial maize and cassava (100%),SS01 Equatorial maize and cassava,"Highly productive surplus rain-fed farming with some livestock, fishing, hunting and forest products; good cross-border markets","Maize, sorghum, groundnuts, soya, cassava, sweet potatoes, rice, vegetables; Robusta coffee as cash crop","Two rainy seasons (Mar-Jun, Aug-Nov); land preparation Jan-Mar; planting mid-Mar to May; cereal harvest Jul-Aug and Nov-Dec",Dry-season stocks decline from about Apr; lean season ends late Jun when green maize is eaten,"River and stream floods Aug-Oct, about every 4 years; seasonal flooding makes some roads impassable in the rains",Dry spells May-Jul (about every 2 years); river and stream floods Aug-Oct (about every 4 years); crop pests every rainy season; conflict and insecurity,"Land cultivated (poor about 0.8 ha, hand tools; better-off 2-4 ha with hired labor and tractors), crop types grown in both seasons, productive assets","Border markets Nabiapai and Bazi (DRC, Kenya, Uganda); Yambio, Yei, Ikotos, Nimule, Namaku, Koliko; surplus maize sold to traders and WFP (P4P); roads to Juba; several currencies in use","Own crops normally last poor households about 9 months (Jul-Mar), now 4-7 months; market purchase of maize, sorghum and other foods for remaining months; wild food consumption peaks in rains; better-off largely self-sufficient","Poor: bush product sales, labor, brewing; better-off: food and cash crop (coffee) sales, retail trade; livestock sales peak in dry season",Poor road maintenance and seasonal flooding make some roads impassable in the rains; insecurity; long distances; inflation; displacement to Uganda and IDP camps,"Wild foods, bush product and charcoal sales, labor migration, remittances, livestock sales","FEWS NET South Sudan Livelihood Zone Map and Descriptions, Aug 2018; zone shares from FEWS NET 2018 shapefile overlaid on county boundaries"
Central Equatoria,Lainya,1,SS01 Equatorial maize and cassava (100%),SS01 Equatorial maize and cassava,"Highly productive surplus rain-fed farming with some livestock, fishing, hunting and forest products; good cross-border markets","Maize, sorghum, groundnuts, soya, cassava, sweet potatoes, rice, vegetables; Robusta coffee as cash crop","Two rainy seasons (Mar-Jun, Aug-Nov); land preparation Jan-Mar; planting mid-Mar to May; cereal harvest Jul-Aug and Nov-Dec",Dry-season stocks decline from about Apr; lean season ends late Jun when green maize is eaten,"River and stream floods Aug-Oct, about every 4 years; seasonal flooding makes some roads impassable in the rains",Dry spells May-Jul (about every 2 years); river and stream floods Aug-Oct (about every 4 years); crop pests every rainy season; conflict and insecurity,"Land cultivated (poor about 0.8 ha, hand tools; better-off 2-4 ha with hired labor and tractors), crop types grown in both seasons, productive assets","Border markets Nabiapai and Bazi (DRC, Kenya, Uganda); Yambio, Yei, Ikotos, Nimule, Namaku, Koliko; surplus maize sold to traders and WFP (P4P); roads to Juba; several currencies in use","Own crops normally last poor households about 9 months (Jul-Mar), now 4-7 months; market purchase of maize, sorghum and other foods for remaining months; wild food consumption peaks in rains; better-off largely self-sufficient","Poor: bush product sales, labor, brewing; better-off: food and cash crop (coffee) sales, retail trade; livestock sales peak in dry season",Poor road maintenance and seasonal flooding make some roads impassable in the rains; insecurity; long distances; inflation; displacement to Uganda and IDP camps,"Wild foods, bush product and charcoal sales, labor migration, remittances, livestock sales","FEWS NET South Sudan Livelihood Zone Map and Descriptions, Aug 2018; zone shares from FEWS NET 2018 shapefile overlaid on county boundaries"
Central Equatoria,Morobo,1,SS01 Equatorial maize and cassava (100%),SS01 Equatorial maize and cassava,"Highly productive surplus rain-fed farming with some livestock, fishing, hunting and forest products; good cross-border markets","Maize, sorghum, groundnuts, soya, cassava, sweet potatoes, rice, vegetables; Robusta coffee as cash crop","Two rainy seasons (Mar-Jun, Aug-Nov); land preparation Jan-Mar; planting mid-Mar to May; cereal harvest Jul-Aug and Nov-Dec",Dry-season stocks decline from about Apr; lean season ends late Jun when green maize is eaten,"River and stream floods Aug-Oct, about every 4 years; seasonal flooding makes some roads impassable in the rains",Dry spells May-Jul (about every 2 years); river and stream floods Aug-Oct (about every 4 years); crop pests every rainy season; conflict and insecurity,"Land cultivated (poor about 0.8 ha, hand tools; better-off 2-4 ha with hired labor and tractors), crop types grown in both seasons, productive assets","Border markets Nabiapai and Bazi (DRC, Kenya, Uganda); Yambio, Yei, Ikotos, Nimule, Namaku, Koliko; surplus maize sold to traders and WFP (P4P); roads to Juba; several currencies in use","Own crops normally last poor households about 9 months (Jul-Mar), now 4-7 months; market purchase of maize, sorghum and other foods for remaining months; wild food consumption peaks in rains; better-off largely self-sufficient","Poor: bush product sales, labor, brewing; better-off: food and cash crop (coffee) sales, retail trade; livestock sales peak in dry season",Poor road maintenance and seasonal flooding make some roads impassable in the rains; insecurity; long distances; inflation; displacement to Uganda and IDP camps,"Wild foods, bush product and charcoal sales, labor migration, remittances, livestock sales","FEWS NET South Sudan Livelihood Zone Map and Descriptions, Aug 2018; zone shares from FEWS NET 2018 shapefile overlaid on county boundaries"
Central Equatoria,Terekeka,3,SS02 Ironstone Plateau agro-pastoral (81%); SS06 Eastern plains sorghum and cattle (13%); SS08 Nile basin fishing and agro-pastoral (7%),SS02 Ironstone Plateau agro-pastoral,"SS02: Moderately productive agro-pastoral zone: cereals and legumes, cattle and small livestock | SS06: Agro-pastoral: rain-fed cultivation and cattle, with fishing, hunting and wild foods; known cereal deficit area | SS08: Fishing, rain-fed cropping, livestock and wild foods on a narrow swampy floodplain along the Nile; river ports critical for trade","SS02: Sorghum (main), millet, maize, groundnut, sesame, cassava, sweet potatoes, vegetables | SS06: Sorghum, millet, groundnut, sesame, pumpkins | SS08: Sorghum (staple), maize, cowpeas, groundnuts, vegetables (okra, pumpkins)","SS02: Single rainy season Apr-early Nov; land preparation Feb-Mar; planting Apr-May; weeding Jun-Jul; lean season Jun-Jul; groundnut and sesame harvest from Aug, sorghum from Oct | SS06: Rainy season Mar-Oct; land preparation Jan-Feb; planting Apr-Jun; weeding Jun-Aug; harvest Aug-Nov; lean season May-Jul; livestock migration Dec-Apr | SS08: Fishing year-round, lowest in the rains; land preparation Feb-Mar; harvest Sep-Nov; vegetables in dry season; livestock sales Feb-Jul; fish sales Jan-Apr and Aug-Nov",SS02: Jun-Jul | SS06: May-Jul | SS08: Poor households buy sorghum from about Mar after own stocks run out; fish sales Jan-Apr and Aug-Nov,SS02: Floods every year in Sep-Oct | SS06: Flooding every year Jul-Oct | SS08: Flooding every 3-5 years plus the annual river rise,SS02: Drought about every 12 years; annual crop pests and livestock disease; periodic river floods; inter-clan conflict | SS06: Flooding every year Jul-Oct; livestock disease May-Nov; crop pests Jun-Sep; drought once in three years; cattle raiding Feb-May | SS08: Flooding every 3-5 years plus the annual river rise; crop pests; livestock disease; localized cattle raiding,"SS02: Land size cultivated (poor 0.42-0.84 ha, fewer than 5 goats or sheep; better-off over 20 goats/sheep and cattle, ox-plows, tractors, power saws) | SS06: Number and type of livestock, area cultivated per household, and productive assets such as canoes and fishing equipment (poor: few goats, small plots, hand tools; better-off: cattle and more land) | SS08: Land cultivated (poor about 0.5 ha; better-off over 1 ha), fishing equipment and livestock","SS02: Rumbek, Yirol, Terekeka, Cueibet, Wulu, Mvolo, Tonj, Wau, Juba; corridors Juba-Rumbek-Wau and Maridi-Mvolo-Rumbek; goods mostly from Juba and Uganda | SS06: Local: Bor Marol, Panyagor, Akobo, Langkien; external: border markets in Uganda and Kenya; local markets supplied from Malakal; Akobo has seasonal trade with Ethiopia via Sobat/Pibor; Bor market links to Juba | SS08: Malakal (main fish market, outside zone), Gut Thom (livestock, cereals, fish), Panyijiar, Awerial, Ayod (livestock); five river ports (Malakal, Adok, Shambe, Bor, Juba) critical for trade","SS02: Own cereal normally lasts 8 months (Aug-Mar), now 3-5 months; poor buy sorghum Apr-Jul and millet Jun-Jul; cassava year-round | SS06: Sorghum harvest normally lasts 9 months (Aug-Apr), now 2-4 months; market purchases of sorghum peak in the lean period; poor sell livestock in the lean season, better-off Nov-May | SS08: Poor sorghum harvest normally 6-7 months (mid-Aug to Feb), now 2-4 months; buy sorghum from March and maize from January; fish sales Jan-Apr and Aug-Nov","SS02: Lean-season income from firewood, charcoal, thatching grass; better-off sell sorghum, millet, vegetables, cattle, honey; health expenses peak Jun-Aug | SS06: Poor: firewood, charcoal, poles, goats, home brew, agricultural labor; better-off: surplus crops, cattle, milk; livestock drug and health spending peaks in the rains | SS08: Poor: fish, river products, wild foods, firewood, papyrus mats, brew, labor; better-off: milk, fish, crops, livestock, retail trade; school fees paid Apr, Jul, Oct",SS02: Unpaved roads hard to use in the rains; very high inflation (up to 10-20 times for some goods since 2016); interclan conflict; tsetse and cattle disease | SS06: Rural roads lacking and rainy-season access depends on road condition; periodic conflict; Jonglei canal (dysfunctional) restricts livestock movement; Bor prices up significantly since 2016 | SS08: Wetland logistics: roads beyond the river difficult and seasonally unreliable; transport by canoe and motor boat; displacement and conflict disrupt fishing and farming; Bor sorghum and maize prices up 5-7 times since 2016,"SS02: Poor sell firewood, charcoal, grass, mats, shea oil, wild foods and labor; better-off sell sorghum, millet, cattle and honey | SS06: Own cereal now lasts 2-4 months instead of 9; poor households sell charcoal, firewood, goats and labor; Sobat and Nile are central to livestock movement | SS08: Sorghum harvest normally lasts 6-7 months, now 2-4; poor households sell fish, firewood, papyrus mats and brew","FEWS NET South Sudan Livelihood Zone Map and Descriptions, Aug 2018; zone shares from FEWS NET 2018 shapefile overlaid on county boundaries"
Central Equatoria,Yei,1,SS01 Equatorial maize and cassava (100%),SS01 Equatorial maize and cassava,"Highly productive surplus rain-fed farming with some livestock, fishing, hunting and forest products; good cross-border markets","Maize, sorghum, groundnuts, soya, cassava, sweet potatoes, rice, vegetables; Robusta coffee as cash crop","Two rainy seasons (Mar-Jun, Aug-Nov); land preparation Jan-Mar; planting mid-Mar to May; cereal harvest Jul-Aug and Nov-Dec",Dry-season stocks decline from about Apr; lean season ends late Jun when green maize is eaten,"River and stream floods Aug-Oct, about every 4 years; seasonal flooding makes some roads impassable in the rains",Dry spells May-Jul (about every 2 years); river and stream floods Aug-Oct (about every 4 years); crop pests every rainy season; conflict and insecurity,"Land cultivated (poor about 0.8 ha, hand tools; better-off 2-4 ha with hired labor and tractors), crop types grown in both seasons, productive assets","Border markets Nabiapai and Bazi (DRC, Kenya, Uganda); Yambio, Yei, Ikotos, Nimule, Namaku, Koliko; surplus maize sold to traders and WFP (P4P); roads to Juba; several currencies in use","Own crops normally last poor households about 9 months (Jul-Mar), now 4-7 months; market purchase of maize, sorghum and other foods for remaining months; wild food consumption peaks in rains; better-off largely self-sufficient","Poor: bush product sales, labor, brewing; better-off: food and cash crop (coffee) sales, retail trade; livestock sales peak in dry season",Poor road maintenance and seasonal flooding make some roads impassable in the rains; insecurity; long distances; inflation; displacement to Uganda and IDP camps,"Wild foods, bush product and charcoal sales, labor migration, remittances, livestock sales","FEWS NET South Sudan Livelihood Zone Map and Descriptions, Aug 2018; zone shares from FEWS NET 2018 shapefile overlaid on county boundaries"
Eastern Equatoria,Budi,2,SS03 Highland forest and sorghum (85%); SS05 South-Eastern semi-arid pastoral (15%),SS03 Highland forest and sorghum,"SS03: Cereal-deficit agricultural zone with minor livestock; single growing season; access to wild foods and gold extraction | SS05: Pastoral with very limited cropping; milk, meat, blood and wild foods; food mainly bought or exchanged for livestock","SS03: Maize, sorghum, millet, groundnuts, cowpeas, sweet potatoes, vegetables | SS05: Sorghum (small amounts, mostly bought); milk and blood",SS03: Rainy season Apr-Nov; dry planting from March; weeding Apr-Jun; harvest from Aug; dry spells Jun-Jul; lean season Jun-Aug | SS05: Rainy season Jun-Oct; seasonal livestock migration to grazing and water; livestock-for-grain trade,SS03: Jun-Aug | SS05: Mar-Jul (peak); purchase of sorghum most of the year,SS03: Floods at least every 2 years in the rainy season (Apr-Nov); lowland market access affected | SS05: Flooding Jul-Oct,SS03: Floods at least once every 2 years in the rainy season (Apr-Nov); mid-season dry spells May-Jun; annual crop pests; conflict | SS05: Inter-communal conflict and cattle raiding (dry season Nov-Feb); flooding Jul-Oct; livestock disease; drought,"SS03: Land cultivated and livestock, especially cattle (poor under 1 ha and no livestock except chickens; better-off at least 5 cattle, ox-plows or tractors, 1.4-2 ha) | SS05: Number and type of livestock per household (small herds and few goats for poor; large herds, goats, camels and donkeys for better-off)","SS03: Juba, Torit, Lafon and Kapoeta trading centers; Nimule and Tseretenya border points with Uganda; routes Juba-Torit, Juba-Nimule, Torit-Ikotos; barter (for example tobacco) common | SS05: Nadapal, Kapoeta, Pibor; Torit, Juba, Lokichoggio (Kenya), Nakua (Ethiopia); livestock bartered for grain with Murle cultivators in SS03","SS03: Poor rely on own crops about 7 months, now 3-4 months; buy sorghum and maize Mar/Apr to Aug; wild foods available up to 6 months | SS05: Poor cover only about 2 months of staple needs from own crops; buy sorghum most of the year except Aug-Sep; milk, meat and blood from herds, mostly via herding labor","SS03: Poor: labor, charcoal, bamboo, gold extraction; better-off: crop sales, petty trade, timber; school fees Mar-Apr | SS05: Livestock sales most critical; poor: herding labor, charcoal, firewood, wild foods (charcoal main income Jan-Apr); better-off: milk and milk products, gold","SS03: Poor roads, insecurity, long distances, flooding of lowlands in the rains; staple prices up 7-8 times in Torit and Juba since 2016 while wages rose 2-3 times | SS05: Poor roads, cattle raiding, insecurity, unreliable markets; livestock prices fall in drought; livestock leave the zone Nov-Dec and return Apr-May","SS03: Sale of charcoal, bamboo, wild game, honey, gold and agricultural labor | SS05: Livestock sales, herding and domestic labor, gold mining, charcoal and wild foods","FEWS NET South Sudan Livelihood Zone Map and Descriptions, Aug 2018; zone shares from FEWS NET 2018 shapefile overlaid on county boundaries"
Eastern Equatoria,Ikotos,2,SS03 Highland forest and sorghum (56%); SS01 Equatorial maize and cassava (44%),SS03 Highland forest and sorghum,"SS03: Cereal-deficit agricultural zone with minor livestock; single growing season; access to wild foods and gold extraction | SS01: Highly productive surplus rain-fed farming with some livestock, fishing, hunting and forest products; good cross-border markets","SS03: Maize, sorghum, millet, groundnuts, cowpeas, sweet potatoes, vegetables | SS01: Maize, sorghum, groundnuts, soya, cassava, sweet potatoes, rice, vegetables; Robusta coffee as cash crop","SS03: Rainy season Apr-Nov; dry planting from March; weeding Apr-Jun; harvest from Aug; dry spells Jun-Jul; lean season Jun-Aug | SS01: Two rainy seasons (Mar-Jun, Aug-Nov); land preparation Jan-Mar; planting mid-Mar to May; cereal harvest Jul-Aug and Nov-Dec",SS03: Jun-Aug | SS01: Dry-season stocks decline from about Apr; lean season ends late Jun when green maize is eaten,"SS03: Floods at least every 2 years in the rainy season (Apr-Nov); lowland market access affected | SS01: River and stream floods Aug-Oct, about every 4 years; seasonal flooding makes some roads impassable in the rains",SS03: Floods at least once every 2 years in the rainy season (Apr-Nov); mid-season dry spells May-Jun; annual crop pests; conflict | SS01: Dry spells May-Jul (about every 2 years); river and stream floods Aug-Oct (about every 4 years); crop pests every rainy season; conflict and insecurity,"SS03: Land cultivated and livestock, especially cattle (poor under 1 ha and no livestock except chickens; better-off at least 5 cattle, ox-plows or tractors, 1.4-2 ha) | SS01: Land cultivated (poor about 0.8 ha, hand tools; better-off 2-4 ha with hired labor and tractors), crop types grown in both seasons, productive assets","SS03: Juba, Torit, Lafon and Kapoeta trading centers; Nimule and Tseretenya border points with Uganda; routes Juba-Torit, Juba-Nimule, Torit-Ikotos; barter (for example tobacco) common | SS01: Border markets Nabiapai and Bazi (DRC, Kenya, Uganda); Yambio, Yei, Ikotos, Nimule, Namaku, Koliko; surplus maize sold to traders and WFP (P4P); roads to Juba; several currencies in use","SS03: Poor rely on own crops about 7 months, now 3-4 months; buy sorghum and maize Mar/Apr to Aug; wild foods available up to 6 months | SS01: Own crops normally last poor households about 9 months (Jul-Mar), now 4-7 months; market purchase of maize, sorghum and other foods for remaining months; wild food consumption peaks in rains; better-off largely self-sufficient","SS03: Poor: labor, charcoal, bamboo, gold extraction; better-off: crop sales, petty trade, timber; school fees Mar-Apr | SS01: Poor: bush product sales, labor, brewing; better-off: food and cash crop (coffee) sales, retail trade; livestock sales peak in dry season","SS03: Poor roads, insecurity, long distances, flooding of lowlands in the rains; staple prices up 7-8 times in Torit and Juba since 2016 while wages rose 2-3 times | SS01: Poor road maintenance and seasonal flooding make some roads impassable in the rains; insecurity; long distances; inflation; displacement to Uganda and IDP camps","SS03: Sale of charcoal, bamboo, wild game, honey, gold and agricultural labor | SS01: Wild foods, bush product and charcoal sales, labor migration, remittances, livestock sales","FEWS NET South Sudan Livelihood Zone Map and Descriptions, Aug 2018; zone shares from FEWS NET 2018 shapefile overlaid on county boundaries"
Eastern Equatoria,Kapoeta East,1,SS05 South-Eastern semi-arid pastoral (100%),SS05 South-Eastern semi-arid pastoral,"Pastoral with very limited cropping; milk, meat, blood and wild foods; food mainly bought or exchanged for livestock","Sorghum (small amounts, mostly bought); milk and blood",Rainy season Jun-Oct; seasonal livestock migration to grazing and water; livestock-for-grain trade,Mar-Jul (peak); purchase of sorghum most of the year,Flooding Jul-Oct,Inter-communal conflict and cattle raiding (dry season Nov-Feb); flooding Jul-Oct; livestock disease; drought,"Number and type of livestock per household (small herds and few goats for poor; large herds, goats, camels and donkeys for better-off)","Nadapal, Kapoeta, Pibor; Torit, Juba, Lokichoggio (Kenya), Nakua (Ethiopia); livestock bartered for grain with Murle cultivators in SS03","Poor cover only about 2 months of staple needs from own crops; buy sorghum most of the year except Aug-Sep; milk, meat and blood from herds, mostly via herding labor","Livestock sales most critical; poor: herding labor, charcoal, firewood, wild foods (charcoal main income Jan-Apr); better-off: milk and milk products, gold","Poor roads, cattle raiding, insecurity, unreliable markets; livestock prices fall in drought; livestock leave the zone Nov-Dec and return Apr-May","Livestock sales, herding and domestic labor, gold mining, charcoal and wild foods","FEWS NET South Sudan Livelihood Zone Map and Descriptions, Aug 2018; zone shares from FEWS NET 2018 shapefile overlaid on county boundaries"
Eastern Equatoria,Kapoeta North,1,SS05 South-Eastern semi-arid pastoral (100%),SS05 South-Eastern semi-arid pastoral,"Pastoral with very limited cropping; milk, meat, blood and wild foods; food mainly bought or exchanged for livestock","Sorghum (small amounts, mostly bought); milk and blood",Rainy season Jun-Oct; seasonal livestock migration to grazing and water; livestock-for-grain trade,Mar-Jul (peak); purchase of sorghum most of the year,Flooding Jul-Oct,Inter-communal conflict and cattle raiding (dry season Nov-Feb); flooding Jul-Oct; livestock disease; drought,"Number and type of livestock per household (small herds and few goats for poor; large herds, goats, camels and donkeys for better-off)","Nadapal, Kapoeta, Pibor; Torit, Juba, Lokichoggio (Kenya), Nakua (Ethiopia); livestock bartered for grain with Murle cultivators in SS03","Poor cover only about 2 months of staple needs from own crops; buy sorghum most of the year except Aug-Sep; milk, meat and blood from herds, mostly via herding labor","Livestock sales most critical; poor: herding labor, charcoal, firewood, wild foods (charcoal main income Jan-Apr); better-off: milk and milk products, gold","Poor roads, cattle raiding, insecurity, unreliable markets; livestock prices fall in drought; livestock leave the zone Nov-Dec and return Apr-May","Livestock sales, herding and domestic labor, gold mining, charcoal and wild foods","FEWS NET South Sudan Livelihood Zone Map and Descriptions, Aug 2018; zone shares from FEWS NET 2018 shapefile overlaid on county boundaries"
Eastern Equatoria,Kapoeta South,2,SS05 South-Eastern semi-arid pastoral (97%); SS03 Highland forest and sorghum (3%),SS05 South-Eastern semi-arid pastoral,"SS05: Pastoral with very limited cropping; milk, meat, blood and wild foods; food mainly bought or exchanged for livestock | SS03: Cereal-deficit agricultural zone with minor livestock; single growing season; access to wild foods and gold extraction","SS05: Sorghum (small amounts, mostly bought); milk and blood | SS03: Maize, sorghum, millet, groundnuts, cowpeas, sweet potatoes, vegetables",SS05: Rainy season Jun-Oct; seasonal livestock migration to grazing and water; livestock-for-grain trade | SS03: Rainy season Apr-Nov; dry planting from March; weeding Apr-Jun; harvest from Aug; dry spells Jun-Jul; lean season Jun-Aug,SS05: Mar-Jul (peak); purchase of sorghum most of the year | SS03: Jun-Aug,SS05: Flooding Jul-Oct | SS03: Floods at least every 2 years in the rainy season (Apr-Nov); lowland market access affected,SS05: Inter-communal conflict and cattle raiding (dry season Nov-Feb); flooding Jul-Oct; livestock disease; drought | SS03: Floods at least once every 2 years in the rainy season (Apr-Nov); mid-season dry spells May-Jun; annual crop pests; conflict,"SS05: Number and type of livestock per household (small herds and few goats for poor; large herds, goats, camels and donkeys for better-off) | SS03: Land cultivated and livestock, especially cattle (poor under 1 ha and no livestock except chickens; better-off at least 5 cattle, ox-plows or tractors, 1.4-2 ha)","SS05: Nadapal, Kapoeta, Pibor; Torit, Juba, Lokichoggio (Kenya), Nakua (Ethiopia); livestock bartered for grain with Murle cultivators in SS03 | SS03: Juba, Torit, Lafon and Kapoeta trading centers; Nimule and Tseretenya border points with Uganda; routes Juba-Torit, Juba-Nimule, Torit-Ikotos; barter (for example tobacco) common","SS05: Poor cover only about 2 months of staple needs from own crops; buy sorghum most of the year except Aug-Sep; milk, meat and blood from herds, mostly via herding labor | SS03: Poor rely on own crops about 7 months, now 3-4 months; buy sorghum and maize Mar/Apr to Aug; wild foods available up to 6 months","SS05: Livestock sales most critical; poor: herding labor, charcoal, firewood, wild foods (charcoal main income Jan-Apr); better-off: milk and milk products, gold | SS03: Poor: labor, charcoal, bamboo, gold extraction; better-off: crop sales, petty trade, timber; school fees Mar-Apr","SS05: Poor roads, cattle raiding, insecurity, unreliable markets; livestock prices fall in drought; livestock leave the zone Nov-Dec and return Apr-May | SS03: Poor roads, insecurity, long distances, flooding of lowlands in the rains; staple prices up 7-8 times in Torit and Juba since 2016 while wages rose 2-3 times","SS05: Livestock sales, herding and domestic labor, gold mining, charcoal and wild foods | SS03: Sale of charcoal, bamboo, wild game, honey, gold and agricultural labor","FEWS NET South Sudan Livelihood Zone Map and Descriptions, Aug 2018; zone shares from FEWS NET 2018 shapefile overlaid on county boundaries"
Eastern Equatoria,Lafon,3,SS06 Eastern plains sorghum and cattle (63%); SS05 South-Eastern semi-arid pastoral (28%); SS03 Highland forest and sorghum (10%),SS06 Eastern plains sorghum and cattle,"SS06: Agro-pastoral: rain-fed cultivation and cattle, with fishing, hunting and wild foods; known cereal deficit area | SS05: Pastoral with very limited cropping; milk, meat, blood and wild foods; food mainly bought or exchanged for livestock | SS03: Cereal-deficit agricultural zone with minor livestock; single growing season; access to wild foods and gold extraction","SS06: Sorghum, millet, groundnut, sesame, pumpkins | SS05: Sorghum (small amounts, mostly bought); milk and blood | SS03: Maize, sorghum, millet, groundnuts, cowpeas, sweet potatoes, vegetables",SS06: Rainy season Mar-Oct; land preparation Jan-Feb; planting Apr-Jun; weeding Jun-Aug; harvest Aug-Nov; lean season May-Jul; livestock migration Dec-Apr | SS05: Rainy season Jun-Oct; seasonal livestock migration to grazing and water; livestock-for-grain trade | SS03: Rainy season Apr-Nov; dry planting from March; weeding Apr-Jun; harvest from Aug; dry spells Jun-Jul; lean season Jun-Aug,SS06: May-Jul | SS05: Mar-Jul (peak); purchase of sorghum most of the year | SS03: Jun-Aug,SS06: Flooding every year Jul-Oct | SS05: Flooding Jul-Oct | SS03: Floods at least every 2 years in the rainy season (Apr-Nov); lowland market access affected,SS06: Flooding every year Jul-Oct; livestock disease May-Nov; crop pests Jun-Sep; drought once in three years; cattle raiding Feb-May | SS05: Inter-communal conflict and cattle raiding (dry season Nov-Feb); flooding Jul-Oct; livestock disease; drought | SS03: Floods at least once every 2 years in the rainy season (Apr-Nov); mid-season dry spells May-Jun; annual crop pests; conflict,"SS06: Number and type of livestock, area cultivated per household, and productive assets such as canoes and fishing equipment (poor: few goats, small plots, hand tools; better-off: cattle and more land) | SS05: Number and type of livestock per household (small herds and few goats for poor; large herds, goats, camels and donkeys for better-off) | SS03: Land cultivated and livestock, especially cattle (poor under 1 ha and no livestock except chickens; better-off at least 5 cattle, ox-plows or tractors, 1.4-2 ha)","SS06: Local: Bor Marol, Panyagor, Akobo, Langkien; external: border markets in Uganda and Kenya; local markets supplied from Malakal; Akobo has seasonal trade with Ethiopia via Sobat/Pibor; Bor market links to Juba | SS05: Nadapal, Kapoeta, Pibor; Torit, Juba, Lokichoggio (Kenya), Nakua (Ethiopia); livestock bartered for grain with Murle cultivators in SS03 | SS03: Juba, Torit, Lafon and Kapoeta trading centers; Nimule and Tseretenya border points with Uganda; routes Juba-Torit, Juba-Nimule, Torit-Ikotos; barter (for example tobacco) common","SS06: Sorghum harvest normally lasts 9 months (Aug-Apr), now 2-4 months; market purchases of sorghum peak in the lean period; poor sell livestock in the lean season, better-off Nov-May | SS05: Poor cover only about 2 months of staple needs from own crops; buy sorghum most of the year except Aug-Sep; milk, meat and blood from herds, mostly via herding labor | SS03: Poor rely on own crops about 7 months, now 3-4 months; buy sorghum and maize Mar/Apr to Aug; wild foods available up to 6 months","SS06: Poor: firewood, charcoal, poles, goats, home brew, agricultural labor; better-off: surplus crops, cattle, milk; livestock drug and health spending peaks in the rains | SS05: Livestock sales most critical; poor: herding labor, charcoal, firewood, wild foods (charcoal main income Jan-Apr); better-off: milk and milk products, gold | SS03: Poor: labor, charcoal, bamboo, gold extraction; better-off: crop sales, petty trade, timber; school fees Mar-Apr","SS06: Rural roads lacking and rainy-season access depends on road condition; periodic conflict; Jonglei canal (dysfunctional) restricts livestock movement; Bor prices up significantly since 2016 | SS05: Poor roads, cattle raiding, insecurity, unreliable markets; livestock prices fall in drought; livestock leave the zone Nov-Dec and return Apr-May | SS03: Poor roads, insecurity, long distances, flooding of lowlands in the rains; staple prices up 7-8 times in Torit and Juba since 2016 while wages rose 2-3 times","SS06: Own cereal now lasts 2-4 months instead of 9; poor households sell charcoal, firewood, goats and labor; Sobat and Nile are central to livestock movement | SS05: Livestock sales, herding and domestic labor, gold mining, charcoal and wild foods | SS03: Sale of charcoal, bamboo, wild game, honey, gold and agricultural labor","FEWS NET South Sudan Livelihood Zone Map and Descriptions, Aug 2018; zone shares from FEWS NET 2018 shapefile overlaid on county boundaries"
Eastern Equatoria,Magwi,2,SS03 Highland forest and sorghum (75%); SS01 Equatorial maize and cassava (25%),SS03 Highland forest and sorghum,"SS03: Cereal-deficit agricultural zone with minor livestock; single growing season; access to wild foods and gold extraction | SS01: Highly productive surplus rain-fed farming with some livestock, fishing, hunting and forest products; good cross-border markets","SS03: Maize, sorghum, millet, groundnuts, cowpeas, sweet potatoes, vegetables | SS01: Maize, sorghum, groundnuts, soya, cassava, sweet potatoes, rice, vegetables; Robusta coffee as cash crop","SS03: Rainy season Apr-Nov; dry planting from March; weeding Apr-Jun; harvest from Aug; dry spells Jun-Jul; lean season Jun-Aug | SS01: Two rainy seasons (Mar-Jun, Aug-Nov); land preparation Jan-Mar; planting mid-Mar to May; cereal harvest Jul-Aug and Nov-Dec",SS03: Jun-Aug | SS01: Dry-season stocks decline from about Apr; lean season ends late Jun when green maize is eaten,"SS03: Floods at least every 2 years in the rainy season (Apr-Nov); lowland market access affected | SS01: River and stream floods Aug-Oct, about every 4 years; seasonal flooding makes some roads impassable in the rains",SS03: Floods at least once every 2 years in the rainy season (Apr-Nov); mid-season dry spells May-Jun; annual crop pests; conflict | SS01: Dry spells May-Jul (about every 2 years); river and stream floods Aug-Oct (about every 4 years); crop pests every rainy season; conflict and insecurity,"SS03: Land cultivated and livestock, especially cattle (poor under 1 ha and no livestock except chickens; better-off at least 5 cattle, ox-plows or tractors, 1.4-2 ha) | SS01: Land cultivated (poor about 0.8 ha, hand tools; better-off 2-4 ha with hired labor and tractors), crop types grown in both seasons, productive assets","SS03: Juba, Torit, Lafon and Kapoeta trading centers; Nimule and Tseretenya border points with Uganda; routes Juba-Torit, Juba-Nimule, Torit-Ikotos; barter (for example tobacco) common | SS01: Border markets Nabiapai and Bazi (DRC, Kenya, Uganda); Yambio, Yei, Ikotos, Nimule, Namaku, Koliko; surplus maize sold to traders and WFP (P4P); roads to Juba; several currencies in use","SS03: Poor rely on own crops about 7 months, now 3-4 months; buy sorghum and maize Mar/Apr to Aug; wild foods available up to 6 months | SS01: Own crops normally last poor households about 9 months (Jul-Mar), now 4-7 months; market purchase of maize, sorghum and other foods for remaining months; wild food consumption peaks in rains; better-off largely self-sufficient","SS03: Poor: labor, charcoal, bamboo, gold extraction; better-off: crop sales, petty trade, timber; school fees Mar-Apr | SS01: Poor: bush product sales, labor, brewing; better-off: food and cash crop (coffee) sales, retail trade; livestock sales peak in dry season","SS03: Poor roads, insecurity, long distances, flooding of lowlands in the rains; staple prices up 7-8 times in Torit and Juba since 2016 while wages rose 2-3 times | SS01: Poor road maintenance and seasonal flooding make some roads impassable in the rains; insecurity; long distances; inflation; displacement to Uganda and IDP camps","SS03: Sale of charcoal, bamboo, wild game, honey, gold and agricultural labor | SS01: Wild foods, bush product and charcoal sales, labor migration, remittances, livestock sales","FEWS NET South Sudan Livelihood Zone Map and Descriptions, Aug 2018; zone shares from FEWS NET 2018 shapefile overlaid on county boundaries"
Eastern Equatoria,Torit,1,SS03 Highland forest and sorghum (100%),SS03 Highland forest and sorghum,Cereal-deficit agricultural zone with minor livestock; single growing season; access to wild foods and gold extraction,"Maize, sorghum, millet, groundnuts, cowpeas, sweet potatoes, vegetables",Rainy season Apr-Nov; dry planting from March; weeding Apr-Jun; harvest from Aug; dry spells Jun-Jul; lean season Jun-Aug,Jun-Aug,Floods at least every 2 years in the rainy season (Apr-Nov); lowland market access affected,Floods at least once every 2 years in the rainy season (Apr-Nov); mid-season dry spells May-Jun; annual crop pests; conflict,"Land cultivated and livestock, especially cattle (poor under 1 ha and no livestock except chickens; better-off at least 5 cattle, ox-plows or tractors, 1.4-2 ha)","Juba, Torit, Lafon and Kapoeta trading centers; Nimule and Tseretenya border points with Uganda; routes Juba-Torit, Juba-Nimule, Torit-Ikotos; barter (for example tobacco) common","Poor rely on own crops about 7 months, now 3-4 months; buy sorghum and maize Mar/Apr to Aug; wild foods available up to 6 months","Poor: labor, charcoal, bamboo, gold extraction; better-off: crop sales, petty trade, timber; school fees Mar-Apr","Poor roads, insecurity, long distances, flooding of lowlands in the rains; staple prices up 7-8 times in Torit and Juba since 2016 while wages rose 2-3 times","Sale of charcoal, bamboo, wild game, honey, gold and agricultural labor","FEWS NET South Sudan Livelihood Zone Map and Descriptions, Aug 2018; zone shares from FEWS NET 2018 shapefile overlaid on county boundaries"
Jonglei,Akobo,2,SS06 Eastern plains sorghum and cattle (82%); SS10 North-Eastern maize cattle and fishing (18%),SS06 Eastern plains sorghum and cattle,"SS06: Agro-pastoral: rain-fed cultivation and cattle, with fishing, hunting and wild foods; known cereal deficit area | SS10: Sobat River flood plain: maize, cattle and fishing; predictable annual inundation; net cereal importer; isolated, few trading opportunities","SS06: Sorghum, millet, groundnut, sesame, pumpkins | SS10: Maize (main, two seasons), sorghum, cowpeas, vegetables","SS06: Rainy season Mar-Oct; land preparation Jan-Feb; planting Apr-Jun; weeding Jun-Aug; harvest Aug-Nov; lean season May-Jul; livestock migration Dec-Apr | SS10: Rainy season May-Oct (maize planted May); flood-recession maize from Nov, harvested late Feb-Mar; dry period most critical Jan-Apr; milk peaks Jul-Oct; peak goat and cattle sales Jun-Jul",SS06: May-Jul | SS10: Starts after Mar-Apr (wild food purchases before lean season),SS06: Flooding every year Jul-Oct | SS10: Annual Sobat inundation Aug-Sep is expected (not classed as flood); flood-recession maize from Nov,"SS06: Flooding every year Jul-Oct; livestock disease May-Nov; crop pests Jun-Sep; drought once in three years; cattle raiding Feb-May | SS10: Rainfall interruption in Jun-Jul; sudden swing to heavy rain early in the season; annual swamp inundation Aug-Sep (expected, not classed as flood); crop pests; livestock disease","SS06: Number and type of livestock, area cultivated per household, and productive assets such as canoes and fishing equipment (poor: few goats, small plots, hand tools; better-off: cattle and more land) | SS10: Land cultivated (poor 0.25-0.5 ha; better-off 1 ha or more) and cattle","SS06: Local: Bor Marol, Panyagor, Akobo, Langkien; external: border markets in Uganda and Kenya; local markets supplied from Malakal; Akobo has seasonal trade with Ethiopia via Sobat/Pibor; Bor market links to Juba | SS10: Jikmir, Jekow and Mathiang main markets; goods moved by boat or head-load to local markets; imports sorghum, salt, soap, beer; exports cattle, goats, fish, bush products","SS06: Sorghum harvest normally lasts 9 months (Aug-Apr), now 2-4 months; market purchases of sorghum peak in the lean period; poor sell livestock in the lean season, better-off Nov-May | SS10: Poor maize harvest normally lasts about 6.5 months (mid-Aug to Feb), now about 2 months; own vegetables Mar-Aug; buy maize and vegetables the rest of the year; lean months May-Jul; wild foods Dec-Apr","SS06: Poor: firewood, charcoal, poles, goats, home brew, agricultural labor; better-off: surplus crops, cattle, milk; livestock drug and health spending peaks in the rains | SS10: Firewood and domestic work year-round; elephant grass sold at high-expenditure periods; fishing prominent Oct-Dec, limited May-Aug; honey Dec-Mar; school fees three payments a year","SS06: Rural roads lacking and rainy-season access depends on road condition; periodic conflict; Jonglei canal (dysfunctional) restricts livestock movement; Bor prices up significantly since 2016 | SS10: Poor market access from insecurity, poor infrastructure and geographic isolation; conflict reduced cultivation, disrupted pasture, caused displacement and border closure","SS06: Own cereal now lasts 2-4 months instead of 9; poor households sell charcoal, firewood, goats and labor; Sobat and Nile are central to livestock movement | SS10: Labor migration, sale of natural products, dried fish, goats and cattle","FEWS NET South Sudan Livelihood Zone Map and Descriptions, Aug 2018; zone shares from FEWS NET 2018 shapefile overlaid on county boundaries"
Jonglei,Ayod,2,SS06 Eastern plains sorghum and cattle (61%); SS08 Nile basin fishing and agro-pastoral (39%),SS06 Eastern plains sorghum and cattle,"SS06: Agro-pastoral: rain-fed cultivation and cattle, with fishing, hunting and wild foods; known cereal deficit area | SS08: Fishing, rain-fed cropping, livestock and wild foods on a narrow swampy floodplain along the Nile; river ports critical for trade","SS06: Sorghum, millet, groundnut, sesame, pumpkins | SS08: Sorghum (staple), maize, cowpeas, groundnuts, vegetables (okra, pumpkins)","SS06: Rainy season Mar-Oct; land preparation Jan-Feb; planting Apr-Jun; weeding Jun-Aug; harvest Aug-Nov; lean season May-Jul; livestock migration Dec-Apr | SS08: Fishing year-round, lowest in the rains; land preparation Feb-Mar; harvest Sep-Nov; vegetables in dry season; livestock sales Feb-Jul; fish sales Jan-Apr and Aug-Nov",SS06: May-Jul | SS08: Poor households buy sorghum from about Mar after own stocks run out; fish sales Jan-Apr and Aug-Nov,SS06: Flooding every year Jul-Oct | SS08: Flooding every 3-5 years plus the annual river rise,SS06: Flooding every year Jul-Oct; livestock disease May-Nov; crop pests Jun-Sep; drought once in three years; cattle raiding Feb-May | SS08: Flooding every 3-5 years plus the annual river rise; crop pests; livestock disease; localized cattle raiding,"SS06: Number and type of livestock, area cultivated per household, and productive assets such as canoes and fishing equipment (poor: few goats, small plots, hand tools; better-off: cattle and more land) | SS08: Land cultivated (poor about 0.5 ha; better-off over 1 ha), fishing equipment and livestock","SS06: Local: Bor Marol, Panyagor, Akobo, Langkien; external: border markets in Uganda and Kenya; local markets supplied from Malakal; Akobo has seasonal trade with Ethiopia via Sobat/Pibor; Bor market links to Juba | SS08: Malakal (main fish market, outside zone), Gut Thom (livestock, cereals, fish), Panyijiar, Awerial, Ayod (livestock); five river ports (Malakal, Adok, Shambe, Bor, Juba) critical for trade","SS06: Sorghum harvest normally lasts 9 months (Aug-Apr), now 2-4 months; market purchases of sorghum peak in the lean period; poor sell livestock in the lean season, better-off Nov-May | SS08: Poor sorghum harvest normally 6-7 months (mid-Aug to Feb), now 2-4 months; buy sorghum from March and maize from January; fish sales Jan-Apr and Aug-Nov","SS06: Poor: firewood, charcoal, poles, goats, home brew, agricultural labor; better-off: surplus crops, cattle, milk; livestock drug and health spending peaks in the rains | SS08: Poor: fish, river products, wild foods, firewood, papyrus mats, brew, labor; better-off: milk, fish, crops, livestock, retail trade; school fees paid Apr, Jul, Oct",SS06: Rural roads lacking and rainy-season access depends on road condition; periodic conflict; Jonglei canal (dysfunctional) restricts livestock movement; Bor prices up significantly since 2016 | SS08: Wetland logistics: roads beyond the river difficult and seasonally unreliable; transport by canoe and motor boat; displacement and conflict disrupt fishing and farming; Bor sorghum and maize prices up 5-7 times since 2016,"SS06: Own cereal now lasts 2-4 months instead of 9; poor households sell charcoal, firewood, goats and labor; Sobat and Nile are central to livestock movement | SS08: Sorghum harvest normally lasts 6-7 months, now 2-4; poor households sell fish, firewood, papyrus mats and brew","FEWS NET South Sudan Livelihood Zone Map and Descriptions, Aug 2018; zone shares from FEWS NET 2018 shapefile overlaid on county boundaries"
Jonglei,Bor South,2,SS06 Eastern plains sorghum and cattle (91%); SS08 Nile basin fishing and agro-pastoral (9%),SS06 Eastern plains sorghum and cattle,"SS06: Agro-pastoral: rain-fed cultivation and cattle, with fishing, hunting and wild foods; known cereal deficit area | SS08: Fishing, rain-fed cropping, livestock and wild foods on a narrow swampy floodplain along the Nile; river ports critical for trade","SS06: Sorghum, millet, groundnut, sesame, pumpkins | SS08: Sorghum (staple), maize, cowpeas, groundnuts, vegetables (okra, pumpkins)","SS06: Rainy season Mar-Oct; land preparation Jan-Feb; planting Apr-Jun; weeding Jun-Aug; harvest Aug-Nov; lean season May-Jul; livestock migration Dec-Apr | SS08: Fishing year-round, lowest in the rains; land preparation Feb-Mar; harvest Sep-Nov; vegetables in dry season; livestock sales Feb-Jul; fish sales Jan-Apr and Aug-Nov",SS06: May-Jul | SS08: Poor households buy sorghum from about Mar after own stocks run out; fish sales Jan-Apr and Aug-Nov,SS06: Flooding every year Jul-Oct | SS08: Flooding every 3-5 years plus the annual river rise,SS06: Flooding every year Jul-Oct; livestock disease May-Nov; crop pests Jun-Sep; drought once in three years; cattle raiding Feb-May | SS08: Flooding every 3-5 years plus the annual river rise; crop pests; livestock disease; localized cattle raiding,"SS06: Number and type of livestock, area cultivated per household, and productive assets such as canoes and fishing equipment (poor: few goats, small plots, hand tools; better-off: cattle and more land) | SS08: Land cultivated (poor about 0.5 ha; better-off over 1 ha), fishing equipment and livestock","SS06: Local: Bor Marol, Panyagor, Akobo, Langkien; external: border markets in Uganda and Kenya; local markets supplied from Malakal; Akobo has seasonal trade with Ethiopia via Sobat/Pibor; Bor market links to Juba | SS08: Malakal (main fish market, outside zone), Gut Thom (livestock, cereals, fish), Panyijiar, Awerial, Ayod (livestock); five river ports (Malakal, Adok, Shambe, Bor, Juba) critical for trade","SS06: Sorghum harvest normally lasts 9 months (Aug-Apr), now 2-4 months; market purchases of sorghum peak in the lean period; poor sell livestock in the lean season, better-off Nov-May | SS08: Poor sorghum harvest normally 6-7 months (mid-Aug to Feb), now 2-4 months; buy sorghum from March and maize from January; fish sales Jan-Apr and Aug-Nov","SS06: Poor: firewood, charcoal, poles, goats, home brew, agricultural labor; better-off: surplus crops, cattle, milk; livestock drug and health spending peaks in the rains | SS08: Poor: fish, river products, wild foods, firewood, papyrus mats, brew, labor; better-off: milk, fish, crops, livestock, retail trade; school fees paid Apr, Jul, Oct",SS06: Rural roads lacking and rainy-season access depends on road condition; periodic conflict; Jonglei canal (dysfunctional) restricts livestock movement; Bor prices up significantly since 2016 | SS08: Wetland logistics: roads beyond the river difficult and seasonally unreliable; transport by canoe and motor boat; displacement and conflict disrupt fishing and farming; Bor sorghum and maize prices up 5-7 times since 2016,"SS06: Own cereal now lasts 2-4 months instead of 9; poor households sell charcoal, firewood, goats and labor; Sobat and Nile are central to livestock movement | SS08: Sorghum harvest normally lasts 6-7 months, now 2-4; poor households sell fish, firewood, papyrus mats and brew","FEWS NET South Sudan Livelihood Zone Map and Descriptions, Aug 2018; zone shares from FEWS NET 2018 shapefile overlaid on county boundaries"
Jonglei,Canal/Pigi,1,SS06 Eastern plains sorghum and cattle (100%),SS06 Eastern plains sorghum and cattle,"Agro-pastoral: rain-fed cultivation and cattle, with fishing, hunting and wild foods; known cereal deficit area","Sorghum, millet, groundnut, sesame, pumpkins",Rainy season Mar-Oct; land preparation Jan-Feb; planting Apr-Jun; weeding Jun-Aug; harvest Aug-Nov; lean season May-Jul; livestock migration Dec-Apr,May-Jul,Flooding every year Jul-Oct,Flooding every year Jul-Oct; livestock disease May-Nov; crop pests Jun-Sep; drought once in three years; cattle raiding Feb-May,"Number and type of livestock, area cultivated per household, and productive assets such as canoes and fishing equipment (poor: few goats, small plots, hand tools; better-off: cattle and more land)","Local: Bor Marol, Panyagor, Akobo, Langkien; external: border markets in Uganda and Kenya; local markets supplied from Malakal; Akobo has seasonal trade with Ethiopia via Sobat/Pibor; Bor market links to Juba","Sorghum harvest normally lasts 9 months (Aug-Apr), now 2-4 months; market purchases of sorghum peak in the lean period; poor sell livestock in the lean season, better-off Nov-May","Poor: firewood, charcoal, poles, goats, home brew, agricultural labor; better-off: surplus crops, cattle, milk; livestock drug and health spending peaks in the rains",Rural roads lacking and rainy-season access depends on road condition; periodic conflict; Jonglei canal (dysfunctional) restricts livestock movement; Bor prices up significantly since 2016,"Own cereal now lasts 2-4 months instead of 9; poor households sell charcoal, firewood, goats and labor; Sobat and Nile are central to livestock movement","FEWS NET South Sudan Livelihood Zone Map and Descriptions, Aug 2018; zone shares from FEWS NET 2018 shapefile overlaid on county boundaries"
Jonglei,Duk,2,SS06 Eastern plains sorghum and cattle (69%); SS08 Nile basin fishing and agro-pastoral (31%),SS06 Eastern plains sorghum and cattle,"SS06: Agro-pastoral: rain-fed cultivation and cattle, with fishing, hunting and wild foods; known cereal deficit area | SS08: Fishing, rain-fed cropping, livestock and wild foods on a narrow swampy floodplain along the Nile; river ports critical for trade","SS06: Sorghum, millet, groundnut, sesame, pumpkins | SS08: Sorghum (staple), maize, cowpeas, groundnuts, vegetables (okra, pumpkins)","SS06: Rainy season Mar-Oct; land preparation Jan-Feb; planting Apr-Jun; weeding Jun-Aug; harvest Aug-Nov; lean season May-Jul; livestock migration Dec-Apr | SS08: Fishing year-round, lowest in the rains; land preparation Feb-Mar; harvest Sep-Nov; vegetables in dry season; livestock sales Feb-Jul; fish sales Jan-Apr and Aug-Nov",SS06: May-Jul | SS08: Poor households buy sorghum from about Mar after own stocks run out; fish sales Jan-Apr and Aug-Nov,SS06: Flooding every year Jul-Oct | SS08: Flooding every 3-5 years plus the annual river rise,SS06: Flooding every year Jul-Oct; livestock disease May-Nov; crop pests Jun-Sep; drought once in three years; cattle raiding Feb-May | SS08: Flooding every 3-5 years plus the annual river rise; crop pests; livestock disease; localized cattle raiding,"SS06: Number and type of livestock, area cultivated per household, and productive assets such as canoes and fishing equipment (poor: few goats, small plots, hand tools; better-off: cattle and more land) | SS08: Land cultivated (poor about 0.5 ha; better-off over 1 ha), fishing equipment and livestock","SS06: Local: Bor Marol, Panyagor, Akobo, Langkien; external: border markets in Uganda and Kenya; local markets supplied from Malakal; Akobo has seasonal trade with Ethiopia via Sobat/Pibor; Bor market links to Juba | SS08: Malakal (main fish market, outside zone), Gut Thom (livestock, cereals, fish), Panyijiar, Awerial, Ayod (livestock); five river ports (Malakal, Adok, Shambe, Bor, Juba) critical for trade","SS06: Sorghum harvest normally lasts 9 months (Aug-Apr), now 2-4 months; market purchases of sorghum peak in the lean period; poor sell livestock in the lean season, better-off Nov-May | SS08: Poor sorghum harvest normally 6-7 months (mid-Aug to Feb), now 2-4 months; buy sorghum from March and maize from January; fish sales Jan-Apr and Aug-Nov","SS06: Poor: firewood, charcoal, poles, goats, home brew, agricultural labor; better-off: surplus crops, cattle, milk; livestock drug and health spending peaks in the rains | SS08: Poor: fish, river products, wild foods, firewood, papyrus mats, brew, labor; better-off: milk, fish, crops, livestock, retail trade; school fees paid Apr, Jul, Oct",SS06: Rural roads lacking and rainy-season access depends on road condition; periodic conflict; Jonglei canal (dysfunctional) restricts livestock movement; Bor prices up significantly since 2016 | SS08: Wetland logistics: roads beyond the river difficult and seasonally unreliable; transport by canoe and motor boat; displacement and conflict disrupt fishing and farming; Bor sorghum and maize prices up 5-7 times since 2016,"SS06: Own cereal now lasts 2-4 months instead of 9; poor households sell charcoal, firewood, goats and labor; Sobat and Nile are central to livestock movement | SS08: Sorghum harvest normally lasts 6-7 months, now 2-4; poor households sell fish, firewood, papyrus mats and brew","FEWS NET South Sudan Livelihood Zone Map and Descriptions, Aug 2018; zone shares from FEWS NET 2018 shapefile overlaid on county boundaries"
Jonglei,Fangak,2,SS08 Nile basin fishing and agro-pastoral (61%); SS06 Eastern plains sorghum and cattle (39%),SS08 Nile basin fishing and agro-pastoral,"SS08: Fishing, rain-fed cropping, livestock and wild foods on a narrow swampy floodplain along the Nile; river ports critical for trade | SS06: Agro-pastoral: rain-fed cultivation and cattle, with fishing, hunting and wild foods; known cereal deficit area","SS08: Sorghum (staple), maize, cowpeas, groundnuts, vegetables (okra, pumpkins) | SS06: Sorghum, millet, groundnut, sesame, pumpkins","SS08: Fishing year-round, lowest in the rains; land preparation Feb-Mar; harvest Sep-Nov; vegetables in dry season; livestock sales Feb-Jul; fish sales Jan-Apr and Aug-Nov | SS06: Rainy season Mar-Oct; land preparation Jan-Feb; planting Apr-Jun; weeding Jun-Aug; harvest Aug-Nov; lean season May-Jul; livestock migration Dec-Apr",SS08: Poor households buy sorghum from about Mar after own stocks run out; fish sales Jan-Apr and Aug-Nov | SS06: May-Jul,SS08: Flooding every 3-5 years plus the annual river rise | SS06: Flooding every year Jul-Oct,SS08: Flooding every 3-5 years plus the annual river rise; crop pests; livestock disease; localized cattle raiding | SS06: Flooding every year Jul-Oct; livestock disease May-Nov; crop pests Jun-Sep; drought once in three years; cattle raiding Feb-May,"SS08: Land cultivated (poor about 0.5 ha; better-off over 1 ha), fishing equipment and livestock | SS06: Number and type of livestock, area cultivated per household, and productive assets such as canoes and fishing equipment (poor: few goats, small plots, hand tools; better-off: cattle and more land)","SS08: Malakal (main fish market, outside zone), Gut Thom (livestock, cereals, fish), Panyijiar, Awerial, Ayod (livestock); five river ports (Malakal, Adok, Shambe, Bor, Juba) critical for trade | SS06: Local: Bor Marol, Panyagor, Akobo, Langkien; external: border markets in Uganda and Kenya; local markets supplied from Malakal; Akobo has seasonal trade with Ethiopia via Sobat/Pibor; Bor market links to Juba","SS08: Poor sorghum harvest normally 6-7 months (mid-Aug to Feb), now 2-4 months; buy sorghum from March and maize from January; fish sales Jan-Apr and Aug-Nov | SS06: Sorghum harvest normally lasts 9 months (Aug-Apr), now 2-4 months; market purchases of sorghum peak in the lean period; poor sell livestock in the lean season, better-off Nov-May","SS08: Poor: fish, river products, wild foods, firewood, papyrus mats, brew, labor; better-off: milk, fish, crops, livestock, retail trade; school fees paid Apr, Jul, Oct | SS06: Poor: firewood, charcoal, poles, goats, home brew, agricultural labor; better-off: surplus crops, cattle, milk; livestock drug and health spending peaks in the rains",SS08: Wetland logistics: roads beyond the river difficult and seasonally unreliable; transport by canoe and motor boat; displacement and conflict disrupt fishing and farming; Bor sorghum and maize prices up 5-7 times since 2016 | SS06: Rural roads lacking and rainy-season access depends on road condition; periodic conflict; Jonglei canal (dysfunctional) restricts livestock movement; Bor prices up significantly since 2016,"SS08: Sorghum harvest normally lasts 6-7 months, now 2-4; poor households sell fish, firewood, papyrus mats and brew | SS06: Own cereal now lasts 2-4 months instead of 9; poor households sell charcoal, firewood, goats and labor; Sobat and Nile are central to livestock movement","FEWS NET South Sudan Livelihood Zone Map and Descriptions, Aug 2018; zone shares from FEWS NET 2018 shapefile overlaid on county boundaries"
Jonglei,Nyirol,1,SS06 Eastern plains sorghum and cattle (100%),SS06 Eastern plains sorghum and cattle,"Agro-pastoral: rain-fed cultivation and cattle, with fishing, hunting and wild foods; known cereal deficit area","Sorghum, millet, groundnut, sesame, pumpkins",Rainy season Mar-Oct; land preparation Jan-Feb; planting Apr-Jun; weeding Jun-Aug; harvest Aug-Nov; lean season May-Jul; livestock migration Dec-Apr,May-Jul,Flooding every year Jul-Oct,Flooding every year Jul-Oct; livestock disease May-Nov; crop pests Jun-Sep; drought once in three years; cattle raiding Feb-May,"Number and type of livestock, area cultivated per household, and productive assets such as canoes and fishing equipment (poor: few goats, small plots, hand tools; better-off: cattle and more land)","Local: Bor Marol, Panyagor, Akobo, Langkien; external: border markets in Uganda and Kenya; local markets supplied from Malakal; Akobo has seasonal trade with Ethiopia via Sobat/Pibor; Bor market links to Juba","Sorghum harvest normally lasts 9 months (Aug-Apr), now 2-4 months; market purchases of sorghum peak in the lean period; poor sell livestock in the lean season, better-off Nov-May","Poor: firewood, charcoal, poles, goats, home brew, agricultural labor; better-off: surplus crops, cattle, milk; livestock drug and health spending peaks in the rains",Rural roads lacking and rainy-season access depends on road condition; periodic conflict; Jonglei canal (dysfunctional) restricts livestock movement; Bor prices up significantly since 2016,"Own cereal now lasts 2-4 months instead of 9; poor households sell charcoal, firewood, goats and labor; Sobat and Nile are central to livestock movement","FEWS NET South Sudan Livelihood Zone Map and Descriptions, Aug 2018; zone shares from FEWS NET 2018 shapefile overlaid on county boundaries"
Jonglei,Pibor,3,SS05 South-Eastern semi-arid pastoral (73%); SS06 Eastern plains sorghum and cattle (18%); SS12 Maize Sorghum Fishing and Natural Resources (9%),SS05 South-Eastern semi-arid pastoral,"SS05: Pastoral with very limited cropping; milk, meat, blood and wild foods; food mainly bought or exchanged for livestock | SS06: Agro-pastoral: rain-fed cultivation and cattle, with fishing, hunting and wild foods; known cereal deficit area | SS12: South-eastern Jonglei highlands and lowlands bordering Ethiopia: agriculture with livestock, fishing and natural resources","SS05: Sorghum (small amounts, mostly bought); milk and blood | SS06: Sorghum, millet, groundnut, sesame, pumpkins | SS12: Maize, sorghum, groundnuts, cassava (bridges shortfalls Jan-Jul)","SS05: Rainy season Jun-Oct; seasonal livestock migration to grazing and water; livestock-for-grain trade | SS06: Rainy season Mar-Oct; land preparation Jan-Feb; planting Apr-Jun; weeding Jun-Aug; harvest Aug-Nov; lean season May-Jul; livestock migration Dec-Apr | SS12: Rainy season Mar-Dec; land preparation Feb; planting Mar; weeding Apr; first harvest Jul-Aug; second season from Sep, harvest from Dec; short dry season Jan-Feb",SS05: Mar-Jul (peak); purchase of sorghum most of the year | SS06: May-Jul | SS12: Mar-Jul,SS05: Flooding Jul-Oct | SS06: Flooding every year Jul-Oct | SS12: Floods every year in the wet season,SS05: Inter-communal conflict and cattle raiding (dry season Nov-Feb); flooding Jul-Oct; livestock disease; drought | SS06: Flooding every year Jul-Oct; livestock disease May-Nov; crop pests Jun-Sep; drought once in three years; cattle raiding Feb-May | SS12: Floods every year in the wet season; livestock disease in the dry season; dry spells every 2-3 years; cattle rustling in the dry season; human disease peaks in the wet season,"SS05: Number and type of livestock per household (small herds and few goats for poor; large herds, goats, camels and donkeys for better-off) | SS06: Number and type of livestock, area cultivated per household, and productive assets such as canoes and fishing equipment (poor: few goats, small plots, hand tools; better-off: cattle and more land) | SS12: Land cultivated and livestock (poor goats and sheep, hand tools; better-off cattle, bicycles, motorcycles and vehicles, animal traction and hired labor)","SS05: Nadapal, Kapoeta, Pibor; Torit, Juba, Lokichoggio (Kenya), Nakua (Ethiopia); livestock bartered for grain with Murle cultivators in SS03 | SS06: Local: Bor Marol, Panyagor, Akobo, Langkien; external: border markets in Uganda and Kenya; local markets supplied from Malakal; Akobo has seasonal trade with Ethiopia via Sobat/Pibor; Bor market links to Juba | SS12: Pochalla, Boma and Pibor; Punyido and Dima in Ethiopia; cross-border trade with Ethiopia and supplies from Kenya via Narus","SS05: Poor cover only about 2 months of staple needs from own crops; buy sorghum most of the year except Aug-Sep; milk, meat and blood from herds, mostly via herding labor | SS06: Sorghum harvest normally lasts 9 months (Aug-Apr), now 2-4 months; market purchases of sorghum peak in the lean period; poor sell livestock in the lean season, better-off Nov-May | SS12: Poor buy sorghum Mar-Jun; cassava consumed mainly Jan-Jul to bridge shortfalls; green consumption from May; lean season Mar-Jul","SS05: Livestock sales most critical; poor: herding labor, charcoal, firewood, wild foods (charcoal main income Jan-Apr); better-off: milk and milk products, gold | SS06: Poor: firewood, charcoal, poles, goats, home brew, agricultural labor; better-off: surplus crops, cattle, milk; livestock drug and health spending peaks in the rains | SS12: Poor: labor, natural products (grass, firewood, charcoal), goats and sheep, wild foods and fish; better-off: maize, sorghum, millet, timber, fish, petty trade; school fees Mar-Apr","SS05: Poor roads, cattle raiding, insecurity, unreliable markets; livestock prices fall in drought; livestock leave the zone Nov-Dec and return Apr-May | SS06: Rural roads lacking and rainy-season access depends on road condition; periodic conflict; Jonglei canal (dysfunctional) restricts livestock movement; Bor prices up significantly since 2016 | SS12: Hilly terrain and poor roads; markets reachable in the short dry season (Jan-Feb) but access worsens in the rains; seasonal migration for labor to Kapoeta, Juba, Gambella, Dima","SS05: Livestock sales, herding and domestic labor, gold mining, charcoal and wild foods | SS06: Own cereal now lasts 2-4 months instead of 9; poor households sell charcoal, firewood, goats and labor; Sobat and Nile are central to livestock movement | SS12: Labor, natural products (grass, firewood, charcoal), goat and sheep sales, wild foods and fish","FEWS NET South Sudan Livelihood Zone Map and Descriptions, Aug 2018; zone shares from FEWS NET 2018 shapefile overlaid on county boundaries"
Jonglei,Pochalla,1,SS12 Maize Sorghum Fishing and Natural Resources (100%),SS12 Maize Sorghum Fishing and Natural Resources,"South-eastern Jonglei highlands and lowlands bordering Ethiopia: agriculture with livestock, fishing and natural resources","Maize, sorghum, groundnuts, cassava (bridges shortfalls Jan-Jul)","Rainy season Mar-Dec; land preparation Feb; planting Mar; weeding Apr; first harvest Jul-Aug; second season from Sep, harvest from Dec; short dry season Jan-Feb",Mar-Jul,Floods every year in the wet season,Floods every year in the wet season; livestock disease in the dry season; dry spells every 2-3 years; cattle rustling in the dry season; human disease peaks in the wet season,"Land cultivated and livestock (poor goats and sheep, hand tools; better-off cattle, bicycles, motorcycles and vehicles, animal traction and hired labor)","Pochalla, Boma and Pibor; Punyido and Dima in Ethiopia; cross-border trade with Ethiopia and supplies from Kenya via Narus",Poor buy sorghum Mar-Jun; cassava consumed mainly Jan-Jul to bridge shortfalls; green consumption from May; lean season Mar-Jul,"Poor: labor, natural products (grass, firewood, charcoal), goats and sheep, wild foods and fish; better-off: maize, sorghum, millet, timber, fish, petty trade; school fees Mar-Apr","Hilly terrain and poor roads; markets reachable in the short dry season (Jan-Feb) but access worsens in the rains; seasonal migration for labor to Kapoeta, Juba, Gambella, Dima","Labor, natural products (grass, firewood, charcoal), goat and sheep sales, wild foods and fish","FEWS NET South Sudan Livelihood Zone Map and Descriptions, Aug 2018; zone shares from FEWS NET 2018 shapefile overlaid on county boundaries"
Jonglei,Twic East,2,SS06 Eastern plains sorghum and cattle (65%); SS08 Nile basin fishing and agro-pastoral (35%),SS06 Eastern plains sorghum and cattle,"SS06: Agro-pastoral: rain-fed cultivation and cattle, with fishing, hunting and wild foods; known cereal deficit area | SS08: Fishing, rain-fed cropping, livestock and wild foods on a narrow swampy floodplain along the Nile; river ports critical for trade","SS06: Sorghum, millet, groundnut, sesame, pumpkins | SS08: Sorghum (staple), maize, cowpeas, groundnuts, vegetables (okra, pumpkins)","SS06: Rainy season Mar-Oct; land preparation Jan-Feb; planting Apr-Jun; weeding Jun-Aug; harvest Aug-Nov; lean season May-Jul; livestock migration Dec-Apr | SS08: Fishing year-round, lowest in the rains; land preparation Feb-Mar; harvest Sep-Nov; vegetables in dry season; livestock sales Feb-Jul; fish sales Jan-Apr and Aug-Nov",SS06: May-Jul | SS08: Poor households buy sorghum from about Mar after own stocks run out; fish sales Jan-Apr and Aug-Nov,SS06: Flooding every year Jul-Oct | SS08: Flooding every 3-5 years plus the annual river rise,SS06: Flooding every year Jul-Oct; livestock disease May-Nov; crop pests Jun-Sep; drought once in three years; cattle raiding Feb-May | SS08: Flooding every 3-5 years plus the annual river rise; crop pests; livestock disease; localized cattle raiding,"SS06: Number and type of livestock, area cultivated per household, and productive assets such as canoes and fishing equipment (poor: few goats, small plots, hand tools; better-off: cattle and more land) | SS08: Land cultivated (poor about 0.5 ha; better-off over 1 ha), fishing equipment and livestock","SS06: Local: Bor Marol, Panyagor, Akobo, Langkien; external: border markets in Uganda and Kenya; local markets supplied from Malakal; Akobo has seasonal trade with Ethiopia via Sobat/Pibor; Bor market links to Juba | SS08: Malakal (main fish market, outside zone), Gut Thom (livestock, cereals, fish), Panyijiar, Awerial, Ayod (livestock); five river ports (Malakal, Adok, Shambe, Bor, Juba) critical for trade","SS06: Sorghum harvest normally lasts 9 months (Aug-Apr), now 2-4 months; market purchases of sorghum peak in the lean period; poor sell livestock in the lean season, better-off Nov-May | SS08: Poor sorghum harvest normally 6-7 months (mid-Aug to Feb), now 2-4 months; buy sorghum from March and maize from January; fish sales Jan-Apr and Aug-Nov","SS06: Poor: firewood, charcoal, poles, goats, home brew, agricultural labor; better-off: surplus crops, cattle, milk; livestock drug and health spending peaks in the rains | SS08: Poor: fish, river products, wild foods, firewood, papyrus mats, brew, labor; better-off: milk, fish, crops, livestock, retail trade; school fees paid Apr, Jul, Oct",SS06: Rural roads lacking and rainy-season access depends on road condition; periodic conflict; Jonglei canal (dysfunctional) restricts livestock movement; Bor prices up significantly since 2016 | SS08: Wetland logistics: roads beyond the river difficult and seasonally unreliable; transport by canoe and motor boat; displacement and conflict disrupt fishing and farming; Bor sorghum and maize prices up 5-7 times since 2016,"SS06: Own cereal now lasts 2-4 months instead of 9; poor households sell charcoal, firewood, goats and labor; Sobat and Nile are central to livestock movement | SS08: Sorghum harvest normally lasts 6-7 months, now 2-4; poor households sell fish, firewood, papyrus mats and brew","FEWS NET South Sudan Livelihood Zone Map and Descriptions, Aug 2018; zone shares from FEWS NET 2018 shapefile overlaid on county boundaries"
Jonglei,Uror,1,SS06 Eastern plains sorghum and cattle (100%),SS06 Eastern plains sorghum and cattle,"Agro-pastoral: rain-fed cultivation and cattle, with fishing, hunting and wild foods; known cereal deficit area","Sorghum, millet, groundnut, sesame, pumpkins",Rainy season Mar-Oct; land preparation Jan-Feb; planting Apr-Jun; weeding Jun-Aug; harvest Aug-Nov; lean season May-Jul; livestock migration Dec-Apr,May-Jul,Flooding every year Jul-Oct,Flooding every year Jul-Oct; livestock disease May-Nov; crop pests Jun-Sep; drought once in three years; cattle raiding Feb-May,"Number and type of livestock, area cultivated per household, and productive assets such as canoes and fishing equipment (poor: few goats, small plots, hand tools; better-off: cattle and more land)","Local: Bor Marol, Panyagor, Akobo, Langkien; external: border markets in Uganda and Kenya; local markets supplied from Malakal; Akobo has seasonal trade with Ethiopia via Sobat/Pibor; Bor market links to Juba","Sorghum harvest normally lasts 9 months (Aug-Apr), now 2-4 months; market purchases of sorghum peak in the lean period; poor sell livestock in the lean season, better-off Nov-May","Poor: firewood, charcoal, poles, goats, home brew, agricultural labor; better-off: surplus crops, cattle, milk; livestock drug and health spending peaks in the rains",Rural roads lacking and rainy-season access depends on road condition; periodic conflict; Jonglei canal (dysfunctional) restricts livestock movement; Bor prices up significantly since 2016,"Own cereal now lasts 2-4 months instead of 9; poor households sell charcoal, firewood, goats and labor; Sobat and Nile are central to livestock movement","FEWS NET South Sudan Livelihood Zone Map and Descriptions, Aug 2018; zone shares from FEWS NET 2018 shapefile overlaid on county boundaries"
Lakes,Awerial,2,SS02 Ironstone Plateau agro-pastoral (55%); SS08 Nile basin fishing and agro-pastoral (45%),SS02 Ironstone Plateau agro-pastoral,"SS02: Moderately productive agro-pastoral zone: cereals and legumes, cattle and small livestock | SS08: Fishing, rain-fed cropping, livestock and wild foods on a narrow swampy floodplain along the Nile; river ports critical for trade","SS02: Sorghum (main), millet, maize, groundnut, sesame, cassava, sweet potatoes, vegetables | SS08: Sorghum (staple), maize, cowpeas, groundnuts, vegetables (okra, pumpkins)","SS02: Single rainy season Apr-early Nov; land preparation Feb-Mar; planting Apr-May; weeding Jun-Jul; lean season Jun-Jul; groundnut and sesame harvest from Aug, sorghum from Oct | SS08: Fishing year-round, lowest in the rains; land preparation Feb-Mar; harvest Sep-Nov; vegetables in dry season; livestock sales Feb-Jul; fish sales Jan-Apr and Aug-Nov",SS02: Jun-Jul | SS08: Poor households buy sorghum from about Mar after own stocks run out; fish sales Jan-Apr and Aug-Nov,SS02: Floods every year in Sep-Oct | SS08: Flooding every 3-5 years plus the annual river rise,SS02: Drought about every 12 years; annual crop pests and livestock disease; periodic river floods; inter-clan conflict | SS08: Flooding every 3-5 years plus the annual river rise; crop pests; livestock disease; localized cattle raiding,"SS02: Land size cultivated (poor 0.42-0.84 ha, fewer than 5 goats or sheep; better-off over 20 goats/sheep and cattle, ox-plows, tractors, power saws) | SS08: Land cultivated (poor about 0.5 ha; better-off over 1 ha), fishing equipment and livestock","SS02: Rumbek, Yirol, Terekeka, Cueibet, Wulu, Mvolo, Tonj, Wau, Juba; corridors Juba-Rumbek-Wau and Maridi-Mvolo-Rumbek; goods mostly from Juba and Uganda | SS08: Malakal (main fish market, outside zone), Gut Thom (livestock, cereals, fish), Panyijiar, Awerial, Ayod (livestock); five river ports (Malakal, Adok, Shambe, Bor, Juba) critical for trade","SS02: Own cereal normally lasts 8 months (Aug-Mar), now 3-5 months; poor buy sorghum Apr-Jul and millet Jun-Jul; cassava year-round | SS08: Poor sorghum harvest normally 6-7 months (mid-Aug to Feb), now 2-4 months; buy sorghum from March and maize from January; fish sales Jan-Apr and Aug-Nov","SS02: Lean-season income from firewood, charcoal, thatching grass; better-off sell sorghum, millet, vegetables, cattle, honey; health expenses peak Jun-Aug | SS08: Poor: fish, river products, wild foods, firewood, papyrus mats, brew, labor; better-off: milk, fish, crops, livestock, retail trade; school fees paid Apr, Jul, Oct",SS02: Unpaved roads hard to use in the rains; very high inflation (up to 10-20 times for some goods since 2016); interclan conflict; tsetse and cattle disease | SS08: Wetland logistics: roads beyond the river difficult and seasonally unreliable; transport by canoe and motor boat; displacement and conflict disrupt fishing and farming; Bor sorghum and maize prices up 5-7 times since 2016,"SS02: Poor sell firewood, charcoal, grass, mats, shea oil, wild foods and labor; better-off sell sorghum, millet, cattle and honey | SS08: Sorghum harvest normally lasts 6-7 months, now 2-4; poor households sell fish, firewood, papyrus mats and brew","FEWS NET South Sudan Livelihood Zone Map and Descriptions, Aug 2018; zone shares from FEWS NET 2018 shapefile overlaid on county boundaries"
Lakes,Cueibet,2,SS02 Ironstone Plateau agro-pastoral (75%); SS07 Greater Bahr el Ghazal sorghum and cattle (25%),SS02 Ironstone Plateau agro-pastoral,"SS02: Moderately productive agro-pastoral zone: cereals and legumes, cattle and small livestock | SS07: Classic agro-pastoral flood-plain system; cereal deficit imported from Sudan; cattle sold to Sudan; fishing and wild foods","SS02: Sorghum (main), millet, maize, groundnut, sesame, cassava, sweet potatoes, vegetables | SS07: Sorghum (staple), maize, pearl millet, legumes, sesame, groundnuts","SS02: Single rainy season Apr-early Nov; land preparation Feb-Mar; planting Apr-May; weeding Jun-Jul; lean season Jun-Jul; groundnut and sesame harvest from Aug, sorghum from Oct | SS07: Rainy season May-Oct; dry period peaks Jan-Apr; land preparation Mar-Apr; planting May-Jul; green harvest Aug-Sep; main harvest Oct-Nov",SS02: Jun-Jul | SS07: Not stated; main harvest Oct-Nov,SS02: Floods every year in Sep-Oct | SS07: Flash floods in low-lying areas Jul-Aug,SS02: Drought about every 12 years; annual crop pests and livestock disease; periodic river floods; inter-clan conflict | SS07: Rainfall variability; flash floods in low-lying areas Jul-Aug; striga and fall armyworm; livestock disease; conflict,"SS02: Land size cultivated (poor 0.42-0.84 ha, fewer than 5 goats or sheep; better-off over 20 goats/sheep and cattle, ox-plows, tractors, power saws) | SS07: Household labor and ability to hire labor decide land size (poor up to 0.5 ha with hand tools and labor sold to better-off; better-off 2 ha or more); about 80% of households own cattle","SS02: Rumbek, Yirol, Terekeka, Cueibet, Wulu, Mvolo, Tonj, Wau, Juba; corridors Juba-Rumbek-Wau and Maridi-Mvolo-Rumbek; goods mostly from Juba and Uganda | SS07: Border markets Amiet, Majok, Chanwandit; Kuajok, Gogrial, Wunrok, Turalei, Aweil, Warawar, Nyamlel and others; sorghum imported from Sudan, cattle and gum arabic exported","SS02: Own cereal normally lasts 8 months (Aug-Mar), now 3-5 months; poor buy sorghum Apr-Jul and millet Jun-Jul; cassava year-round | SS07: Poor harvest normally lasts about 6 months (Oct/Nov-Mar/Apr), now 2-5 months or 3 months; Mar-Apr combines purchased sorghum and sorghum earned through labor; wild foods peak in the rains","SS02: Lean-season income from firewood, charcoal, thatching grass; better-off sell sorghum, millet, vegetables, cattle, honey; health expenses peak Jun-Aug | SS07: Labor sales (peak Apr-May), fish, wild foods, small livestock; better-off sell livestock and crops; livestock sales peak Jun-Jul; seasonal labor migration Jan-Jun to Sudan, Amiet, Wau, Juba","SS02: Unpaved roads hard to use in the rains; very high inflation (up to 10-20 times for some goods since 2016); interclan conflict; tsetse and cattle disease | SS07: Roads fully accessible in dry season, only partly in the rains; sorghum price up nearly 5 times since 2016; cattle raiding Feb-May; conflict and displacement in the south-east of the zone","SS02: Poor sell firewood, charcoal, grass, mats, shea oil, wild foods and labor; better-off sell sorghum, millet, cattle and honey | SS07: Sale of labor, fish, wild foods and small livestock; better-off sell livestock and crops","FEWS NET South Sudan Livelihood Zone Map and Descriptions, Aug 2018; zone shares from FEWS NET 2018 shapefile overlaid on county boundaries"
Lakes,Rumbek Centre,2,SS07 Greater Bahr el Ghazal sorghum and cattle (84%); SS02 Ironstone Plateau agro-pastoral (16%),SS07 Greater Bahr el Ghazal sorghum and cattle,"SS07: Classic agro-pastoral flood-plain system; cereal deficit imported from Sudan; cattle sold to Sudan; fishing and wild foods | SS02: Moderately productive agro-pastoral zone: cereals and legumes, cattle and small livestock","SS07: Sorghum (staple), maize, pearl millet, legumes, sesame, groundnuts | SS02: Sorghum (main), millet, maize, groundnut, sesame, cassava, sweet potatoes, vegetables","SS07: Rainy season May-Oct; dry period peaks Jan-Apr; land preparation Mar-Apr; planting May-Jul; green harvest Aug-Sep; main harvest Oct-Nov | SS02: Single rainy season Apr-early Nov; land preparation Feb-Mar; planting Apr-May; weeding Jun-Jul; lean season Jun-Jul; groundnut and sesame harvest from Aug, sorghum from Oct",SS07: Not stated; main harvest Oct-Nov | SS02: Jun-Jul,SS07: Flash floods in low-lying areas Jul-Aug | SS02: Floods every year in Sep-Oct,SS07: Rainfall variability; flash floods in low-lying areas Jul-Aug; striga and fall armyworm; livestock disease; conflict | SS02: Drought about every 12 years; annual crop pests and livestock disease; periodic river floods; inter-clan conflict,"SS07: Household labor and ability to hire labor decide land size (poor up to 0.5 ha with hand tools and labor sold to better-off; better-off 2 ha or more); about 80% of households own cattle | SS02: Land size cultivated (poor 0.42-0.84 ha, fewer than 5 goats or sheep; better-off over 20 goats/sheep and cattle, ox-plows, tractors, power saws)","SS07: Border markets Amiet, Majok, Chanwandit; Kuajok, Gogrial, Wunrok, Turalei, Aweil, Warawar, Nyamlel and others; sorghum imported from Sudan, cattle and gum arabic exported | SS02: Rumbek, Yirol, Terekeka, Cueibet, Wulu, Mvolo, Tonj, Wau, Juba; corridors Juba-Rumbek-Wau and Maridi-Mvolo-Rumbek; goods mostly from Juba and Uganda","SS07: Poor harvest normally lasts about 6 months (Oct/Nov-Mar/Apr), now 2-5 months or 3 months; Mar-Apr combines purchased sorghum and sorghum earned through labor; wild foods peak in the rains | SS02: Own cereal normally lasts 8 months (Aug-Mar), now 3-5 months; poor buy sorghum Apr-Jul and millet Jun-Jul; cassava year-round","SS07: Labor sales (peak Apr-May), fish, wild foods, small livestock; better-off sell livestock and crops; livestock sales peak Jun-Jul; seasonal labor migration Jan-Jun to Sudan, Amiet, Wau, Juba | SS02: Lean-season income from firewood, charcoal, thatching grass; better-off sell sorghum, millet, vegetables, cattle, honey; health expenses peak Jun-Aug","SS07: Roads fully accessible in dry season, only partly in the rains; sorghum price up nearly 5 times since 2016; cattle raiding Feb-May; conflict and displacement in the south-east of the zone | SS02: Unpaved roads hard to use in the rains; very high inflation (up to 10-20 times for some goods since 2016); interclan conflict; tsetse and cattle disease","SS07: Sale of labor, fish, wild foods and small livestock; better-off sell livestock and crops | SS02: Poor sell firewood, charcoal, grass, mats, shea oil, wild foods and labor; better-off sell sorghum, millet, cattle and honey","FEWS NET South Sudan Livelihood Zone Map and Descriptions, Aug 2018; zone shares from FEWS NET 2018 shapefile overlaid on county boundaries"
Lakes,Rumbek East,2,SS07 Greater Bahr el Ghazal sorghum and cattle (55%); SS02 Ironstone Plateau agro-pastoral (45%),SS07 Greater Bahr el Ghazal sorghum and cattle,"SS07: Classic agro-pastoral flood-plain system; cereal deficit imported from Sudan; cattle sold to Sudan; fishing and wild foods | SS02: Moderately productive agro-pastoral zone: cereals and legumes, cattle and small livestock","SS07: Sorghum (staple), maize, pearl millet, legumes, sesame, groundnuts | SS02: Sorghum (main), millet, maize, groundnut, sesame, cassava, sweet potatoes, vegetables","SS07: Rainy season May-Oct; dry period peaks Jan-Apr; land preparation Mar-Apr; planting May-Jul; green harvest Aug-Sep; main harvest Oct-Nov | SS02: Single rainy season Apr-early Nov; land preparation Feb-Mar; planting Apr-May; weeding Jun-Jul; lean season Jun-Jul; groundnut and sesame harvest from Aug, sorghum from Oct",SS07: Not stated; main harvest Oct-Nov | SS02: Jun-Jul,SS07: Flash floods in low-lying areas Jul-Aug | SS02: Floods every year in Sep-Oct,SS07: Rainfall variability; flash floods in low-lying areas Jul-Aug; striga and fall armyworm; livestock disease; conflict | SS02: Drought about every 12 years; annual crop pests and livestock disease; periodic river floods; inter-clan conflict,"SS07: Household labor and ability to hire labor decide land size (poor up to 0.5 ha with hand tools and labor sold to better-off; better-off 2 ha or more); about 80% of households own cattle | SS02: Land size cultivated (poor 0.42-0.84 ha, fewer than 5 goats or sheep; better-off over 20 goats/sheep and cattle, ox-plows, tractors, power saws)","SS07: Border markets Amiet, Majok, Chanwandit; Kuajok, Gogrial, Wunrok, Turalei, Aweil, Warawar, Nyamlel and others; sorghum imported from Sudan, cattle and gum arabic exported | SS02: Rumbek, Yirol, Terekeka, Cueibet, Wulu, Mvolo, Tonj, Wau, Juba; corridors Juba-Rumbek-Wau and Maridi-Mvolo-Rumbek; goods mostly from Juba and Uganda","SS07: Poor harvest normally lasts about 6 months (Oct/Nov-Mar/Apr), now 2-5 months or 3 months; Mar-Apr combines purchased sorghum and sorghum earned through labor; wild foods peak in the rains | SS02: Own cereal normally lasts 8 months (Aug-Mar), now 3-5 months; poor buy sorghum Apr-Jul and millet Jun-Jul; cassava year-round","SS07: Labor sales (peak Apr-May), fish, wild foods, small livestock; better-off sell livestock and crops; livestock sales peak Jun-Jul; seasonal labor migration Jan-Jun to Sudan, Amiet, Wau, Juba | SS02: Lean-season income from firewood, charcoal, thatching grass; better-off sell sorghum, millet, vegetables, cattle, honey; health expenses peak Jun-Aug","SS07: Roads fully accessible in dry season, only partly in the rains; sorghum price up nearly 5 times since 2016; cattle raiding Feb-May; conflict and displacement in the south-east of the zone | SS02: Unpaved roads hard to use in the rains; very high inflation (up to 10-20 times for some goods since 2016); interclan conflict; tsetse and cattle disease","SS07: Sale of labor, fish, wild foods and small livestock; better-off sell livestock and crops | SS02: Poor sell firewood, charcoal, grass, mats, shea oil, wild foods and labor; better-off sell sorghum, millet, cattle and honey","FEWS NET South Sudan Livelihood Zone Map and Descriptions, Aug 2018; zone shares from FEWS NET 2018 shapefile overlaid on county boundaries"
Lakes,Rumbek North,1,SS07 Greater Bahr el Ghazal sorghum and cattle (100%),SS07 Greater Bahr el Ghazal sorghum and cattle,Classic agro-pastoral flood-plain system; cereal deficit imported from Sudan; cattle sold to Sudan; fishing and wild foods,"Sorghum (staple), maize, pearl millet, legumes, sesame, groundnuts",Rainy season May-Oct; dry period peaks Jan-Apr; land preparation Mar-Apr; planting May-Jul; green harvest Aug-Sep; main harvest Oct-Nov,Not stated; main harvest Oct-Nov,Flash floods in low-lying areas Jul-Aug,Rainfall variability; flash floods in low-lying areas Jul-Aug; striga and fall armyworm; livestock disease; conflict,Household labor and ability to hire labor decide land size (poor up to 0.5 ha with hand tools and labor sold to better-off; better-off 2 ha or more); about 80% of households own cattle,"Border markets Amiet, Majok, Chanwandit; Kuajok, Gogrial, Wunrok, Turalei, Aweil, Warawar, Nyamlel and others; sorghum imported from Sudan, cattle and gum arabic exported","Poor harvest normally lasts about 6 months (Oct/Nov-Mar/Apr), now 2-5 months or 3 months; Mar-Apr combines purchased sorghum and sorghum earned through labor; wild foods peak in the rains","Labor sales (peak Apr-May), fish, wild foods, small livestock; better-off sell livestock and crops; livestock sales peak Jun-Jul; seasonal labor migration Jan-Jun to Sudan, Amiet, Wau, Juba","Roads fully accessible in dry season, only partly in the rains; sorghum price up nearly 5 times since 2016; cattle raiding Feb-May; conflict and displacement in the south-east of the zone","Sale of labor, fish, wild foods and small livestock; better-off sell livestock and crops","FEWS NET South Sudan Livelihood Zone Map and Descriptions, Aug 2018; zone shares from FEWS NET 2018 shapefile overlaid on county boundaries"
Lakes,Wulu,2,SS02 Ironstone Plateau agro-pastoral (83%); SS04 Western plains groundnuts sesame and sorghum (17%),SS02 Ironstone Plateau agro-pastoral,"SS02: Moderately productive agro-pastoral zone: cereals and legumes, cattle and small livestock | SS04: Subsistence rain-fed farming with forest products, seasonal fishing and small livestock; formerly a surplus area","SS02: Sorghum (main), millet, maize, groundnut, sesame, cassava, sweet potatoes, vegetables | SS04: Groundnuts and sesame (cash), sorghum, maize, cassava, cowpeas, pumpkins, vegetables","SS02: Single rainy season Apr-early Nov; land preparation Feb-Mar; planting Apr-May; weeding Jun-Jul; lean season Jun-Jul; groundnut and sesame harvest from Aug, sorghum from Oct | SS04: Rainy season Apr-Oct; land preparation Feb-Apr; planting May to mid-Jun; weeding mid-Jun to Jul; green harvest from Sep; sorghum and sesame harvested in March","SS02: Jun-Jul | SS04: Not stated; green harvest from Sep, sorghum and sesame harvested in Mar",SS02: Floods every year in Sep-Oct | SS04: Seasonal flooding limits market access; floods along rivers and low-lying areas are periodic,SS02: Drought about every 12 years; annual crop pests and livestock disease; periodic river floods; inter-clan conflict | SS04: Dry spells and late season start about every 2 years (May-Jun); crop pests Jun-Dec; livestock disease; cross-border conflict; price spikes,"SS02: Land size cultivated (poor 0.42-0.84 ha, fewer than 5 goats or sheep; better-off over 20 goats/sheep and cattle, ox-plows, tractors, power saws) | SS04: Land size, farming tools and labor (poor hand tools, short of labor; better-off ox-plows, bicycles, timber and bamboo)","SS02: Rumbek, Yirol, Terekeka, Cueibet, Wulu, Mvolo, Tonj, Wau, Juba; corridors Juba-Rumbek-Wau and Maridi-Mvolo-Rumbek; goods mostly from Juba and Uganda | SS04: Raja, Aroyo, Kuarjena, Mapel, Kangi, Bar Mayen, Aweil, Namatina, Duma, Nagero; Wau; South Darfur (Sudan)","SS02: Own cereal normally lasts 8 months (Aug-Mar), now 3-5 months; poor buy sorghum Apr-Jul and millet Jun-Jul; cassava year-round | SS04: Own cereal normally 9 months (Sep-May), now 4-6 months; poor buy sorghum Jun-Aug with few income sources in those months; cassava year-round and in-kind labor cushion shortfalls","SS02: Lean-season income from firewood, charcoal, thatching grass; better-off sell sorghum, millet, vegetables, cattle, honey; health expenses peak Jun-Aug | SS04: Poor: groundnut sales, natural products (charcoal, bamboo, honey, shea); better-off: groundnut, sesame, cassava, sorghum, tobacco, timber; school fees Mar-Apr",SS02: Unpaved roads hard to use in the rains; very high inflation (up to 10-20 times for some goods since 2016); interclan conflict; tsetse and cattle disease | SS04: Seasonal flooding and poor roads; LRA insecurity in neighboring CAR; staple prices up 6-10 times at Wau market since 2016 while labor wages rose 2 times,"SS02: Poor sell firewood, charcoal, grass, mats, shea oil, wild foods and labor; better-off sell sorghum, millet, cattle and honey | SS04: Groundnut sales; natural product sales (charcoal, grass, bamboo, honey, shea); sorghum in-kind labor","FEWS NET South Sudan Livelihood Zone Map and Descriptions, Aug 2018; zone shares from FEWS NET 2018 shapefile overlaid on county boundaries"
Lakes,Yirol East,3,SS08 Nile basin fishing and agro-pastoral (56%); SS07 Greater Bahr el Ghazal sorghum and cattle (32%); SS02 Ironstone Plateau agro-pastoral (12%),SS08 Nile basin fishing and agro-pastoral,"SS08: Fishing, rain-fed cropping, livestock and wild foods on a narrow swampy floodplain along the Nile; river ports critical for trade | SS07: Classic agro-pastoral flood-plain system; cereal deficit imported from Sudan; cattle sold to Sudan; fishing and wild foods | SS02: Moderately productive agro-pastoral zone: cereals and legumes, cattle and small livestock","SS08: Sorghum (staple), maize, cowpeas, groundnuts, vegetables (okra, pumpkins) | SS07: Sorghum (staple), maize, pearl millet, legumes, sesame, groundnuts | SS02: Sorghum (main), millet, maize, groundnut, sesame, cassava, sweet potatoes, vegetables","SS08: Fishing year-round, lowest in the rains; land preparation Feb-Mar; harvest Sep-Nov; vegetables in dry season; livestock sales Feb-Jul; fish sales Jan-Apr and Aug-Nov | SS07: Rainy season May-Oct; dry period peaks Jan-Apr; land preparation Mar-Apr; planting May-Jul; green harvest Aug-Sep; main harvest Oct-Nov | SS02: Single rainy season Apr-early Nov; land preparation Feb-Mar; planting Apr-May; weeding Jun-Jul; lean season Jun-Jul; groundnut and sesame harvest from Aug, sorghum from Oct",SS08: Poor households buy sorghum from about Mar after own stocks run out; fish sales Jan-Apr and Aug-Nov | SS07: Not stated; main harvest Oct-Nov | SS02: Jun-Jul,SS08: Flooding every 3-5 years plus the annual river rise | SS07: Flash floods in low-lying areas Jul-Aug | SS02: Floods every year in Sep-Oct,SS08: Flooding every 3-5 years plus the annual river rise; crop pests; livestock disease; localized cattle raiding | SS07: Rainfall variability; flash floods in low-lying areas Jul-Aug; striga and fall armyworm; livestock disease; conflict | SS02: Drought about every 12 years; annual crop pests and livestock disease; periodic river floods; inter-clan conflict,"SS08: Land cultivated (poor about 0.5 ha; better-off over 1 ha), fishing equipment and livestock | SS07: Household labor and ability to hire labor decide land size (poor up to 0.5 ha with hand tools and labor sold to better-off; better-off 2 ha or more); about 80% of households own cattle | SS02: Land size cultivated (poor 0.42-0.84 ha, fewer than 5 goats or sheep; better-off over 20 goats/sheep and cattle, ox-plows, tractors, power saws)","SS08: Malakal (main fish market, outside zone), Gut Thom (livestock, cereals, fish), Panyijiar, Awerial, Ayod (livestock); five river ports (Malakal, Adok, Shambe, Bor, Juba) critical for trade | SS07: Border markets Amiet, Majok, Chanwandit; Kuajok, Gogrial, Wunrok, Turalei, Aweil, Warawar, Nyamlel and others; sorghum imported from Sudan, cattle and gum arabic exported | SS02: Rumbek, Yirol, Terekeka, Cueibet, Wulu, Mvolo, Tonj, Wau, Juba; corridors Juba-Rumbek-Wau and Maridi-Mvolo-Rumbek; goods mostly from Juba and Uganda","SS08: Poor sorghum harvest normally 6-7 months (mid-Aug to Feb), now 2-4 months; buy sorghum from March and maize from January; fish sales Jan-Apr and Aug-Nov | SS07: Poor harvest normally lasts about 6 months (Oct/Nov-Mar/Apr), now 2-5 months or 3 months; Mar-Apr combines purchased sorghum and sorghum earned through labor; wild foods peak in the rains | SS02: Own cereal normally lasts 8 months (Aug-Mar), now 3-5 months; poor buy sorghum Apr-Jul and millet Jun-Jul; cassava year-round","SS08: Poor: fish, river products, wild foods, firewood, papyrus mats, brew, labor; better-off: milk, fish, crops, livestock, retail trade; school fees paid Apr, Jul, Oct | SS07: Labor sales (peak Apr-May), fish, wild foods, small livestock; better-off sell livestock and crops; livestock sales peak Jun-Jul; seasonal labor migration Jan-Jun to Sudan, Amiet, Wau, Juba | SS02: Lean-season income from firewood, charcoal, thatching grass; better-off sell sorghum, millet, vegetables, cattle, honey; health expenses peak Jun-Aug","SS08: Wetland logistics: roads beyond the river difficult and seasonally unreliable; transport by canoe and motor boat; displacement and conflict disrupt fishing and farming; Bor sorghum and maize prices up 5-7 times since 2016 | SS07: Roads fully accessible in dry season, only partly in the rains; sorghum price up nearly 5 times since 2016; cattle raiding Feb-May; conflict and displacement in the south-east of the zone | SS02: Unpaved roads hard to use in the rains; very high inflation (up to 10-20 times for some goods since 2016); interclan conflict; tsetse and cattle disease","SS08: Sorghum harvest normally lasts 6-7 months, now 2-4; poor households sell fish, firewood, papyrus mats and brew | SS07: Sale of labor, fish, wild foods and small livestock; better-off sell livestock and crops | SS02: Poor sell firewood, charcoal, grass, mats, shea oil, wild foods and labor; better-off sell sorghum, millet, cattle and honey","FEWS NET South Sudan Livelihood Zone Map and Descriptions, Aug 2018; zone shares from FEWS NET 2018 shapefile overlaid on county boundaries"
Lakes,Yirol West,2,SS02 Ironstone Plateau agro-pastoral (85%); SS07 Greater Bahr el Ghazal sorghum and cattle (15%),SS02 Ironstone Plateau agro-pastoral,"SS02: Moderately productive agro-pastoral zone: cereals and legumes, cattle and small livestock | SS07: Classic agro-pastoral flood-plain system; cereal deficit imported from Sudan; cattle sold to Sudan; fishing and wild foods","SS02: Sorghum (main), millet, maize, groundnut, sesame, cassava, sweet potatoes, vegetables | SS07: Sorghum (staple), maize, pearl millet, legumes, sesame, groundnuts","SS02: Single rainy season Apr-early Nov; land preparation Feb-Mar; planting Apr-May; weeding Jun-Jul; lean season Jun-Jul; groundnut and sesame harvest from Aug, sorghum from Oct | SS07: Rainy season May-Oct; dry period peaks Jan-Apr; land preparation Mar-Apr; planting May-Jul; green harvest Aug-Sep; main harvest Oct-Nov",SS02: Jun-Jul | SS07: Not stated; main harvest Oct-Nov,SS02: Floods every year in Sep-Oct | SS07: Flash floods in low-lying areas Jul-Aug,SS02: Drought about every 12 years; annual crop pests and livestock disease; periodic river floods; inter-clan conflict | SS07: Rainfall variability; flash floods in low-lying areas Jul-Aug; striga and fall armyworm; livestock disease; conflict,"SS02: Land size cultivated (poor 0.42-0.84 ha, fewer than 5 goats or sheep; better-off over 20 goats/sheep and cattle, ox-plows, tractors, power saws) | SS07: Household labor and ability to hire labor decide land size (poor up to 0.5 ha with hand tools and labor sold to better-off; better-off 2 ha or more); about 80% of households own cattle","SS02: Rumbek, Yirol, Terekeka, Cueibet, Wulu, Mvolo, Tonj, Wau, Juba; corridors Juba-Rumbek-Wau and Maridi-Mvolo-Rumbek; goods mostly from Juba and Uganda | SS07: Border markets Amiet, Majok, Chanwandit; Kuajok, Gogrial, Wunrok, Turalei, Aweil, Warawar, Nyamlel and others; sorghum imported from Sudan, cattle and gum arabic exported","SS02: Own cereal normally lasts 8 months (Aug-Mar), now 3-5 months; poor buy sorghum Apr-Jul and millet Jun-Jul; cassava year-round | SS07: Poor harvest normally lasts about 6 months (Oct/Nov-Mar/Apr), now 2-5 months or 3 months; Mar-Apr combines purchased sorghum and sorghum earned through labor; wild foods peak in the rains","SS02: Lean-season income from firewood, charcoal, thatching grass; better-off sell sorghum, millet, vegetables, cattle, honey; health expenses peak Jun-Aug | SS07: Labor sales (peak Apr-May), fish, wild foods, small livestock; better-off sell livestock and crops; livestock sales peak Jun-Jul; seasonal labor migration Jan-Jun to Sudan, Amiet, Wau, Juba","SS02: Unpaved roads hard to use in the rains; very high inflation (up to 10-20 times for some goods since 2016); interclan conflict; tsetse and cattle disease | SS07: Roads fully accessible in dry season, only partly in the rains; sorghum price up nearly 5 times since 2016; cattle raiding Feb-May; conflict and displacement in the south-east of the zone","SS02: Poor sell firewood, charcoal, grass, mats, shea oil, wild foods and labor; better-off sell sorghum, millet, cattle and honey | SS07: Sale of labor, fish, wild foods and small livestock; better-off sell livestock and crops","FEWS NET South Sudan Livelihood Zone Map and Descriptions, Aug 2018; zone shares from FEWS NET 2018 shapefile overlaid on county boundaries"
Northern Bahr el Ghazal,Aweil Centre,2,SS04 Western plains groundnuts sesame and sorghum (64%); SS07 Greater Bahr el Ghazal sorghum and cattle (36%),SS04 Western plains groundnuts sesame and sorghum,"SS04: Subsistence rain-fed farming with forest products, seasonal fishing and small livestock; formerly a surplus area | SS07: Classic agro-pastoral flood-plain system; cereal deficit imported from Sudan; cattle sold to Sudan; fishing and wild foods","SS04: Groundnuts and sesame (cash), sorghum, maize, cassava, cowpeas, pumpkins, vegetables | SS07: Sorghum (staple), maize, pearl millet, legumes, sesame, groundnuts",SS04: Rainy season Apr-Oct; land preparation Feb-Apr; planting May to mid-Jun; weeding mid-Jun to Jul; green harvest from Sep; sorghum and sesame harvested in March | SS07: Rainy season May-Oct; dry period peaks Jan-Apr; land preparation Mar-Apr; planting May-Jul; green harvest Aug-Sep; main harvest Oct-Nov,"SS04: Not stated; green harvest from Sep, sorghum and sesame harvested in Mar | SS07: Not stated; main harvest Oct-Nov",SS04: Seasonal flooding limits market access; floods along rivers and low-lying areas are periodic | SS07: Flash floods in low-lying areas Jul-Aug,SS04: Dry spells and late season start about every 2 years (May-Jun); crop pests Jun-Dec; livestock disease; cross-border conflict; price spikes | SS07: Rainfall variability; flash floods in low-lying areas Jul-Aug; striga and fall armyworm; livestock disease; conflict,"SS04: Land size, farming tools and labor (poor hand tools, short of labor; better-off ox-plows, bicycles, timber and bamboo) | SS07: Household labor and ability to hire labor decide land size (poor up to 0.5 ha with hand tools and labor sold to better-off; better-off 2 ha or more); about 80% of households own cattle","SS04: Raja, Aroyo, Kuarjena, Mapel, Kangi, Bar Mayen, Aweil, Namatina, Duma, Nagero; Wau; South Darfur (Sudan) | SS07: Border markets Amiet, Majok, Chanwandit; Kuajok, Gogrial, Wunrok, Turalei, Aweil, Warawar, Nyamlel and others; sorghum imported from Sudan, cattle and gum arabic exported","SS04: Own cereal normally 9 months (Sep-May), now 4-6 months; poor buy sorghum Jun-Aug with few income sources in those months; cassava year-round and in-kind labor cushion shortfalls | SS07: Poor harvest normally lasts about 6 months (Oct/Nov-Mar/Apr), now 2-5 months or 3 months; Mar-Apr combines purchased sorghum and sorghum earned through labor; wild foods peak in the rains","SS04: Poor: groundnut sales, natural products (charcoal, bamboo, honey, shea); better-off: groundnut, sesame, cassava, sorghum, tobacco, timber; school fees Mar-Apr | SS07: Labor sales (peak Apr-May), fish, wild foods, small livestock; better-off sell livestock and crops; livestock sales peak Jun-Jul; seasonal labor migration Jan-Jun to Sudan, Amiet, Wau, Juba","SS04: Seasonal flooding and poor roads; LRA insecurity in neighboring CAR; staple prices up 6-10 times at Wau market since 2016 while labor wages rose 2 times | SS07: Roads fully accessible in dry season, only partly in the rains; sorghum price up nearly 5 times since 2016; cattle raiding Feb-May; conflict and displacement in the south-east of the zone","SS04: Groundnut sales; natural product sales (charcoal, grass, bamboo, honey, shea); sorghum in-kind labor | SS07: Sale of labor, fish, wild foods and small livestock; better-off sell livestock and crops","FEWS NET South Sudan Livelihood Zone Map and Descriptions, Aug 2018; zone shares from FEWS NET 2018 shapefile overlaid on county boundaries"
Northern Bahr el Ghazal,Aweil East,1,SS07 Greater Bahr el Ghazal sorghum and cattle (100%),SS07 Greater Bahr el Ghazal sorghum and cattle,Classic agro-pastoral flood-plain system; cereal deficit imported from Sudan; cattle sold to Sudan; fishing and wild foods,"Sorghum (staple), maize, pearl millet, legumes, sesame, groundnuts",Rainy season May-Oct; dry period peaks Jan-Apr; land preparation Mar-Apr; planting May-Jul; green harvest Aug-Sep; main harvest Oct-Nov,Not stated; main harvest Oct-Nov,Flash floods in low-lying areas Jul-Aug,Rainfall variability; flash floods in low-lying areas Jul-Aug; striga and fall armyworm; livestock disease; conflict,Household labor and ability to hire labor decide land size (poor up to 0.5 ha with hand tools and labor sold to better-off; better-off 2 ha or more); about 80% of households own cattle,"Border markets Amiet, Majok, Chanwandit; Kuajok, Gogrial, Wunrok, Turalei, Aweil, Warawar, Nyamlel and others; sorghum imported from Sudan, cattle and gum arabic exported","Poor harvest normally lasts about 6 months (Oct/Nov-Mar/Apr), now 2-5 months or 3 months; Mar-Apr combines purchased sorghum and sorghum earned through labor; wild foods peak in the rains","Labor sales (peak Apr-May), fish, wild foods, small livestock; better-off sell livestock and crops; livestock sales peak Jun-Jul; seasonal labor migration Jan-Jun to Sudan, Amiet, Wau, Juba","Roads fully accessible in dry season, only partly in the rains; sorghum price up nearly 5 times since 2016; cattle raiding Feb-May; conflict and displacement in the south-east of the zone","Sale of labor, fish, wild foods and small livestock; better-off sell livestock and crops","FEWS NET South Sudan Livelihood Zone Map and Descriptions, Aug 2018; zone shares from FEWS NET 2018 shapefile overlaid on county boundaries"
Northern Bahr el Ghazal,Aweil North,1,SS07 Greater Bahr el Ghazal sorghum and cattle (100%),SS07 Greater Bahr el Ghazal sorghum and cattle,Classic agro-pastoral flood-plain system; cereal deficit imported from Sudan; cattle sold to Sudan; fishing and wild foods,"Sorghum (staple), maize, pearl millet, legumes, sesame, groundnuts",Rainy season May-Oct; dry period peaks Jan-Apr; land preparation Mar-Apr; planting May-Jul; green harvest Aug-Sep; main harvest Oct-Nov,Not stated; main harvest Oct-Nov,Flash floods in low-lying areas Jul-Aug,Rainfall variability; flash floods in low-lying areas Jul-Aug; striga and fall armyworm; livestock disease; conflict,Household labor and ability to hire labor decide land size (poor up to 0.5 ha with hand tools and labor sold to better-off; better-off 2 ha or more); about 80% of households own cattle,"Border markets Amiet, Majok, Chanwandit; Kuajok, Gogrial, Wunrok, Turalei, Aweil, Warawar, Nyamlel and others; sorghum imported from Sudan, cattle and gum arabic exported","Poor harvest normally lasts about 6 months (Oct/Nov-Mar/Apr), now 2-5 months or 3 months; Mar-Apr combines purchased sorghum and sorghum earned through labor; wild foods peak in the rains","Labor sales (peak Apr-May), fish, wild foods, small livestock; better-off sell livestock and crops; livestock sales peak Jun-Jul; seasonal labor migration Jan-Jun to Sudan, Amiet, Wau, Juba","Roads fully accessible in dry season, only partly in the rains; sorghum price up nearly 5 times since 2016; cattle raiding Feb-May; conflict and displacement in the south-east of the zone","Sale of labor, fish, wild foods and small livestock; better-off sell livestock and crops","FEWS NET South Sudan Livelihood Zone Map and Descriptions, Aug 2018; zone shares from FEWS NET 2018 shapefile overlaid on county boundaries"
Northern Bahr el Ghazal,Aweil South,1,SS07 Greater Bahr el Ghazal sorghum and cattle (100%),SS07 Greater Bahr el Ghazal sorghum and cattle,Classic agro-pastoral flood-plain system; cereal deficit imported from Sudan; cattle sold to Sudan; fishing and wild foods,"Sorghum (staple), maize, pearl millet, legumes, sesame, groundnuts",Rainy season May-Oct; dry period peaks Jan-Apr; land preparation Mar-Apr; planting May-Jul; green harvest Aug-Sep; main harvest Oct-Nov,Not stated; main harvest Oct-Nov,Flash floods in low-lying areas Jul-Aug,Rainfall variability; flash floods in low-lying areas Jul-Aug; striga and fall armyworm; livestock disease; conflict,Household labor and ability to hire labor decide land size (poor up to 0.5 ha with hand tools and labor sold to better-off; better-off 2 ha or more); about 80% of households own cattle,"Border markets Amiet, Majok, Chanwandit; Kuajok, Gogrial, Wunrok, Turalei, Aweil, Warawar, Nyamlel and others; sorghum imported from Sudan, cattle and gum arabic exported","Poor harvest normally lasts about 6 months (Oct/Nov-Mar/Apr), now 2-5 months or 3 months; Mar-Apr combines purchased sorghum and sorghum earned through labor; wild foods peak in the rains","Labor sales (peak Apr-May), fish, wild foods, small livestock; better-off sell livestock and crops; livestock sales peak Jun-Jul; seasonal labor migration Jan-Jun to Sudan, Amiet, Wau, Juba","Roads fully accessible in dry season, only partly in the rains; sorghum price up nearly 5 times since 2016; cattle raiding Feb-May; conflict and displacement in the south-east of the zone","Sale of labor, fish, wild foods and small livestock; better-off sell livestock and crops","FEWS NET South Sudan Livelihood Zone Map and Descriptions, Aug 2018; zone shares from FEWS NET 2018 shapefile overlaid on county boundaries"
Northern Bahr el Ghazal,Aweil West,2,SS07 Greater Bahr el Ghazal sorghum and cattle (87%); SS04 Western plains groundnuts sesame and sorghum (13%),SS07 Greater Bahr el Ghazal sorghum and cattle,"SS07: Classic agro-pastoral flood-plain system; cereal deficit imported from Sudan; cattle sold to Sudan; fishing and wild foods | SS04: Subsistence rain-fed farming with forest products, seasonal fishing and small livestock; formerly a surplus area","SS07: Sorghum (staple), maize, pearl millet, legumes, sesame, groundnuts | SS04: Groundnuts and sesame (cash), sorghum, maize, cassava, cowpeas, pumpkins, vegetables",SS07: Rainy season May-Oct; dry period peaks Jan-Apr; land preparation Mar-Apr; planting May-Jul; green harvest Aug-Sep; main harvest Oct-Nov | SS04: Rainy season Apr-Oct; land preparation Feb-Apr; planting May to mid-Jun; weeding mid-Jun to Jul; green harvest from Sep; sorghum and sesame harvested in March,"SS07: Not stated; main harvest Oct-Nov | SS04: Not stated; green harvest from Sep, sorghum and sesame harvested in Mar",SS07: Flash floods in low-lying areas Jul-Aug | SS04: Seasonal flooding limits market access; floods along rivers and low-lying areas are periodic,SS07: Rainfall variability; flash floods in low-lying areas Jul-Aug; striga and fall armyworm; livestock disease; conflict | SS04: Dry spells and late season start about every 2 years (May-Jun); crop pests Jun-Dec; livestock disease; cross-border conflict; price spikes,"SS07: Household labor and ability to hire labor decide land size (poor up to 0.5 ha with hand tools and labor sold to better-off; better-off 2 ha or more); about 80% of households own cattle | SS04: Land size, farming tools and labor (poor hand tools, short of labor; better-off ox-plows, bicycles, timber and bamboo)","SS07: Border markets Amiet, Majok, Chanwandit; Kuajok, Gogrial, Wunrok, Turalei, Aweil, Warawar, Nyamlel and others; sorghum imported from Sudan, cattle and gum arabic exported | SS04: Raja, Aroyo, Kuarjena, Mapel, Kangi, Bar Mayen, Aweil, Namatina, Duma, Nagero; Wau; South Darfur (Sudan)","SS07: Poor harvest normally lasts about 6 months (Oct/Nov-Mar/Apr), now 2-5 months or 3 months; Mar-Apr combines purchased sorghum and sorghum earned through labor; wild foods peak in the rains | SS04: Own cereal normally 9 months (Sep-May), now 4-6 months; poor buy sorghum Jun-Aug with few income sources in those months; cassava year-round and in-kind labor cushion shortfalls","SS07: Labor sales (peak Apr-May), fish, wild foods, small livestock; better-off sell livestock and crops; livestock sales peak Jun-Jul; seasonal labor migration Jan-Jun to Sudan, Amiet, Wau, Juba | SS04: Poor: groundnut sales, natural products (charcoal, bamboo, honey, shea); better-off: groundnut, sesame, cassava, sorghum, tobacco, timber; school fees Mar-Apr","SS07: Roads fully accessible in dry season, only partly in the rains; sorghum price up nearly 5 times since 2016; cattle raiding Feb-May; conflict and displacement in the south-east of the zone | SS04: Seasonal flooding and poor roads; LRA insecurity in neighboring CAR; staple prices up 6-10 times at Wau market since 2016 while labor wages rose 2 times","SS07: Sale of labor, fish, wild foods and small livestock; better-off sell livestock and crops | SS04: Groundnut sales; natural product sales (charcoal, grass, bamboo, honey, shea); sorghum in-kind labor","FEWS NET South Sudan Livelihood Zone Map and Descriptions, Aug 2018; zone shares from FEWS NET 2018 shapefile overlaid on county boundaries"
Unity,Abiemnhom,1,SS11 Northern sorhgum and livestock (100%),SS11 Northern sorhgum and livestock,Semi-arid agro-pastoral with riverine area along the Nile; mechanized farming near the river; overall cereal deficit,"Sorghum (main), maize, cowpeas, sesame, vegetables",Single rainy season May-Oct; land preparation late Mar-early May; planting May-Jun; sorghum harvest Oct-Nov; own crops exhausted May-Aug; cattle sales May-Aug; milk peak to December,May-Aug (own crops exhausted),"Floods every 2-3 years, Aug-Oct","Floods every 2-3 years Aug-Oct; delayed or interrupted rains every 3-5 years around Jun-Jul; sorghum rust, grasshoppers, birds; livestock disease","Land (poor 0.5 ha; better-off 1-2 ha), livestock including cattle; mechanized and irrigated farming near the Nile","Malakal key market; strong two-way trade with Sudan (cereal in; cattle, goats, sheep, dried fish and bush products out); transport by river and road; rainy-season transport very limited","Poor sorghum harvest used to last 6-7 months, now 2-4 months; food earned for labor, and market purchase when stocks run out; agricultural labor available Apr-Dec","Sale of labor to better-off, seasonal labor migration, small livestock, fresh and dried fish, wild foods, firewood, beer; about two-thirds of labor is local","2015 border closures caused severe price rises (sorghum up to 6 times since 2016); conflict hit mechanized farms (Renk, Manyo, Melut); banditry; annual Falata herds migrate into parts of the zone","Local and seasonal labor, livestock and crop sales, fish, wild foods, retail trade","FEWS NET South Sudan Livelihood Zone Map and Descriptions, Aug 2018; zone shares from FEWS NET 2018 shapefile overlaid on county boundaries"
Unity,Guit,2,SS09 North-Western Nile basin cattle and maize (62%); SS08 Nile basin fishing and agro-pastoral (38%),SS09 North-Western Nile basin cattle and maize,"SS09: Livestock-focused agro-pastoral; maize is main staple; fishing and wild foods; deficit cereal producer relying on trade | SS08: Fishing, rain-fed cropping, livestock and wild foods on a narrow swampy floodplain along the Nile; river ports critical for trade","SS09: Maize (main), sorghum, beans, groundnuts, vegetables | SS08: Sorghum (staple), maize, cowpeas, groundnuts, vegetables (okra, pumpkins)","SS09: Rainy season May-Nov; dry spell May-Jun; floods Jul-Aug; livestock disease peaks Feb-Apr; fishing mostly in dry season | SS08: Fishing year-round, lowest in the rains; land preparation Feb-Mar; harvest Sep-Nov; vegetables in dry season; livestock sales Feb-Jul; fish sales Jan-Apr and Aug-Nov",SS09: Jun-Jul | SS08: Poor households buy sorghum from about Mar after own stocks run out; fish sales Jan-Apr and Aug-Nov,SS09: Floods Jul-Aug | SS08: Flooding every 3-5 years plus the annual river rise,SS09: Floods Jul-Aug; dry spell May-Jun; bird plagues; striga and fall armyworm; dry-season cattle raiding | SS08: Flooding every 3-5 years plus the annual river rise; crop pests; livestock disease; localized cattle raiding,"SS09: Livestock and land (poor few goats and under 1 ha; better-off cattle and over 1 ha, fishing equipment) | SS08: Land cultivated (poor about 0.5 ha; better-off over 1 ha), fishing equipment and livestock","SS09: Rubkona (Bentiu) primary market; Mayom; routes west via Mayom-Abiemnhom, north via Pariang to South Kordofan, south by river via Adok-Panyijiar-Juba; trade with Sudan | SS08: Malakal (main fish market, outside zone), Gut Thom (livestock, cereals, fish), Panyijiar, Awerial, Ayod (livestock); five river ports (Malakal, Adok, Shambe, Bor, Juba) critical for trade","SS09: Poor maize harvest normally lasts mid-Aug to Feb (6-7 months), now purchase up to 9 months of staple needs; market purchases from March; lean months Jun-Jul | SS08: Poor sorghum harvest normally 6-7 months (mid-Aug to Feb), now 2-4 months; buy sorghum from March and maize from January; fish sales Jan-Apr and Aug-Nov","SS09: Lean-season income from firewood, elephant grass and domestic work; better-off sell cattle, small livestock, surplus maize, timber; three school fee payments a year | SS08: Poor: fish, river products, wild foods, firewood, papyrus mats, brew, labor; better-off: milk, fish, crops, livestock, retail trade; school fees paid Apr, Jul, Oct",SS09: Inter- and intra-communal attacks and cattle rustling in the dry season; Bentiu prices up 10 times for maize and 3 times for sorghum since 2016 | SS08: Wetland logistics: roads beyond the river difficult and seasonally unreliable; transport by canoe and motor boat; displacement and conflict disrupt fishing and farming; Bor sorghum and maize prices up 5-7 times since 2016,"SS09: Poor households may buy up to 9 months of staples instead of 2-3; sell goats, sheep, labor and bush products | SS08: Sorghum harvest normally lasts 6-7 months, now 2-4; poor households sell fish, firewood, papyrus mats and brew","FEWS NET South Sudan Livelihood Zone Map and Descriptions, Aug 2018; zone shares from FEWS NET 2018 shapefile overlaid on county boundaries"
Unity,Koch,2,SS09 North-Western Nile basin cattle and maize (78%); SS08 Nile basin fishing and agro-pastoral (22%),SS09 North-Western Nile basin cattle and maize,"SS09: Livestock-focused agro-pastoral; maize is main staple; fishing and wild foods; deficit cereal producer relying on trade | SS08: Fishing, rain-fed cropping, livestock and wild foods on a narrow swampy floodplain along the Nile; river ports critical for trade","SS09: Maize (main), sorghum, beans, groundnuts, vegetables | SS08: Sorghum (staple), maize, cowpeas, groundnuts, vegetables (okra, pumpkins)","SS09: Rainy season May-Nov; dry spell May-Jun; floods Jul-Aug; livestock disease peaks Feb-Apr; fishing mostly in dry season | SS08: Fishing year-round, lowest in the rains; land preparation Feb-Mar; harvest Sep-Nov; vegetables in dry season; livestock sales Feb-Jul; fish sales Jan-Apr and Aug-Nov",SS09: Jun-Jul | SS08: Poor households buy sorghum from about Mar after own stocks run out; fish sales Jan-Apr and Aug-Nov,SS09: Floods Jul-Aug | SS08: Flooding every 3-5 years plus the annual river rise,SS09: Floods Jul-Aug; dry spell May-Jun; bird plagues; striga and fall armyworm; dry-season cattle raiding | SS08: Flooding every 3-5 years plus the annual river rise; crop pests; livestock disease; localized cattle raiding,"SS09: Livestock and land (poor few goats and under 1 ha; better-off cattle and over 1 ha, fishing equipment) | SS08: Land cultivated (poor about 0.5 ha; better-off over 1 ha), fishing equipment and livestock","SS09: Rubkona (Bentiu) primary market; Mayom; routes west via Mayom-Abiemnhom, north via Pariang to South Kordofan, south by river via Adok-Panyijiar-Juba; trade with Sudan | SS08: Malakal (main fish market, outside zone), Gut Thom (livestock, cereals, fish), Panyijiar, Awerial, Ayod (livestock); five river ports (Malakal, Adok, Shambe, Bor, Juba) critical for trade","SS09: Poor maize harvest normally lasts mid-Aug to Feb (6-7 months), now purchase up to 9 months of staple needs; market purchases from March; lean months Jun-Jul | SS08: Poor sorghum harvest normally 6-7 months (mid-Aug to Feb), now 2-4 months; buy sorghum from March and maize from January; fish sales Jan-Apr and Aug-Nov","SS09: Lean-season income from firewood, elephant grass and domestic work; better-off sell cattle, small livestock, surplus maize, timber; three school fee payments a year | SS08: Poor: fish, river products, wild foods, firewood, papyrus mats, brew, labor; better-off: milk, fish, crops, livestock, retail trade; school fees paid Apr, Jul, Oct",SS09: Inter- and intra-communal attacks and cattle rustling in the dry season; Bentiu prices up 10 times for maize and 3 times for sorghum since 2016 | SS08: Wetland logistics: roads beyond the river difficult and seasonally unreliable; transport by canoe and motor boat; displacement and conflict disrupt fishing and farming; Bor sorghum and maize prices up 5-7 times since 2016,"SS09: Poor households may buy up to 9 months of staples instead of 2-3; sell goats, sheep, labor and bush products | SS08: Sorghum harvest normally lasts 6-7 months, now 2-4; poor households sell fish, firewood, papyrus mats and brew","FEWS NET South Sudan Livelihood Zone Map and Descriptions, Aug 2018; zone shares from FEWS NET 2018 shapefile overlaid on county boundaries"
Unity,Leer,2,SS08 Nile basin fishing and agro-pastoral (71%); SS07 Greater Bahr el Ghazal sorghum and cattle (29%),SS08 Nile basin fishing and agro-pastoral,"SS08: Fishing, rain-fed cropping, livestock and wild foods on a narrow swampy floodplain along the Nile; river ports critical for trade | SS07: Classic agro-pastoral flood-plain system; cereal deficit imported from Sudan; cattle sold to Sudan; fishing and wild foods","SS08: Sorghum (staple), maize, cowpeas, groundnuts, vegetables (okra, pumpkins) | SS07: Sorghum (staple), maize, pearl millet, legumes, sesame, groundnuts","SS08: Fishing year-round, lowest in the rains; land preparation Feb-Mar; harvest Sep-Nov; vegetables in dry season; livestock sales Feb-Jul; fish sales Jan-Apr and Aug-Nov | SS07: Rainy season May-Oct; dry period peaks Jan-Apr; land preparation Mar-Apr; planting May-Jul; green harvest Aug-Sep; main harvest Oct-Nov",SS08: Poor households buy sorghum from about Mar after own stocks run out; fish sales Jan-Apr and Aug-Nov | SS07: Not stated; main harvest Oct-Nov,SS08: Flooding every 3-5 years plus the annual river rise | SS07: Flash floods in low-lying areas Jul-Aug,SS08: Flooding every 3-5 years plus the annual river rise; crop pests; livestock disease; localized cattle raiding | SS07: Rainfall variability; flash floods in low-lying areas Jul-Aug; striga and fall armyworm; livestock disease; conflict,"SS08: Land cultivated (poor about 0.5 ha; better-off over 1 ha), fishing equipment and livestock | SS07: Household labor and ability to hire labor decide land size (poor up to 0.5 ha with hand tools and labor sold to better-off; better-off 2 ha or more); about 80% of households own cattle","SS08: Malakal (main fish market, outside zone), Gut Thom (livestock, cereals, fish), Panyijiar, Awerial, Ayod (livestock); five river ports (Malakal, Adok, Shambe, Bor, Juba) critical for trade | SS07: Border markets Amiet, Majok, Chanwandit; Kuajok, Gogrial, Wunrok, Turalei, Aweil, Warawar, Nyamlel and others; sorghum imported from Sudan, cattle and gum arabic exported","SS08: Poor sorghum harvest normally 6-7 months (mid-Aug to Feb), now 2-4 months; buy sorghum from March and maize from January; fish sales Jan-Apr and Aug-Nov | SS07: Poor harvest normally lasts about 6 months (Oct/Nov-Mar/Apr), now 2-5 months or 3 months; Mar-Apr combines purchased sorghum and sorghum earned through labor; wild foods peak in the rains","SS08: Poor: fish, river products, wild foods, firewood, papyrus mats, brew, labor; better-off: milk, fish, crops, livestock, retail trade; school fees paid Apr, Jul, Oct | SS07: Labor sales (peak Apr-May), fish, wild foods, small livestock; better-off sell livestock and crops; livestock sales peak Jun-Jul; seasonal labor migration Jan-Jun to Sudan, Amiet, Wau, Juba","SS08: Wetland logistics: roads beyond the river difficult and seasonally unreliable; transport by canoe and motor boat; displacement and conflict disrupt fishing and farming; Bor sorghum and maize prices up 5-7 times since 2016 | SS07: Roads fully accessible in dry season, only partly in the rains; sorghum price up nearly 5 times since 2016; cattle raiding Feb-May; conflict and displacement in the south-east of the zone","SS08: Sorghum harvest normally lasts 6-7 months, now 2-4; poor households sell fish, firewood, papyrus mats and brew | SS07: Sale of labor, fish, wild foods and small livestock; better-off sell livestock and crops","FEWS NET South Sudan Livelihood Zone Map and Descriptions, Aug 2018; zone shares from FEWS NET 2018 shapefile overlaid on county boundaries"
Unity,Mayendit,2,SS07 Greater Bahr el Ghazal sorghum and cattle (94%); SS08 Nile basin fishing and agro-pastoral (6%),SS07 Greater Bahr el Ghazal sorghum and cattle,"SS07: Classic agro-pastoral flood-plain system; cereal deficit imported from Sudan; cattle sold to Sudan; fishing and wild foods | SS08: Fishing, rain-fed cropping, livestock and wild foods on a narrow swampy floodplain along the Nile; river ports critical for trade","SS07: Sorghum (staple), maize, pearl millet, legumes, sesame, groundnuts | SS08: Sorghum (staple), maize, cowpeas, groundnuts, vegetables (okra, pumpkins)","SS07: Rainy season May-Oct; dry period peaks Jan-Apr; land preparation Mar-Apr; planting May-Jul; green harvest Aug-Sep; main harvest Oct-Nov | SS08: Fishing year-round, lowest in the rains; land preparation Feb-Mar; harvest Sep-Nov; vegetables in dry season; livestock sales Feb-Jul; fish sales Jan-Apr and Aug-Nov",SS07: Not stated; main harvest Oct-Nov | SS08: Poor households buy sorghum from about Mar after own stocks run out; fish sales Jan-Apr and Aug-Nov,SS07: Flash floods in low-lying areas Jul-Aug | SS08: Flooding every 3-5 years plus the annual river rise,SS07: Rainfall variability; flash floods in low-lying areas Jul-Aug; striga and fall armyworm; livestock disease; conflict | SS08: Flooding every 3-5 years plus the annual river rise; crop pests; livestock disease; localized cattle raiding,"SS07: Household labor and ability to hire labor decide land size (poor up to 0.5 ha with hand tools and labor sold to better-off; better-off 2 ha or more); about 80% of households own cattle | SS08: Land cultivated (poor about 0.5 ha; better-off over 1 ha), fishing equipment and livestock","SS07: Border markets Amiet, Majok, Chanwandit; Kuajok, Gogrial, Wunrok, Turalei, Aweil, Warawar, Nyamlel and others; sorghum imported from Sudan, cattle and gum arabic exported | SS08: Malakal (main fish market, outside zone), Gut Thom (livestock, cereals, fish), Panyijiar, Awerial, Ayod (livestock); five river ports (Malakal, Adok, Shambe, Bor, Juba) critical for trade","SS07: Poor harvest normally lasts about 6 months (Oct/Nov-Mar/Apr), now 2-5 months or 3 months; Mar-Apr combines purchased sorghum and sorghum earned through labor; wild foods peak in the rains | SS08: Poor sorghum harvest normally 6-7 months (mid-Aug to Feb), now 2-4 months; buy sorghum from March and maize from January; fish sales Jan-Apr and Aug-Nov","SS07: Labor sales (peak Apr-May), fish, wild foods, small livestock; better-off sell livestock and crops; livestock sales peak Jun-Jul; seasonal labor migration Jan-Jun to Sudan, Amiet, Wau, Juba | SS08: Poor: fish, river products, wild foods, firewood, papyrus mats, brew, labor; better-off: milk, fish, crops, livestock, retail trade; school fees paid Apr, Jul, Oct","SS07: Roads fully accessible in dry season, only partly in the rains; sorghum price up nearly 5 times since 2016; cattle raiding Feb-May; conflict and displacement in the south-east of the zone | SS08: Wetland logistics: roads beyond the river difficult and seasonally unreliable; transport by canoe and motor boat; displacement and conflict disrupt fishing and farming; Bor sorghum and maize prices up 5-7 times since 2016","SS07: Sale of labor, fish, wild foods and small livestock; better-off sell livestock and crops | SS08: Sorghum harvest normally lasts 6-7 months, now 2-4; poor households sell fish, firewood, papyrus mats and brew","FEWS NET South Sudan Livelihood Zone Map and Descriptions, Aug 2018; zone shares from FEWS NET 2018 shapefile overlaid on county boundaries"
Unity,Mayom,1,SS09 North-Western Nile basin cattle and maize (100%),SS09 North-Western Nile basin cattle and maize,Livestock-focused agro-pastoral; maize is main staple; fishing and wild foods; deficit cereal producer relying on trade,"Maize (main), sorghum, beans, groundnuts, vegetables",Rainy season May-Nov; dry spell May-Jun; floods Jul-Aug; livestock disease peaks Feb-Apr; fishing mostly in dry season,Jun-Jul,Floods Jul-Aug,Floods Jul-Aug; dry spell May-Jun; bird plagues; striga and fall armyworm; dry-season cattle raiding,"Livestock and land (poor few goats and under 1 ha; better-off cattle and over 1 ha, fishing equipment)","Rubkona (Bentiu) primary market; Mayom; routes west via Mayom-Abiemnhom, north via Pariang to South Kordofan, south by river via Adok-Panyijiar-Juba; trade with Sudan","Poor maize harvest normally lasts mid-Aug to Feb (6-7 months), now purchase up to 9 months of staple needs; market purchases from March; lean months Jun-Jul","Lean-season income from firewood, elephant grass and domestic work; better-off sell cattle, small livestock, surplus maize, timber; three school fee payments a year",Inter- and intra-communal attacks and cattle rustling in the dry season; Bentiu prices up 10 times for maize and 3 times for sorghum since 2016,"Poor households may buy up to 9 months of staples instead of 2-3; sell goats, sheep, labor and bush products","FEWS NET South Sudan Livelihood Zone Map and Descriptions, Aug 2018; zone shares from FEWS NET 2018 shapefile overlaid on county boundaries"
Unity,Panyijiar,2,SS08 Nile basin fishing and agro-pastoral (51%); SS07 Greater Bahr el Ghazal sorghum and cattle (49%),SS08 Nile basin fishing and agro-pastoral,"SS08: Fishing, rain-fed cropping, livestock and wild foods on a narrow swampy floodplain along the Nile; river ports critical for trade | SS07: Classic agro-pastoral flood-plain system; cereal deficit imported from Sudan; cattle sold to Sudan; fishing and wild foods","SS08: Sorghum (staple), maize, cowpeas, groundnuts, vegetables (okra, pumpkins) | SS07: Sorghum (staple), maize, pearl millet, legumes, sesame, groundnuts","SS08: Fishing year-round, lowest in the rains; land preparation Feb-Mar; harvest Sep-Nov; vegetables in dry season; livestock sales Feb-Jul; fish sales Jan-Apr and Aug-Nov | SS07: Rainy season May-Oct; dry period peaks Jan-Apr; land preparation Mar-Apr; planting May-Jul; green harvest Aug-Sep; main harvest Oct-Nov",SS08: Poor households buy sorghum from about Mar after own stocks run out; fish sales Jan-Apr and Aug-Nov | SS07: Not stated; main harvest Oct-Nov,SS08: Flooding every 3-5 years plus the annual river rise | SS07: Flash floods in low-lying areas Jul-Aug,SS08: Flooding every 3-5 years plus the annual river rise; crop pests; livestock disease; localized cattle raiding | SS07: Rainfall variability; flash floods in low-lying areas Jul-Aug; striga and fall armyworm; livestock disease; conflict,"SS08: Land cultivated (poor about 0.5 ha; better-off over 1 ha), fishing equipment and livestock | SS07: Household labor and ability to hire labor decide land size (poor up to 0.5 ha with hand tools and labor sold to better-off; better-off 2 ha or more); about 80% of households own cattle","SS08: Malakal (main fish market, outside zone), Gut Thom (livestock, cereals, fish), Panyijiar, Awerial, Ayod (livestock); five river ports (Malakal, Adok, Shambe, Bor, Juba) critical for trade | SS07: Border markets Amiet, Majok, Chanwandit; Kuajok, Gogrial, Wunrok, Turalei, Aweil, Warawar, Nyamlel and others; sorghum imported from Sudan, cattle and gum arabic exported","SS08: Poor sorghum harvest normally 6-7 months (mid-Aug to Feb), now 2-4 months; buy sorghum from March and maize from January; fish sales Jan-Apr and Aug-Nov | SS07: Poor harvest normally lasts about 6 months (Oct/Nov-Mar/Apr), now 2-5 months or 3 months; Mar-Apr combines purchased sorghum and sorghum earned through labor; wild foods peak in the rains","SS08: Poor: fish, river products, wild foods, firewood, papyrus mats, brew, labor; better-off: milk, fish, crops, livestock, retail trade; school fees paid Apr, Jul, Oct | SS07: Labor sales (peak Apr-May), fish, wild foods, small livestock; better-off sell livestock and crops; livestock sales peak Jun-Jul; seasonal labor migration Jan-Jun to Sudan, Amiet, Wau, Juba","SS08: Wetland logistics: roads beyond the river difficult and seasonally unreliable; transport by canoe and motor boat; displacement and conflict disrupt fishing and farming; Bor sorghum and maize prices up 5-7 times since 2016 | SS07: Roads fully accessible in dry season, only partly in the rains; sorghum price up nearly 5 times since 2016; cattle raiding Feb-May; conflict and displacement in the south-east of the zone","SS08: Sorghum harvest normally lasts 6-7 months, now 2-4; poor households sell fish, firewood, papyrus mats and brew | SS07: Sale of labor, fish, wild foods and small livestock; better-off sell livestock and crops","FEWS NET South Sudan Livelihood Zone Map and Descriptions, Aug 2018; zone shares from FEWS NET 2018 shapefile overlaid on county boundaries"
Unity,Pariang,1,SS11 Northern sorhgum and livestock (100%),SS11 Northern sorhgum and livestock,Semi-arid agro-pastoral with riverine area along the Nile; mechanized farming near the river; overall cereal deficit,"Sorghum (main), maize, cowpeas, sesame, vegetables",Single rainy season May-Oct; land preparation late Mar-early May; planting May-Jun; sorghum harvest Oct-Nov; own crops exhausted May-Aug; cattle sales May-Aug; milk peak to December,May-Aug (own crops exhausted),"Floods every 2-3 years, Aug-Oct","Floods every 2-3 years Aug-Oct; delayed or interrupted rains every 3-5 years around Jun-Jul; sorghum rust, grasshoppers, birds; livestock disease","Land (poor 0.5 ha; better-off 1-2 ha), livestock including cattle; mechanized and irrigated farming near the Nile","Malakal key market; strong two-way trade with Sudan (cereal in; cattle, goats, sheep, dried fish and bush products out); transport by river and road; rainy-season transport very limited","Poor sorghum harvest used to last 6-7 months, now 2-4 months; food earned for labor, and market purchase when stocks run out; agricultural labor available Apr-Dec","Sale of labor to better-off, seasonal labor migration, small livestock, fresh and dried fish, wild foods, firewood, beer; about two-thirds of labor is local","2015 border closures caused severe price rises (sorghum up to 6 times since 2016); conflict hit mechanized farms (Renk, Manyo, Melut); banditry; annual Falata herds migrate into parts of the zone","Local and seasonal labor, livestock and crop sales, fish, wild foods, retail trade","FEWS NET South Sudan Livelihood Zone Map and Descriptions, Aug 2018; zone shares from FEWS NET 2018 shapefile overlaid on county boundaries"
Unity,Rubkona,1,SS09 North-Western Nile basin cattle and maize (100%),SS09 North-Western Nile basin cattle and maize,Livestock-focused agro-pastoral; maize is main staple; fishing and wild foods; deficit cereal producer relying on trade,"Maize (main), sorghum, beans, groundnuts, vegetables",Rainy season May-Nov; dry spell May-Jun; floods Jul-Aug; livestock disease peaks Feb-Apr; fishing mostly in dry season,Jun-Jul,Floods Jul-Aug,Floods Jul-Aug; dry spell May-Jun; bird plagues; striga and fall armyworm; dry-season cattle raiding,"Livestock and land (poor few goats and under 1 ha; better-off cattle and over 1 ha, fishing equipment)","Rubkona (Bentiu) primary market; Mayom; routes west via Mayom-Abiemnhom, north via Pariang to South Kordofan, south by river via Adok-Panyijiar-Juba; trade with Sudan","Poor maize harvest normally lasts mid-Aug to Feb (6-7 months), now purchase up to 9 months of staple needs; market purchases from March; lean months Jun-Jul","Lean-season income from firewood, elephant grass and domestic work; better-off sell cattle, small livestock, surplus maize, timber; three school fee payments a year",Inter- and intra-communal attacks and cattle rustling in the dry season; Bentiu prices up 10 times for maize and 3 times for sorghum since 2016,"Poor households may buy up to 9 months of staples instead of 2-3; sell goats, sheep, labor and bush products","FEWS NET South Sudan Livelihood Zone Map and Descriptions, Aug 2018; zone shares from FEWS NET 2018 shapefile overlaid on county boundaries"
Upper Nile,Baliet,2,SS11 Northern sorhgum and livestock (76%); SS10 North-Eastern maize cattle and fishing (24%),SS11 Northern sorhgum and livestock,"SS11: Semi-arid agro-pastoral with riverine area along the Nile; mechanized farming near the river; overall cereal deficit | SS10: Sobat River flood plain: maize, cattle and fishing; predictable annual inundation; net cereal importer; isolated, few trading opportunities","SS11: Sorghum (main), maize, cowpeas, sesame, vegetables | SS10: Maize (main, two seasons), sorghum, cowpeas, vegetables","SS11: Single rainy season May-Oct; land preparation late Mar-early May; planting May-Jun; sorghum harvest Oct-Nov; own crops exhausted May-Aug; cattle sales May-Aug; milk peak to December | SS10: Rainy season May-Oct (maize planted May); flood-recession maize from Nov, harvested late Feb-Mar; dry period most critical Jan-Apr; milk peaks Jul-Oct; peak goat and cattle sales Jun-Jul",SS11: May-Aug (own crops exhausted) | SS10: Starts after Mar-Apr (wild food purchases before lean season),"SS11: Floods every 2-3 years, Aug-Oct | SS10: Annual Sobat inundation Aug-Sep is expected (not classed as flood); flood-recession maize from Nov","SS11: Floods every 2-3 years Aug-Oct; delayed or interrupted rains every 3-5 years around Jun-Jul; sorghum rust, grasshoppers, birds; livestock disease | SS10: Rainfall interruption in Jun-Jul; sudden swing to heavy rain early in the season; annual swamp inundation Aug-Sep (expected, not classed as flood); crop pests; livestock disease","SS11: Land (poor 0.5 ha; better-off 1-2 ha), livestock including cattle; mechanized and irrigated farming near the Nile | SS10: Land cultivated (poor 0.25-0.5 ha; better-off 1 ha or more) and cattle","SS11: Malakal key market; strong two-way trade with Sudan (cereal in; cattle, goats, sheep, dried fish and bush products out); transport by river and road; rainy-season transport very limited | SS10: Jikmir, Jekow and Mathiang main markets; goods moved by boat or head-load to local markets; imports sorghum, salt, soap, beer; exports cattle, goats, fish, bush products","SS11: Poor sorghum harvest used to last 6-7 months, now 2-4 months; food earned for labor, and market purchase when stocks run out; agricultural labor available Apr-Dec | SS10: Poor maize harvest normally lasts about 6.5 months (mid-Aug to Feb), now about 2 months; own vegetables Mar-Aug; buy maize and vegetables the rest of the year; lean months May-Jul; wild foods Dec-Apr","SS11: Sale of labor to better-off, seasonal labor migration, small livestock, fresh and dried fish, wild foods, firewood, beer; about two-thirds of labor is local | SS10: Firewood and domestic work year-round; elephant grass sold at high-expenditure periods; fishing prominent Oct-Dec, limited May-Aug; honey Dec-Mar; school fees three payments a year","SS11: 2015 border closures caused severe price rises (sorghum up to 6 times since 2016); conflict hit mechanized farms (Renk, Manyo, Melut); banditry; annual Falata herds migrate into parts of the zone | SS10: Poor market access from insecurity, poor infrastructure and geographic isolation; conflict reduced cultivation, disrupted pasture, caused displacement and border closure","SS11: Local and seasonal labor, livestock and crop sales, fish, wild foods, retail trade | SS10: Labor migration, sale of natural products, dried fish, goats and cattle","FEWS NET South Sudan Livelihood Zone Map and Descriptions, Aug 2018; zone shares from FEWS NET 2018 shapefile overlaid on county boundaries"
Upper Nile,Fashoda,1,SS11 Northern sorhgum and livestock (100%),SS11 Northern sorhgum and livestock,Semi-arid agro-pastoral with riverine area along the Nile; mechanized farming near the river; overall cereal deficit,"Sorghum (main), maize, cowpeas, sesame, vegetables",Single rainy season May-Oct; land preparation late Mar-early May; planting May-Jun; sorghum harvest Oct-Nov; own crops exhausted May-Aug; cattle sales May-Aug; milk peak to December,May-Aug (own crops exhausted),"Floods every 2-3 years, Aug-Oct","Floods every 2-3 years Aug-Oct; delayed or interrupted rains every 3-5 years around Jun-Jul; sorghum rust, grasshoppers, birds; livestock disease","Land (poor 0.5 ha; better-off 1-2 ha), livestock including cattle; mechanized and irrigated farming near the Nile","Malakal key market; strong two-way trade with Sudan (cereal in; cattle, goats, sheep, dried fish and bush products out); transport by river and road; rainy-season transport very limited","Poor sorghum harvest used to last 6-7 months, now 2-4 months; food earned for labor, and market purchase when stocks run out; agricultural labor available Apr-Dec","Sale of labor to better-off, seasonal labor migration, small livestock, fresh and dried fish, wild foods, firewood, beer; about two-thirds of labor is local","2015 border closures caused severe price rises (sorghum up to 6 times since 2016); conflict hit mechanized farms (Renk, Manyo, Melut); banditry; annual Falata herds migrate into parts of the zone","Local and seasonal labor, livestock and crop sales, fish, wild foods, retail trade","FEWS NET South Sudan Livelihood Zone Map and Descriptions, Aug 2018; zone shares from FEWS NET 2018 shapefile overlaid on county boundaries"
Upper Nile,Longochuk,1,SS10 North-Eastern maize cattle and fishing (100%),SS10 North-Eastern maize cattle and fishing,"Sobat River flood plain: maize, cattle and fishing; predictable annual inundation; net cereal importer; isolated, few trading opportunities","Maize (main, two seasons), sorghum, cowpeas, vegetables","Rainy season May-Oct (maize planted May); flood-recession maize from Nov, harvested late Feb-Mar; dry period most critical Jan-Apr; milk peaks Jul-Oct; peak goat and cattle sales Jun-Jul",Starts after Mar-Apr (wild food purchases before lean season),Annual Sobat inundation Aug-Sep is expected (not classed as flood); flood-recession maize from Nov,"Rainfall interruption in Jun-Jul; sudden swing to heavy rain early in the season; annual swamp inundation Aug-Sep (expected, not classed as flood); crop pests; livestock disease",Land cultivated (poor 0.25-0.5 ha; better-off 1 ha or more) and cattle,"Jikmir, Jekow and Mathiang main markets; goods moved by boat or head-load to local markets; imports sorghum, salt, soap, beer; exports cattle, goats, fish, bush products","Poor maize harvest normally lasts about 6.5 months (mid-Aug to Feb), now about 2 months; own vegetables Mar-Aug; buy maize and vegetables the rest of the year; lean months May-Jul; wild foods Dec-Apr","Firewood and domestic work year-round; elephant grass sold at high-expenditure periods; fishing prominent Oct-Dec, limited May-Aug; honey Dec-Mar; school fees three payments a year","Poor market access from insecurity, poor infrastructure and geographic isolation; conflict reduced cultivation, disrupted pasture, caused displacement and border closure","Labor migration, sale of natural products, dried fish, goats and cattle","FEWS NET South Sudan Livelihood Zone Map and Descriptions, Aug 2018; zone shares from FEWS NET 2018 shapefile overlaid on county boundaries"
Upper Nile,Luakpiny/Nasir,1,SS10 North-Eastern maize cattle and fishing (100%),SS10 North-Eastern maize cattle and fishing,"Sobat River flood plain: maize, cattle and fishing; predictable annual inundation; net cereal importer; isolated, few trading opportunities","Maize (main, two seasons), sorghum, cowpeas, vegetables","Rainy season May-Oct (maize planted May); flood-recession maize from Nov, harvested late Feb-Mar; dry period most critical Jan-Apr; milk peaks Jul-Oct; peak goat and cattle sales Jun-Jul",Starts after Mar-Apr (wild food purchases before lean season),Annual Sobat inundation Aug-Sep is expected (not classed as flood); flood-recession maize from Nov,"Rainfall interruption in Jun-Jul; sudden swing to heavy rain early in the season; annual swamp inundation Aug-Sep (expected, not classed as flood); crop pests; livestock disease",Land cultivated (poor 0.25-0.5 ha; better-off 1 ha or more) and cattle,"Jikmir, Jekow and Mathiang main markets; goods moved by boat or head-load to local markets; imports sorghum, salt, soap, beer; exports cattle, goats, fish, bush products","Poor maize harvest normally lasts about 6.5 months (mid-Aug to Feb), now about 2 months; own vegetables Mar-Aug; buy maize and vegetables the rest of the year; lean months May-Jul; wild foods Dec-Apr","Firewood and domestic work year-round; elephant grass sold at high-expenditure periods; fishing prominent Oct-Dec, limited May-Aug; honey Dec-Mar; school fees three payments a year","Poor market access from insecurity, poor infrastructure and geographic isolation; conflict reduced cultivation, disrupted pasture, caused displacement and border closure","Labor migration, sale of natural products, dried fish, goats and cattle","FEWS NET South Sudan Livelihood Zone Map and Descriptions, Aug 2018; zone shares from FEWS NET 2018 shapefile overlaid on county boundaries"
Upper Nile,Maban,1,SS11 Northern sorhgum and livestock (100%),SS11 Northern sorhgum and livestock,Semi-arid agro-pastoral with riverine area along the Nile; mechanized farming near the river; overall cereal deficit,"Sorghum (main), maize, cowpeas, sesame, vegetables",Single rainy season May-Oct; land preparation late Mar-early May; planting May-Jun; sorghum harvest Oct-Nov; own crops exhausted May-Aug; cattle sales May-Aug; milk peak to December,May-Aug (own crops exhausted),"Floods every 2-3 years, Aug-Oct","Floods every 2-3 years Aug-Oct; delayed or interrupted rains every 3-5 years around Jun-Jul; sorghum rust, grasshoppers, birds; livestock disease","Land (poor 0.5 ha; better-off 1-2 ha), livestock including cattle; mechanized and irrigated farming near the Nile","Malakal key market; strong two-way trade with Sudan (cereal in; cattle, goats, sheep, dried fish and bush products out); transport by river and road; rainy-season transport very limited","Poor sorghum harvest used to last 6-7 months, now 2-4 months; food earned for labor, and market purchase when stocks run out; agricultural labor available Apr-Dec","Sale of labor to better-off, seasonal labor migration, small livestock, fresh and dried fish, wild foods, firewood, beer; about two-thirds of labor is local","2015 border closures caused severe price rises (sorghum up to 6 times since 2016); conflict hit mechanized farms (Renk, Manyo, Melut); banditry; annual Falata herds migrate into parts of the zone","Local and seasonal labor, livestock and crop sales, fish, wild foods, retail trade","FEWS NET South Sudan Livelihood Zone Map and Descriptions, Aug 2018; zone shares from FEWS NET 2018 shapefile overlaid on county boundaries"
Upper Nile,Maiwut,1,SS10 North-Eastern maize cattle and fishing (100%),SS10 North-Eastern maize cattle and fishing,"Sobat River flood plain: maize, cattle and fishing; predictable annual inundation; net cereal importer; isolated, few trading opportunities","Maize (main, two seasons), sorghum, cowpeas, vegetables","Rainy season May-Oct (maize planted May); flood-recession maize from Nov, harvested late Feb-Mar; dry period most critical Jan-Apr; milk peaks Jul-Oct; peak goat and cattle sales Jun-Jul",Starts after Mar-Apr (wild food purchases before lean season),Annual Sobat inundation Aug-Sep is expected (not classed as flood); flood-recession maize from Nov,"Rainfall interruption in Jun-Jul; sudden swing to heavy rain early in the season; annual swamp inundation Aug-Sep (expected, not classed as flood); crop pests; livestock disease",Land cultivated (poor 0.25-0.5 ha; better-off 1 ha or more) and cattle,"Jikmir, Jekow and Mathiang main markets; goods moved by boat or head-load to local markets; imports sorghum, salt, soap, beer; exports cattle, goats, fish, bush products","Poor maize harvest normally lasts about 6.5 months (mid-Aug to Feb), now about 2 months; own vegetables Mar-Aug; buy maize and vegetables the rest of the year; lean months May-Jul; wild foods Dec-Apr","Firewood and domestic work year-round; elephant grass sold at high-expenditure periods; fishing prominent Oct-Dec, limited May-Aug; honey Dec-Mar; school fees three payments a year","Poor market access from insecurity, poor infrastructure and geographic isolation; conflict reduced cultivation, disrupted pasture, caused displacement and border closure","Labor migration, sale of natural products, dried fish, goats and cattle","FEWS NET South Sudan Livelihood Zone Map and Descriptions, Aug 2018; zone shares from FEWS NET 2018 shapefile overlaid on county boundaries"
Upper Nile,Malakal,1,SS11 Northern sorhgum and livestock (100%),SS11 Northern sorhgum and livestock,Semi-arid agro-pastoral with riverine area along the Nile; mechanized farming near the river; overall cereal deficit,"Sorghum (main), maize, cowpeas, sesame, vegetables",Single rainy season May-Oct; land preparation late Mar-early May; planting May-Jun; sorghum harvest Oct-Nov; own crops exhausted May-Aug; cattle sales May-Aug; milk peak to December,May-Aug (own crops exhausted),"Floods every 2-3 years, Aug-Oct","Floods every 2-3 years Aug-Oct; delayed or interrupted rains every 3-5 years around Jun-Jul; sorghum rust, grasshoppers, birds; livestock disease","Land (poor 0.5 ha; better-off 1-2 ha), livestock including cattle; mechanized and irrigated farming near the Nile","Malakal key market; strong two-way trade with Sudan (cereal in; cattle, goats, sheep, dried fish and bush products out); transport by river and road; rainy-season transport very limited","Poor sorghum harvest used to last 6-7 months, now 2-4 months; food earned for labor, and market purchase when stocks run out; agricultural labor available Apr-Dec","Sale of labor to better-off, seasonal labor migration, small livestock, fresh and dried fish, wild foods, firewood, beer; about two-thirds of labor is local","2015 border closures caused severe price rises (sorghum up to 6 times since 2016); conflict hit mechanized farms (Renk, Manyo, Melut); banditry; annual Falata herds migrate into parts of the zone","Local and seasonal labor, livestock and crop sales, fish, wild foods, retail trade","FEWS NET South Sudan Livelihood Zone Map and Descriptions, Aug 2018; zone shares from FEWS NET 2018 shapefile overlaid on county boundaries"
Upper Nile,Manyo,1,SS11 Northern sorhgum and livestock (100%),SS11 Northern sorhgum and livestock,Semi-arid agro-pastoral with riverine area along the Nile; mechanized farming near the river; overall cereal deficit,"Sorghum (main), maize, cowpeas, sesame, vegetables",Single rainy season May-Oct; land preparation late Mar-early May; planting May-Jun; sorghum harvest Oct-Nov; own crops exhausted May-Aug; cattle sales May-Aug; milk peak to December,May-Aug (own crops exhausted),"Floods every 2-3 years, Aug-Oct","Floods every 2-3 years Aug-Oct; delayed or interrupted rains every 3-5 years around Jun-Jul; sorghum rust, grasshoppers, birds; livestock disease","Land (poor 0.5 ha; better-off 1-2 ha), livestock including cattle; mechanized and irrigated farming near the Nile","Malakal key market; strong two-way trade with Sudan (cereal in; cattle, goats, sheep, dried fish and bush products out); transport by river and road; rainy-season transport very limited","Poor sorghum harvest used to last 6-7 months, now 2-4 months; food earned for labor, and market purchase when stocks run out; agricultural labor available Apr-Dec","Sale of labor to better-off, seasonal labor migration, small livestock, fresh and dried fish, wild foods, firewood, beer; about two-thirds of labor is local","2015 border closures caused severe price rises (sorghum up to 6 times since 2016); conflict hit mechanized farms (Renk, Manyo, Melut); banditry; annual Falata herds migrate into parts of the zone","Local and seasonal labor, livestock and crop sales, fish, wild foods, retail trade","FEWS NET South Sudan Livelihood Zone Map and Descriptions, Aug 2018; zone shares from FEWS NET 2018 shapefile overlaid on county boundaries"
Upper Nile,Melut,1,SS11 Northern sorhgum and livestock (100%),SS11 Northern sorhgum and livestock,Semi-arid agro-pastoral with riverine area along the Nile; mechanized farming near the river; overall cereal deficit,"Sorghum (main), maize, cowpeas, sesame, vegetables",Single rainy season May-Oct; land preparation late Mar-early May; planting May-Jun; sorghum harvest Oct-Nov; own crops exhausted May-Aug; cattle sales May-Aug; milk peak to December,May-Aug (own crops exhausted),"Floods every 2-3 years, Aug-Oct","Floods every 2-3 years Aug-Oct; delayed or interrupted rains every 3-5 years around Jun-Jul; sorghum rust, grasshoppers, birds; livestock disease","Land (poor 0.5 ha; better-off 1-2 ha), livestock including cattle; mechanized and irrigated farming near the Nile","Malakal key market; strong two-way trade with Sudan (cereal in; cattle, goats, sheep, dried fish and bush products out); transport by river and road; rainy-season transport very limited","Poor sorghum harvest used to last 6-7 months, now 2-4 months; food earned for labor, and market purchase when stocks run out; agricultural labor available Apr-Dec","Sale of labor to better-off, seasonal labor migration, small livestock, fresh and dried fish, wild foods, firewood, beer; about two-thirds of labor is local","2015 border closures caused severe price rises (sorghum up to 6 times since 2016); conflict hit mechanized farms (Renk, Manyo, Melut); banditry; annual Falata herds migrate into parts of the zone","Local and seasonal labor, livestock and crop sales, fish, wild foods, retail trade","FEWS NET South Sudan Livelihood Zone Map and Descriptions, Aug 2018; zone shares from FEWS NET 2018 shapefile overlaid on county boundaries"
Upper Nile,Panyikang,2,SS11 Northern sorhgum and livestock (80%); SS10 North-Eastern maize cattle and fishing (20%),SS11 Northern sorhgum and livestock,"SS11: Semi-arid agro-pastoral with riverine area along the Nile; mechanized farming near the river; overall cereal deficit | SS10: Sobat River flood plain: maize, cattle and fishing; predictable annual inundation; net cereal importer; isolated, few trading opportunities","SS11: Sorghum (main), maize, cowpeas, sesame, vegetables | SS10: Maize (main, two seasons), sorghum, cowpeas, vegetables","SS11: Single rainy season May-Oct; land preparation late Mar-early May; planting May-Jun; sorghum harvest Oct-Nov; own crops exhausted May-Aug; cattle sales May-Aug; milk peak to December | SS10: Rainy season May-Oct (maize planted May); flood-recession maize from Nov, harvested late Feb-Mar; dry period most critical Jan-Apr; milk peaks Jul-Oct; peak goat and cattle sales Jun-Jul",SS11: May-Aug (own crops exhausted) | SS10: Starts after Mar-Apr (wild food purchases before lean season),"SS11: Floods every 2-3 years, Aug-Oct | SS10: Annual Sobat inundation Aug-Sep is expected (not classed as flood); flood-recession maize from Nov","SS11: Floods every 2-3 years Aug-Oct; delayed or interrupted rains every 3-5 years around Jun-Jul; sorghum rust, grasshoppers, birds; livestock disease | SS10: Rainfall interruption in Jun-Jul; sudden swing to heavy rain early in the season; annual swamp inundation Aug-Sep (expected, not classed as flood); crop pests; livestock disease","SS11: Land (poor 0.5 ha; better-off 1-2 ha), livestock including cattle; mechanized and irrigated farming near the Nile | SS10: Land cultivated (poor 0.25-0.5 ha; better-off 1 ha or more) and cattle","SS11: Malakal key market; strong two-way trade with Sudan (cereal in; cattle, goats, sheep, dried fish and bush products out); transport by river and road; rainy-season transport very limited | SS10: Jikmir, Jekow and Mathiang main markets; goods moved by boat or head-load to local markets; imports sorghum, salt, soap, beer; exports cattle, goats, fish, bush products","SS11: Poor sorghum harvest used to last 6-7 months, now 2-4 months; food earned for labor, and market purchase when stocks run out; agricultural labor available Apr-Dec | SS10: Poor maize harvest normally lasts about 6.5 months (mid-Aug to Feb), now about 2 months; own vegetables Mar-Aug; buy maize and vegetables the rest of the year; lean months May-Jul; wild foods Dec-Apr","SS11: Sale of labor to better-off, seasonal labor migration, small livestock, fresh and dried fish, wild foods, firewood, beer; about two-thirds of labor is local | SS10: Firewood and domestic work year-round; elephant grass sold at high-expenditure periods; fishing prominent Oct-Dec, limited May-Aug; honey Dec-Mar; school fees three payments a year","SS11: 2015 border closures caused severe price rises (sorghum up to 6 times since 2016); conflict hit mechanized farms (Renk, Manyo, Melut); banditry; annual Falata herds migrate into parts of the zone | SS10: Poor market access from insecurity, poor infrastructure and geographic isolation; conflict reduced cultivation, disrupted pasture, caused displacement and border closure","SS11: Local and seasonal labor, livestock and crop sales, fish, wild foods, retail trade | SS10: Labor migration, sale of natural products, dried fish, goats and cattle","FEWS NET South Sudan Livelihood Zone Map and Descriptions, Aug 2018; zone shares from FEWS NET 2018 shapefile overlaid on county boundaries"
Upper Nile,Renk,1,SS11 Northern sorhgum and livestock (100%),SS11 Northern sorhgum and livestock,Semi-arid agro-pastoral with riverine area along the Nile; mechanized farming near the river; overall cereal deficit,"Sorghum (main), maize, cowpeas, sesame, vegetables",Single rainy season May-Oct; land preparation late Mar-early May; planting May-Jun; sorghum harvest Oct-Nov; own crops exhausted May-Aug; cattle sales May-Aug; milk peak to December,May-Aug (own crops exhausted),"Floods every 2-3 years, Aug-Oct","Floods every 2-3 years Aug-Oct; delayed or interrupted rains every 3-5 years around Jun-Jul; sorghum rust, grasshoppers, birds; livestock disease","Land (poor 0.5 ha; better-off 1-2 ha), livestock including cattle; mechanized and irrigated farming near the Nile","Malakal key market; strong two-way trade with Sudan (cereal in; cattle, goats, sheep, dried fish and bush products out); transport by river and road; rainy-season transport very limited","Poor sorghum harvest used to last 6-7 months, now 2-4 months; food earned for labor, and market purchase when stocks run out; agricultural labor available Apr-Dec","Sale of labor to better-off, seasonal labor migration, small livestock, fresh and dried fish, wild foods, firewood, beer; about two-thirds of labor is local","2015 border closures caused severe price rises (sorghum up to 6 times since 2016); conflict hit mechanized farms (Renk, Manyo, Melut); banditry; annual Falata herds migrate into parts of the zone","Local and seasonal labor, livestock and crop sales, fish, wild foods, retail trade","FEWS NET South Sudan Livelihood Zone Map and Descriptions, Aug 2018; zone shares from FEWS NET 2018 shapefile overlaid on county boundaries"
Upper Nile,Ulang,1,SS10 North-Eastern maize cattle and fishing (100%),SS10 North-Eastern maize cattle and fishing,"Sobat River flood plain: maize, cattle and fishing; predictable annual inundation; net cereal importer; isolated, few trading opportunities","Maize (main, two seasons), sorghum, cowpeas, vegetables","Rainy season May-Oct (maize planted May); flood-recession maize from Nov, harvested late Feb-Mar; dry period most critical Jan-Apr; milk peaks Jul-Oct; peak goat and cattle sales Jun-Jul",Starts after Mar-Apr (wild food purchases before lean season),Annual Sobat inundation Aug-Sep is expected (not classed as flood); flood-recession maize from Nov,"Rainfall interruption in Jun-Jul; sudden swing to heavy rain early in the season; annual swamp inundation Aug-Sep (expected, not classed as flood); crop pests; livestock disease",Land cultivated (poor 0.25-0.5 ha; better-off 1 ha or more) and cattle,"Jikmir, Jekow and Mathiang main markets; goods moved by boat or head-load to local markets; imports sorghum, salt, soap, beer; exports cattle, goats, fish, bush products","Poor maize harvest normally lasts about 6.5 months (mid-Aug to Feb), now about 2 months; own vegetables Mar-Aug; buy maize and vegetables the rest of the year; lean months May-Jul; wild foods Dec-Apr","Firewood and domestic work year-round; elephant grass sold at high-expenditure periods; fishing prominent Oct-Dec, limited May-Aug; honey Dec-Mar; school fees three payments a year","Poor market access from insecurity, poor infrastructure and geographic isolation; conflict reduced cultivation, disrupted pasture, caused displacement and border closure","Labor migration, sale of natural products, dried fish, goats and cattle","FEWS NET South Sudan Livelihood Zone Map and Descriptions, Aug 2018; zone shares from FEWS NET 2018 shapefile overlaid on county boundaries"
Warrap,Gogrial East,1,SS07 Greater Bahr el Ghazal sorghum and cattle (100%),SS07 Greater Bahr el Ghazal sorghum and cattle,Classic agro-pastoral flood-plain system; cereal deficit imported from Sudan; cattle sold to Sudan; fishing and wild foods,"Sorghum (staple), maize, pearl millet, legumes, sesame, groundnuts",Rainy season May-Oct; dry period peaks Jan-Apr; land preparation Mar-Apr; planting May-Jul; green harvest Aug-Sep; main harvest Oct-Nov,Not stated; main harvest Oct-Nov,Flash floods in low-lying areas Jul-Aug,Rainfall variability; flash floods in low-lying areas Jul-Aug; striga and fall armyworm; livestock disease; conflict,Household labor and ability to hire labor decide land size (poor up to 0.5 ha with hand tools and labor sold to better-off; better-off 2 ha or more); about 80% of households own cattle,"Border markets Amiet, Majok, Chanwandit; Kuajok, Gogrial, Wunrok, Turalei, Aweil, Warawar, Nyamlel and others; sorghum imported from Sudan, cattle and gum arabic exported","Poor harvest normally lasts about 6 months (Oct/Nov-Mar/Apr), now 2-5 months or 3 months; Mar-Apr combines purchased sorghum and sorghum earned through labor; wild foods peak in the rains","Labor sales (peak Apr-May), fish, wild foods, small livestock; better-off sell livestock and crops; livestock sales peak Jun-Jul; seasonal labor migration Jan-Jun to Sudan, Amiet, Wau, Juba","Roads fully accessible in dry season, only partly in the rains; sorghum price up nearly 5 times since 2016; cattle raiding Feb-May; conflict and displacement in the south-east of the zone","Sale of labor, fish, wild foods and small livestock; better-off sell livestock and crops","FEWS NET South Sudan Livelihood Zone Map and Descriptions, Aug 2018; zone shares from FEWS NET 2018 shapefile overlaid on county boundaries"
Warrap,Gogrial West,1,SS07 Greater Bahr el Ghazal sorghum and cattle (100%),SS07 Greater Bahr el Ghazal sorghum and cattle,Classic agro-pastoral flood-plain system; cereal deficit imported from Sudan; cattle sold to Sudan; fishing and wild foods,"Sorghum (staple), maize, pearl millet, legumes, sesame, groundnuts",Rainy season May-Oct; dry period peaks Jan-Apr; land preparation Mar-Apr; planting May-Jul; green harvest Aug-Sep; main harvest Oct-Nov,Not stated; main harvest Oct-Nov,Flash floods in low-lying areas Jul-Aug,Rainfall variability; flash floods in low-lying areas Jul-Aug; striga and fall armyworm; livestock disease; conflict,Household labor and ability to hire labor decide land size (poor up to 0.5 ha with hand tools and labor sold to better-off; better-off 2 ha or more); about 80% of households own cattle,"Border markets Amiet, Majok, Chanwandit; Kuajok, Gogrial, Wunrok, Turalei, Aweil, Warawar, Nyamlel and others; sorghum imported from Sudan, cattle and gum arabic exported","Poor harvest normally lasts about 6 months (Oct/Nov-Mar/Apr), now 2-5 months or 3 months; Mar-Apr combines purchased sorghum and sorghum earned through labor; wild foods peak in the rains","Labor sales (peak Apr-May), fish, wild foods, small livestock; better-off sell livestock and crops; livestock sales peak Jun-Jul; seasonal labor migration Jan-Jun to Sudan, Amiet, Wau, Juba","Roads fully accessible in dry season, only partly in the rains; sorghum price up nearly 5 times since 2016; cattle raiding Feb-May; conflict and displacement in the south-east of the zone","Sale of labor, fish, wild foods and small livestock; better-off sell livestock and crops","FEWS NET South Sudan Livelihood Zone Map and Descriptions, Aug 2018; zone shares from FEWS NET 2018 shapefile overlaid on county boundaries"
Warrap,Tonj East,1,SS07 Greater Bahr el Ghazal sorghum and cattle (100%),SS07 Greater Bahr el Ghazal sorghum and cattle,Classic agro-pastoral flood-plain system; cereal deficit imported from Sudan; cattle sold to Sudan; fishing and wild foods,"Sorghum (staple), maize, pearl millet, legumes, sesame, groundnuts",Rainy season May-Oct; dry period peaks Jan-Apr; land preparation Mar-Apr; planting May-Jul; green harvest Aug-Sep; main harvest Oct-Nov,Not stated; main harvest Oct-Nov,Flash floods in low-lying areas Jul-Aug,Rainfall variability; flash floods in low-lying areas Jul-Aug; striga and fall armyworm; livestock disease; conflict,Household labor and ability to hire labor decide land size (poor up to 0.5 ha with hand tools and labor sold to better-off; better-off 2 ha or more); about 80% of households own cattle,"Border markets Amiet, Majok, Chanwandit; Kuajok, Gogrial, Wunrok, Turalei, Aweil, Warawar, Nyamlel and others; sorghum imported from Sudan, cattle and gum arabic exported","Poor harvest normally lasts about 6 months (Oct/Nov-Mar/Apr), now 2-5 months or 3 months; Mar-Apr combines purchased sorghum and sorghum earned through labor; wild foods peak in the rains","Labor sales (peak Apr-May), fish, wild foods, small livestock; better-off sell livestock and crops; livestock sales peak Jun-Jul; seasonal labor migration Jan-Jun to Sudan, Amiet, Wau, Juba","Roads fully accessible in dry season, only partly in the rains; sorghum price up nearly 5 times since 2016; cattle raiding Feb-May; conflict and displacement in the south-east of the zone","Sale of labor, fish, wild foods and small livestock; better-off sell livestock and crops","FEWS NET South Sudan Livelihood Zone Map and Descriptions, Aug 2018; zone shares from FEWS NET 2018 shapefile overlaid on county boundaries"
Warrap,Tonj North,1,SS07 Greater Bahr el Ghazal sorghum and cattle (100%),SS07 Greater Bahr el Ghazal sorghum and cattle,Classic agro-pastoral flood-plain system; cereal deficit imported from Sudan; cattle sold to Sudan; fishing and wild foods,"Sorghum (staple), maize, pearl millet, legumes, sesame, groundnuts",Rainy season May-Oct; dry period peaks Jan-Apr; land preparation Mar-Apr; planting May-Jul; green harvest Aug-Sep; main harvest Oct-Nov,Not stated; main harvest Oct-Nov,Flash floods in low-lying areas Jul-Aug,Rainfall variability; flash floods in low-lying areas Jul-Aug; striga and fall armyworm; livestock disease; conflict,Household labor and ability to hire labor decide land size (poor up to 0.5 ha with hand tools and labor sold to better-off; better-off 2 ha or more); about 80% of households own cattle,"Border markets Amiet, Majok, Chanwandit; Kuajok, Gogrial, Wunrok, Turalei, Aweil, Warawar, Nyamlel and others; sorghum imported from Sudan, cattle and gum arabic exported","Poor harvest normally lasts about 6 months (Oct/Nov-Mar/Apr), now 2-5 months or 3 months; Mar-Apr combines purchased sorghum and sorghum earned through labor; wild foods peak in the rains","Labor sales (peak Apr-May), fish, wild foods, small livestock; better-off sell livestock and crops; livestock sales peak Jun-Jul; seasonal labor migration Jan-Jun to Sudan, Amiet, Wau, Juba","Roads fully accessible in dry season, only partly in the rains; sorghum price up nearly 5 times since 2016; cattle raiding Feb-May; conflict and displacement in the south-east of the zone","Sale of labor, fish, wild foods and small livestock; better-off sell livestock and crops","FEWS NET South Sudan Livelihood Zone Map and Descriptions, Aug 2018; zone shares from FEWS NET 2018 shapefile overlaid on county boundaries"
Warrap,Tonj South,2,SS02 Ironstone Plateau agro-pastoral (84%); SS07 Greater Bahr el Ghazal sorghum and cattle (16%),SS02 Ironstone Plateau agro-pastoral,"SS02: Moderately productive agro-pastoral zone: cereals and legumes, cattle and small livestock | SS07: Classic agro-pastoral flood-plain system; cereal deficit imported from Sudan; cattle sold to Sudan; fishing and wild foods","SS02: Sorghum (main), millet, maize, groundnut, sesame, cassava, sweet potatoes, vegetables | SS07: Sorghum (staple), maize, pearl millet, legumes, sesame, groundnuts","SS02: Single rainy season Apr-early Nov; land preparation Feb-Mar; planting Apr-May; weeding Jun-Jul; lean season Jun-Jul; groundnut and sesame harvest from Aug, sorghum from Oct | SS07: Rainy season May-Oct; dry period peaks Jan-Apr; land preparation Mar-Apr; planting May-Jul; green harvest Aug-Sep; main harvest Oct-Nov",SS02: Jun-Jul | SS07: Not stated; main harvest Oct-Nov,SS02: Floods every year in Sep-Oct | SS07: Flash floods in low-lying areas Jul-Aug,SS02: Drought about every 12 years; annual crop pests and livestock disease; periodic river floods; inter-clan conflict | SS07: Rainfall variability; flash floods in low-lying areas Jul-Aug; striga and fall armyworm; livestock disease; conflict,"SS02: Land size cultivated (poor 0.42-0.84 ha, fewer than 5 goats or sheep; better-off over 20 goats/sheep and cattle, ox-plows, tractors, power saws) | SS07: Household labor and ability to hire labor decide land size (poor up to 0.5 ha with hand tools and labor sold to better-off; better-off 2 ha or more); about 80% of households own cattle","SS02: Rumbek, Yirol, Terekeka, Cueibet, Wulu, Mvolo, Tonj, Wau, Juba; corridors Juba-Rumbek-Wau and Maridi-Mvolo-Rumbek; goods mostly from Juba and Uganda | SS07: Border markets Amiet, Majok, Chanwandit; Kuajok, Gogrial, Wunrok, Turalei, Aweil, Warawar, Nyamlel and others; sorghum imported from Sudan, cattle and gum arabic exported","SS02: Own cereal normally lasts 8 months (Aug-Mar), now 3-5 months; poor buy sorghum Apr-Jul and millet Jun-Jul; cassava year-round | SS07: Poor harvest normally lasts about 6 months (Oct/Nov-Mar/Apr), now 2-5 months or 3 months; Mar-Apr combines purchased sorghum and sorghum earned through labor; wild foods peak in the rains","SS02: Lean-season income from firewood, charcoal, thatching grass; better-off sell sorghum, millet, vegetables, cattle, honey; health expenses peak Jun-Aug | SS07: Labor sales (peak Apr-May), fish, wild foods, small livestock; better-off sell livestock and crops; livestock sales peak Jun-Jul; seasonal labor migration Jan-Jun to Sudan, Amiet, Wau, Juba","SS02: Unpaved roads hard to use in the rains; very high inflation (up to 10-20 times for some goods since 2016); interclan conflict; tsetse and cattle disease | SS07: Roads fully accessible in dry season, only partly in the rains; sorghum price up nearly 5 times since 2016; cattle raiding Feb-May; conflict and displacement in the south-east of the zone","SS02: Poor sell firewood, charcoal, grass, mats, shea oil, wild foods and labor; better-off sell sorghum, millet, cattle and honey | SS07: Sale of labor, fish, wild foods and small livestock; better-off sell livestock and crops","FEWS NET South Sudan Livelihood Zone Map and Descriptions, Aug 2018; zone shares from FEWS NET 2018 shapefile overlaid on county boundaries"
Warrap,Twic,1,SS07 Greater Bahr el Ghazal sorghum and cattle (100%),SS07 Greater Bahr el Ghazal sorghum and cattle,Classic agro-pastoral flood-plain system; cereal deficit imported from Sudan; cattle sold to Sudan; fishing and wild foods,"Sorghum (staple), maize, pearl millet, legumes, sesame, groundnuts",Rainy season May-Oct; dry period peaks Jan-Apr; land preparation Mar-Apr; planting May-Jul; green harvest Aug-Sep; main harvest Oct-Nov,Not stated; main harvest Oct-Nov,Flash floods in low-lying areas Jul-Aug,Rainfall variability; flash floods in low-lying areas Jul-Aug; striga and fall armyworm; livestock disease; conflict,Household labor and ability to hire labor decide land size (poor up to 0.5 ha with hand tools and labor sold to better-off; better-off 2 ha or more); about 80% of households own cattle,"Border markets Amiet, Majok, Chanwandit; Kuajok, Gogrial, Wunrok, Turalei, Aweil, Warawar, Nyamlel and others; sorghum imported from Sudan, cattle and gum arabic exported","Poor harvest normally lasts about 6 months (Oct/Nov-Mar/Apr), now 2-5 months or 3 months; Mar-Apr combines purchased sorghum and sorghum earned through labor; wild foods peak in the rains","Labor sales (peak Apr-May), fish, wild foods, small livestock; better-off sell livestock and crops; livestock sales peak Jun-Jul; seasonal labor migration Jan-Jun to Sudan, Amiet, Wau, Juba","Roads fully accessible in dry season, only partly in the rains; sorghum price up nearly 5 times since 2016; cattle raiding Feb-May; conflict and displacement in the south-east of the zone","Sale of labor, fish, wild foods and small livestock; better-off sell livestock and crops","FEWS NET South Sudan Livelihood Zone Map and Descriptions, Aug 2018; zone shares from FEWS NET 2018 shapefile overlaid on county boundaries"
Western Bahr el Ghazal,Jur River,3,SS07 Greater Bahr el Ghazal sorghum and cattle (43%); SS02 Ironstone Plateau agro-pastoral (31%); SS04 Western plains groundnuts sesame and sorghum (26%),SS07 Greater Bahr el Ghazal sorghum and cattle,"SS07: Classic agro-pastoral flood-plain system; cereal deficit imported from Sudan; cattle sold to Sudan; fishing and wild foods | SS02: Moderately productive agro-pastoral zone: cereals and legumes, cattle and small livestock | SS04: Subsistence rain-fed farming with forest products, seasonal fishing and small livestock; formerly a surplus area","SS07: Sorghum (staple), maize, pearl millet, legumes, sesame, groundnuts | SS02: Sorghum (main), millet, maize, groundnut, sesame, cassava, sweet potatoes, vegetables | SS04: Groundnuts and sesame (cash), sorghum, maize, cassava, cowpeas, pumpkins, vegetables","SS07: Rainy season May-Oct; dry period peaks Jan-Apr; land preparation Mar-Apr; planting May-Jul; green harvest Aug-Sep; main harvest Oct-Nov | SS02: Single rainy season Apr-early Nov; land preparation Feb-Mar; planting Apr-May; weeding Jun-Jul; lean season Jun-Jul; groundnut and sesame harvest from Aug, sorghum from Oct | SS04: Rainy season Apr-Oct; land preparation Feb-Apr; planting May to mid-Jun; weeding mid-Jun to Jul; green harvest from Sep; sorghum and sesame harvested in March","SS07: Not stated; main harvest Oct-Nov | SS02: Jun-Jul | SS04: Not stated; green harvest from Sep, sorghum and sesame harvested in Mar",SS07: Flash floods in low-lying areas Jul-Aug | SS02: Floods every year in Sep-Oct | SS04: Seasonal flooding limits market access; floods along rivers and low-lying areas are periodic,SS07: Rainfall variability; flash floods in low-lying areas Jul-Aug; striga and fall armyworm; livestock disease; conflict | SS02: Drought about every 12 years; annual crop pests and livestock disease; periodic river floods; inter-clan conflict | SS04: Dry spells and late season start about every 2 years (May-Jun); crop pests Jun-Dec; livestock disease; cross-border conflict; price spikes,"SS07: Household labor and ability to hire labor decide land size (poor up to 0.5 ha with hand tools and labor sold to better-off; better-off 2 ha or more); about 80% of households own cattle | SS02: Land size cultivated (poor 0.42-0.84 ha, fewer than 5 goats or sheep; better-off over 20 goats/sheep and cattle, ox-plows, tractors, power saws) | SS04: Land size, farming tools and labor (poor hand tools, short of labor; better-off ox-plows, bicycles, timber and bamboo)","SS07: Border markets Amiet, Majok, Chanwandit; Kuajok, Gogrial, Wunrok, Turalei, Aweil, Warawar, Nyamlel and others; sorghum imported from Sudan, cattle and gum arabic exported | SS02: Rumbek, Yirol, Terekeka, Cueibet, Wulu, Mvolo, Tonj, Wau, Juba; corridors Juba-Rumbek-Wau and Maridi-Mvolo-Rumbek; goods mostly from Juba and Uganda | SS04: Raja, Aroyo, Kuarjena, Mapel, Kangi, Bar Mayen, Aweil, Namatina, Duma, Nagero; Wau; South Darfur (Sudan)","SS07: Poor harvest normally lasts about 6 months (Oct/Nov-Mar/Apr), now 2-5 months or 3 months; Mar-Apr combines purchased sorghum and sorghum earned through labor; wild foods peak in the rains | SS02: Own cereal normally lasts 8 months (Aug-Mar), now 3-5 months; poor buy sorghum Apr-Jul and millet Jun-Jul; cassava year-round | SS04: Own cereal normally 9 months (Sep-May), now 4-6 months; poor buy sorghum Jun-Aug with few income sources in those months; cassava year-round and in-kind labor cushion shortfalls","SS07: Labor sales (peak Apr-May), fish, wild foods, small livestock; better-off sell livestock and crops; livestock sales peak Jun-Jul; seasonal labor migration Jan-Jun to Sudan, Amiet, Wau, Juba | SS02: Lean-season income from firewood, charcoal, thatching grass; better-off sell sorghum, millet, vegetables, cattle, honey; health expenses peak Jun-Aug | SS04: Poor: groundnut sales, natural products (charcoal, bamboo, honey, shea); better-off: groundnut, sesame, cassava, sorghum, tobacco, timber; school fees Mar-Apr","SS07: Roads fully accessible in dry season, only partly in the rains; sorghum price up nearly 5 times since 2016; cattle raiding Feb-May; conflict and displacement in the south-east of the zone | SS02: Unpaved roads hard to use in the rains; very high inflation (up to 10-20 times for some goods since 2016); interclan conflict; tsetse and cattle disease | SS04: Seasonal flooding and poor roads; LRA insecurity in neighboring CAR; staple prices up 6-10 times at Wau market since 2016 while labor wages rose 2 times","SS07: Sale of labor, fish, wild foods and small livestock; better-off sell livestock and crops | SS02: Poor sell firewood, charcoal, grass, mats, shea oil, wild foods and labor; better-off sell sorghum, millet, cattle and honey | SS04: Groundnut sales; natural product sales (charcoal, grass, bamboo, honey, shea); sorghum in-kind labor","FEWS NET South Sudan Livelihood Zone Map and Descriptions, Aug 2018; zone shares from FEWS NET 2018 shapefile overlaid on county boundaries"
Western Bahr el Ghazal,Raja,1,SS04 Western plains groundnuts sesame and sorghum (100%),SS04 Western plains groundnuts sesame and sorghum,"Subsistence rain-fed farming with forest products, seasonal fishing and small livestock; formerly a surplus area","Groundnuts and sesame (cash), sorghum, maize, cassava, cowpeas, pumpkins, vegetables",Rainy season Apr-Oct; land preparation Feb-Apr; planting May to mid-Jun; weeding mid-Jun to Jul; green harvest from Sep; sorghum and sesame harvested in March,"Not stated; green harvest from Sep, sorghum and sesame harvested in Mar",Seasonal flooding limits market access; floods along rivers and low-lying areas are periodic,Dry spells and late season start about every 2 years (May-Jun); crop pests Jun-Dec; livestock disease; cross-border conflict; price spikes,"Land size, farming tools and labor (poor hand tools, short of labor; better-off ox-plows, bicycles, timber and bamboo)","Raja, Aroyo, Kuarjena, Mapel, Kangi, Bar Mayen, Aweil, Namatina, Duma, Nagero; Wau; South Darfur (Sudan)","Own cereal normally 9 months (Sep-May), now 4-6 months; poor buy sorghum Jun-Aug with few income sources in those months; cassava year-round and in-kind labor cushion shortfalls","Poor: groundnut sales, natural products (charcoal, bamboo, honey, shea); better-off: groundnut, sesame, cassava, sorghum, tobacco, timber; school fees Mar-Apr",Seasonal flooding and poor roads; LRA insecurity in neighboring CAR; staple prices up 6-10 times at Wau market since 2016 while labor wages rose 2 times,"Groundnut sales; natural product sales (charcoal, grass, bamboo, honey, shea); sorghum in-kind labor","FEWS NET South Sudan Livelihood Zone Map and Descriptions, Aug 2018; zone shares from FEWS NET 2018 shapefile overlaid on county boundaries"
Western Bahr el Ghazal,Wau,1,SS04 Western plains groundnuts sesame and sorghum (100%),SS04 Western plains groundnuts sesame and sorghum,"Subsistence rain-fed farming with forest products, seasonal fishing and small livestock; formerly a surplus area","Groundnuts and sesame (cash), sorghum, maize, cassava, cowpeas, pumpkins, vegetables",Rainy season Apr-Oct; land preparation Feb-Apr; planting May to mid-Jun; weeding mid-Jun to Jul; green harvest from Sep; sorghum and sesame harvested in March,"Not stated; green harvest from Sep, sorghum and sesame harvested in Mar",Seasonal flooding limits market access; floods along rivers and low-lying areas are periodic,Dry spells and late season start about every 2 years (May-Jun); crop pests Jun-Dec; livestock disease; cross-border conflict; price spikes,"Land size, farming tools and labor (poor hand tools, short of labor; better-off ox-plows, bicycles, timber and bamboo)","Raja, Aroyo, Kuarjena, Mapel, Kangi, Bar Mayen, Aweil, Namatina, Duma, Nagero; Wau; South Darfur (Sudan)","Own cereal normally 9 months (Sep-May), now 4-6 months; poor buy sorghum Jun-Aug with few income sources in those months; cassava year-round and in-kind labor cushion shortfalls","Poor: groundnut sales, natural products (charcoal, bamboo, honey, shea); better-off: groundnut, sesame, cassava, sorghum, tobacco, timber; school fees Mar-Apr",Seasonal flooding and poor roads; LRA insecurity in neighboring CAR; staple prices up 6-10 times at Wau market since 2016 while labor wages rose 2 times,"Groundnut sales; natural product sales (charcoal, grass, bamboo, honey, shea); sorghum in-kind labor","FEWS NET South Sudan Livelihood Zone Map and Descriptions, Aug 2018; zone shares from FEWS NET 2018 shapefile overlaid on county boundaries"
Western Equatoria,Ezo,2,SS01 Equatorial maize and cassava (69%); SS04 Western plains groundnuts sesame and sorghum (31%),SS01 Equatorial maize and cassava,"SS01: Highly productive surplus rain-fed farming with some livestock, fishing, hunting and forest products; good cross-border markets | SS04: Subsistence rain-fed farming with forest products, seasonal fishing and small livestock; formerly a surplus area","SS01: Maize, sorghum, groundnuts, soya, cassava, sweet potatoes, rice, vegetables; Robusta coffee as cash crop | SS04: Groundnuts and sesame (cash), sorghum, maize, cassava, cowpeas, pumpkins, vegetables","SS01: Two rainy seasons (Mar-Jun, Aug-Nov); land preparation Jan-Mar; planting mid-Mar to May; cereal harvest Jul-Aug and Nov-Dec | SS04: Rainy season Apr-Oct; land preparation Feb-Apr; planting May to mid-Jun; weeding mid-Jun to Jul; green harvest from Sep; sorghum and sesame harvested in March","SS01: Dry-season stocks decline from about Apr; lean season ends late Jun when green maize is eaten | SS04: Not stated; green harvest from Sep, sorghum and sesame harvested in Mar","SS01: River and stream floods Aug-Oct, about every 4 years; seasonal flooding makes some roads impassable in the rains | SS04: Seasonal flooding limits market access; floods along rivers and low-lying areas are periodic",SS01: Dry spells May-Jul (about every 2 years); river and stream floods Aug-Oct (about every 4 years); crop pests every rainy season; conflict and insecurity | SS04: Dry spells and late season start about every 2 years (May-Jun); crop pests Jun-Dec; livestock disease; cross-border conflict; price spikes,"SS01: Land cultivated (poor about 0.8 ha, hand tools; better-off 2-4 ha with hired labor and tractors), crop types grown in both seasons, productive assets | SS04: Land size, farming tools and labor (poor hand tools, short of labor; better-off ox-plows, bicycles, timber and bamboo)","SS01: Border markets Nabiapai and Bazi (DRC, Kenya, Uganda); Yambio, Yei, Ikotos, Nimule, Namaku, Koliko; surplus maize sold to traders and WFP (P4P); roads to Juba; several currencies in use | SS04: Raja, Aroyo, Kuarjena, Mapel, Kangi, Bar Mayen, Aweil, Namatina, Duma, Nagero; Wau; South Darfur (Sudan)","SS01: Own crops normally last poor households about 9 months (Jul-Mar), now 4-7 months; market purchase of maize, sorghum and other foods for remaining months; wild food consumption peaks in rains; better-off largely self-sufficient | SS04: Own cereal normally 9 months (Sep-May), now 4-6 months; poor buy sorghum Jun-Aug with few income sources in those months; cassava year-round and in-kind labor cushion shortfalls","SS01: Poor: bush product sales, labor, brewing; better-off: food and cash crop (coffee) sales, retail trade; livestock sales peak in dry season | SS04: Poor: groundnut sales, natural products (charcoal, bamboo, honey, shea); better-off: groundnut, sesame, cassava, sorghum, tobacco, timber; school fees Mar-Apr",SS01: Poor road maintenance and seasonal flooding make some roads impassable in the rains; insecurity; long distances; inflation; displacement to Uganda and IDP camps | SS04: Seasonal flooding and poor roads; LRA insecurity in neighboring CAR; staple prices up 6-10 times at Wau market since 2016 while labor wages rose 2 times,"SS01: Wild foods, bush product and charcoal sales, labor migration, remittances, livestock sales | SS04: Groundnut sales; natural product sales (charcoal, grass, bamboo, honey, shea); sorghum in-kind labor","FEWS NET South Sudan Livelihood Zone Map and Descriptions, Aug 2018; zone shares from FEWS NET 2018 shapefile overlaid on county boundaries"
Western Equatoria,Ibba,2,SS01 Equatorial maize and cassava (88%); SS02 Ironstone Plateau agro-pastoral (12%),SS01 Equatorial maize and cassava,"SS01: Highly productive surplus rain-fed farming with some livestock, fishing, hunting and forest products; good cross-border markets | SS02: Moderately productive agro-pastoral zone: cereals and legumes, cattle and small livestock","SS01: Maize, sorghum, groundnuts, soya, cassava, sweet potatoes, rice, vegetables; Robusta coffee as cash crop | SS02: Sorghum (main), millet, maize, groundnut, sesame, cassava, sweet potatoes, vegetables","SS01: Two rainy seasons (Mar-Jun, Aug-Nov); land preparation Jan-Mar; planting mid-Mar to May; cereal harvest Jul-Aug and Nov-Dec | SS02: Single rainy season Apr-early Nov; land preparation Feb-Mar; planting Apr-May; weeding Jun-Jul; lean season Jun-Jul; groundnut and sesame harvest from Aug, sorghum from Oct",SS01: Dry-season stocks decline from about Apr; lean season ends late Jun when green maize is eaten | SS02: Jun-Jul,"SS01: River and stream floods Aug-Oct, about every 4 years; seasonal flooding makes some roads impassable in the rains | SS02: Floods every year in Sep-Oct",SS01: Dry spells May-Jul (about every 2 years); river and stream floods Aug-Oct (about every 4 years); crop pests every rainy season; conflict and insecurity | SS02: Drought about every 12 years; annual crop pests and livestock disease; periodic river floods; inter-clan conflict,"SS01: Land cultivated (poor about 0.8 ha, hand tools; better-off 2-4 ha with hired labor and tractors), crop types grown in both seasons, productive assets | SS02: Land size cultivated (poor 0.42-0.84 ha, fewer than 5 goats or sheep; better-off over 20 goats/sheep and cattle, ox-plows, tractors, power saws)","SS01: Border markets Nabiapai and Bazi (DRC, Kenya, Uganda); Yambio, Yei, Ikotos, Nimule, Namaku, Koliko; surplus maize sold to traders and WFP (P4P); roads to Juba; several currencies in use | SS02: Rumbek, Yirol, Terekeka, Cueibet, Wulu, Mvolo, Tonj, Wau, Juba; corridors Juba-Rumbek-Wau and Maridi-Mvolo-Rumbek; goods mostly from Juba and Uganda","SS01: Own crops normally last poor households about 9 months (Jul-Mar), now 4-7 months; market purchase of maize, sorghum and other foods for remaining months; wild food consumption peaks in rains; better-off largely self-sufficient | SS02: Own cereal normally lasts 8 months (Aug-Mar), now 3-5 months; poor buy sorghum Apr-Jul and millet Jun-Jul; cassava year-round","SS01: Poor: bush product sales, labor, brewing; better-off: food and cash crop (coffee) sales, retail trade; livestock sales peak in dry season | SS02: Lean-season income from firewood, charcoal, thatching grass; better-off sell sorghum, millet, vegetables, cattle, honey; health expenses peak Jun-Aug",SS01: Poor road maintenance and seasonal flooding make some roads impassable in the rains; insecurity; long distances; inflation; displacement to Uganda and IDP camps | SS02: Unpaved roads hard to use in the rains; very high inflation (up to 10-20 times for some goods since 2016); interclan conflict; tsetse and cattle disease,"SS01: Wild foods, bush product and charcoal sales, labor migration, remittances, livestock sales | SS02: Poor sell firewood, charcoal, grass, mats, shea oil, wild foods and labor; better-off sell sorghum, millet, cattle and honey","FEWS NET South Sudan Livelihood Zone Map and Descriptions, Aug 2018; zone shares from FEWS NET 2018 shapefile overlaid on county boundaries"
Western Equatoria,Maridi,2,SS01 Equatorial maize and cassava (89%); SS02 Ironstone Plateau agro-pastoral (11%),SS01 Equatorial maize and cassava,"SS01: Highly productive surplus rain-fed farming with some livestock, fishing, hunting and forest products; good cross-border markets | SS02: Moderately productive agro-pastoral zone: cereals and legumes, cattle and small livestock","SS01: Maize, sorghum, groundnuts, soya, cassava, sweet potatoes, rice, vegetables; Robusta coffee as cash crop | SS02: Sorghum (main), millet, maize, groundnut, sesame, cassava, sweet potatoes, vegetables","SS01: Two rainy seasons (Mar-Jun, Aug-Nov); land preparation Jan-Mar; planting mid-Mar to May; cereal harvest Jul-Aug and Nov-Dec | SS02: Single rainy season Apr-early Nov; land preparation Feb-Mar; planting Apr-May; weeding Jun-Jul; lean season Jun-Jul; groundnut and sesame harvest from Aug, sorghum from Oct",SS01: Dry-season stocks decline from about Apr; lean season ends late Jun when green maize is eaten | SS02: Jun-Jul,"SS01: River and stream floods Aug-Oct, about every 4 years; seasonal flooding makes some roads impassable in the rains | SS02: Floods every year in Sep-Oct",SS01: Dry spells May-Jul (about every 2 years); river and stream floods Aug-Oct (about every 4 years); crop pests every rainy season; conflict and insecurity | SS02: Drought about every 12 years; annual crop pests and livestock disease; periodic river floods; inter-clan conflict,"SS01: Land cultivated (poor about 0.8 ha, hand tools; better-off 2-4 ha with hired labor and tractors), crop types grown in both seasons, productive assets | SS02: Land size cultivated (poor 0.42-0.84 ha, fewer than 5 goats or sheep; better-off over 20 goats/sheep and cattle, ox-plows, tractors, power saws)","SS01: Border markets Nabiapai and Bazi (DRC, Kenya, Uganda); Yambio, Yei, Ikotos, Nimule, Namaku, Koliko; surplus maize sold to traders and WFP (P4P); roads to Juba; several currencies in use | SS02: Rumbek, Yirol, Terekeka, Cueibet, Wulu, Mvolo, Tonj, Wau, Juba; corridors Juba-Rumbek-Wau and Maridi-Mvolo-Rumbek; goods mostly from Juba and Uganda","SS01: Own crops normally last poor households about 9 months (Jul-Mar), now 4-7 months; market purchase of maize, sorghum and other foods for remaining months; wild food consumption peaks in rains; better-off largely self-sufficient | SS02: Own cereal normally lasts 8 months (Aug-Mar), now 3-5 months; poor buy sorghum Apr-Jul and millet Jun-Jul; cassava year-round","SS01: Poor: bush product sales, labor, brewing; better-off: food and cash crop (coffee) sales, retail trade; livestock sales peak in dry season | SS02: Lean-season income from firewood, charcoal, thatching grass; better-off sell sorghum, millet, vegetables, cattle, honey; health expenses peak Jun-Aug",SS01: Poor road maintenance and seasonal flooding make some roads impassable in the rains; insecurity; long distances; inflation; displacement to Uganda and IDP camps | SS02: Unpaved roads hard to use in the rains; very high inflation (up to 10-20 times for some goods since 2016); interclan conflict; tsetse and cattle disease,"SS01: Wild foods, bush product and charcoal sales, labor migration, remittances, livestock sales | SS02: Poor sell firewood, charcoal, grass, mats, shea oil, wild foods and labor; better-off sell sorghum, millet, cattle and honey","FEWS NET South Sudan Livelihood Zone Map and Descriptions, Aug 2018; zone shares from FEWS NET 2018 shapefile overlaid on county boundaries"
Western Equatoria,Mundri East,2,SS01 Equatorial maize and cassava (66%); SS02 Ironstone Plateau agro-pastoral (34%),SS01 Equatorial maize and cassava,"SS01: Highly productive surplus rain-fed farming with some livestock, fishing, hunting and forest products; good cross-border markets | SS02: Moderately productive agro-pastoral zone: cereals and legumes, cattle and small livestock","SS01: Maize, sorghum, groundnuts, soya, cassava, sweet potatoes, rice, vegetables; Robusta coffee as cash crop | SS02: Sorghum (main), millet, maize, groundnut, sesame, cassava, sweet potatoes, vegetables","SS01: Two rainy seasons (Mar-Jun, Aug-Nov); land preparation Jan-Mar; planting mid-Mar to May; cereal harvest Jul-Aug and Nov-Dec | SS02: Single rainy season Apr-early Nov; land preparation Feb-Mar; planting Apr-May; weeding Jun-Jul; lean season Jun-Jul; groundnut and sesame harvest from Aug, sorghum from Oct",SS01: Dry-season stocks decline from about Apr; lean season ends late Jun when green maize is eaten | SS02: Jun-Jul,"SS01: River and stream floods Aug-Oct, about every 4 years; seasonal flooding makes some roads impassable in the rains | SS02: Floods every year in Sep-Oct",SS01: Dry spells May-Jul (about every 2 years); river and stream floods Aug-Oct (about every 4 years); crop pests every rainy season; conflict and insecurity | SS02: Drought about every 12 years; annual crop pests and livestock disease; periodic river floods; inter-clan conflict,"SS01: Land cultivated (poor about 0.8 ha, hand tools; better-off 2-4 ha with hired labor and tractors), crop types grown in both seasons, productive assets | SS02: Land size cultivated (poor 0.42-0.84 ha, fewer than 5 goats or sheep; better-off over 20 goats/sheep and cattle, ox-plows, tractors, power saws)","SS01: Border markets Nabiapai and Bazi (DRC, Kenya, Uganda); Yambio, Yei, Ikotos, Nimule, Namaku, Koliko; surplus maize sold to traders and WFP (P4P); roads to Juba; several currencies in use | SS02: Rumbek, Yirol, Terekeka, Cueibet, Wulu, Mvolo, Tonj, Wau, Juba; corridors Juba-Rumbek-Wau and Maridi-Mvolo-Rumbek; goods mostly from Juba and Uganda","SS01: Own crops normally last poor households about 9 months (Jul-Mar), now 4-7 months; market purchase of maize, sorghum and other foods for remaining months; wild food consumption peaks in rains; better-off largely self-sufficient | SS02: Own cereal normally lasts 8 months (Aug-Mar), now 3-5 months; poor buy sorghum Apr-Jul and millet Jun-Jul; cassava year-round","SS01: Poor: bush product sales, labor, brewing; better-off: food and cash crop (coffee) sales, retail trade; livestock sales peak in dry season | SS02: Lean-season income from firewood, charcoal, thatching grass; better-off sell sorghum, millet, vegetables, cattle, honey; health expenses peak Jun-Aug",SS01: Poor road maintenance and seasonal flooding make some roads impassable in the rains; insecurity; long distances; inflation; displacement to Uganda and IDP camps | SS02: Unpaved roads hard to use in the rains; very high inflation (up to 10-20 times for some goods since 2016); interclan conflict; tsetse and cattle disease,"SS01: Wild foods, bush product and charcoal sales, labor migration, remittances, livestock sales | SS02: Poor sell firewood, charcoal, grass, mats, shea oil, wild foods and labor; better-off sell sorghum, millet, cattle and honey","FEWS NET South Sudan Livelihood Zone Map and Descriptions, Aug 2018; zone shares from FEWS NET 2018 shapefile overlaid on county boundaries"
Western Equatoria,Mundri West,2,SS01 Equatorial maize and cassava (79%); SS02 Ironstone Plateau agro-pastoral (21%),SS01 Equatorial maize and cassava,"SS01: Highly productive surplus rain-fed farming with some livestock, fishing, hunting and forest products; good cross-border markets | SS02: Moderately productive agro-pastoral zone: cereals and legumes, cattle and small livestock","SS01: Maize, sorghum, groundnuts, soya, cassava, sweet potatoes, rice, vegetables; Robusta coffee as cash crop | SS02: Sorghum (main), millet, maize, groundnut, sesame, cassava, sweet potatoes, vegetables","SS01: Two rainy seasons (Mar-Jun, Aug-Nov); land preparation Jan-Mar; planting mid-Mar to May; cereal harvest Jul-Aug and Nov-Dec | SS02: Single rainy season Apr-early Nov; land preparation Feb-Mar; planting Apr-May; weeding Jun-Jul; lean season Jun-Jul; groundnut and sesame harvest from Aug, sorghum from Oct",SS01: Dry-season stocks decline from about Apr; lean season ends late Jun when green maize is eaten | SS02: Jun-Jul,"SS01: River and stream floods Aug-Oct, about every 4 years; seasonal flooding makes some roads impassable in the rains | SS02: Floods every year in Sep-Oct",SS01: Dry spells May-Jul (about every 2 years); river and stream floods Aug-Oct (about every 4 years); crop pests every rainy season; conflict and insecurity | SS02: Drought about every 12 years; annual crop pests and livestock disease; periodic river floods; inter-clan conflict,"SS01: Land cultivated (poor about 0.8 ha, hand tools; better-off 2-4 ha with hired labor and tractors), crop types grown in both seasons, productive assets | SS02: Land size cultivated (poor 0.42-0.84 ha, fewer than 5 goats or sheep; better-off over 20 goats/sheep and cattle, ox-plows, tractors, power saws)","SS01: Border markets Nabiapai and Bazi (DRC, Kenya, Uganda); Yambio, Yei, Ikotos, Nimule, Namaku, Koliko; surplus maize sold to traders and WFP (P4P); roads to Juba; several currencies in use | SS02: Rumbek, Yirol, Terekeka, Cueibet, Wulu, Mvolo, Tonj, Wau, Juba; corridors Juba-Rumbek-Wau and Maridi-Mvolo-Rumbek; goods mostly from Juba and Uganda","SS01: Own crops normally last poor households about 9 months (Jul-Mar), now 4-7 months; market purchase of maize, sorghum and other foods for remaining months; wild food consumption peaks in rains; better-off largely self-sufficient | SS02: Own cereal normally lasts 8 months (Aug-Mar), now 3-5 months; poor buy sorghum Apr-Jul and millet Jun-Jul; cassava year-round","SS01: Poor: bush product sales, labor, brewing; better-off: food and cash crop (coffee) sales, retail trade; livestock sales peak in dry season | SS02: Lean-season income from firewood, charcoal, thatching grass; better-off sell sorghum, millet, vegetables, cattle, honey; health expenses peak Jun-Aug",SS01: Poor road maintenance and seasonal flooding make some roads impassable in the rains; insecurity; long distances; inflation; displacement to Uganda and IDP camps | SS02: Unpaved roads hard to use in the rains; very high inflation (up to 10-20 times for some goods since 2016); interclan conflict; tsetse and cattle disease,"SS01: Wild foods, bush product and charcoal sales, labor migration, remittances, livestock sales | SS02: Poor sell firewood, charcoal, grass, mats, shea oil, wild foods and labor; better-off sell sorghum, millet, cattle and honey","FEWS NET South Sudan Livelihood Zone Map and Descriptions, Aug 2018; zone shares from FEWS NET 2018 shapefile overlaid on county boundaries"
Western Equatoria,Mvolo,1,SS02 Ironstone Plateau agro-pastoral (100%),SS02 Ironstone Plateau agro-pastoral,"Moderately productive agro-pastoral zone: cereals and legumes, cattle and small livestock","Sorghum (main), millet, maize, groundnut, sesame, cassava, sweet potatoes, vegetables","Single rainy season Apr-early Nov; land preparation Feb-Mar; planting Apr-May; weeding Jun-Jul; lean season Jun-Jul; groundnut and sesame harvest from Aug, sorghum from Oct",Jun-Jul,Floods every year in Sep-Oct,Drought about every 12 years; annual crop pests and livestock disease; periodic river floods; inter-clan conflict,"Land size cultivated (poor 0.42-0.84 ha, fewer than 5 goats or sheep; better-off over 20 goats/sheep and cattle, ox-plows, tractors, power saws)","Rumbek, Yirol, Terekeka, Cueibet, Wulu, Mvolo, Tonj, Wau, Juba; corridors Juba-Rumbek-Wau and Maridi-Mvolo-Rumbek; goods mostly from Juba and Uganda","Own cereal normally lasts 8 months (Aug-Mar), now 3-5 months; poor buy sorghum Apr-Jul and millet Jun-Jul; cassava year-round","Lean-season income from firewood, charcoal, thatching grass; better-off sell sorghum, millet, vegetables, cattle, honey; health expenses peak Jun-Aug",Unpaved roads hard to use in the rains; very high inflation (up to 10-20 times for some goods since 2016); interclan conflict; tsetse and cattle disease,"Poor sell firewood, charcoal, grass, mats, shea oil, wild foods and labor; better-off sell sorghum, millet, cattle and honey","FEWS NET South Sudan Livelihood Zone Map and Descriptions, Aug 2018; zone shares from FEWS NET 2018 shapefile overlaid on county boundaries"
Western Equatoria,Nagero,1,SS04 Western plains groundnuts sesame and sorghum (100%),SS04 Western plains groundnuts sesame and sorghum,"Subsistence rain-fed farming with forest products, seasonal fishing and small livestock; formerly a surplus area","Groundnuts and sesame (cash), sorghum, maize, cassava, cowpeas, pumpkins, vegetables",Rainy season Apr-Oct; land preparation Feb-Apr; planting May to mid-Jun; weeding mid-Jun to Jul; green harvest from Sep; sorghum and sesame harvested in March,"Not stated; green harvest from Sep, sorghum and sesame harvested in Mar",Seasonal flooding limits market access; floods along rivers and low-lying areas are periodic,Dry spells and late season start about every 2 years (May-Jun); crop pests Jun-Dec; livestock disease; cross-border conflict; price spikes,"Land size, farming tools and labor (poor hand tools, short of labor; better-off ox-plows, bicycles, timber and bamboo)","Raja, Aroyo, Kuarjena, Mapel, Kangi, Bar Mayen, Aweil, Namatina, Duma, Nagero; Wau; South Darfur (Sudan)","Own cereal normally 9 months (Sep-May), now 4-6 months; poor buy sorghum Jun-Aug with few income sources in those months; cassava year-round and in-kind labor cushion shortfalls","Poor: groundnut sales, natural products (charcoal, bamboo, honey, shea); better-off: groundnut, sesame, cassava, sorghum, tobacco, timber; school fees Mar-Apr",Seasonal flooding and poor roads; LRA insecurity in neighboring CAR; staple prices up 6-10 times at Wau market since 2016 while labor wages rose 2 times,"Groundnut sales; natural product sales (charcoal, grass, bamboo, honey, shea); sorghum in-kind labor","FEWS NET South Sudan Livelihood Zone Map and Descriptions, Aug 2018; zone shares from FEWS NET 2018 shapefile overlaid on county boundaries"
Western Equatoria,Nzara,2,SS01 Equatorial maize and cassava (60%); SS04 Western plains groundnuts sesame and sorghum (40%),SS01 Equatorial maize and cassava,"SS01: Highly productive surplus rain-fed farming with some livestock, fishing, hunting and forest products; good cross-border markets | SS04: Subsistence rain-fed farming with forest products, seasonal fishing and small livestock; formerly a surplus area","SS01: Maize, sorghum, groundnuts, soya, cassava, sweet potatoes, rice, vegetables; Robusta coffee as cash crop | SS04: Groundnuts and sesame (cash), sorghum, maize, cassava, cowpeas, pumpkins, vegetables","SS01: Two rainy seasons (Mar-Jun, Aug-Nov); land preparation Jan-Mar; planting mid-Mar to May; cereal harvest Jul-Aug and Nov-Dec | SS04: Rainy season Apr-Oct; land preparation Feb-Apr; planting May to mid-Jun; weeding mid-Jun to Jul; green harvest from Sep; sorghum and sesame harvested in March","SS01: Dry-season stocks decline from about Apr; lean season ends late Jun when green maize is eaten | SS04: Not stated; green harvest from Sep, sorghum and sesame harvested in Mar","SS01: River and stream floods Aug-Oct, about every 4 years; seasonal flooding makes some roads impassable in the rains | SS04: Seasonal flooding limits market access; floods along rivers and low-lying areas are periodic",SS01: Dry spells May-Jul (about every 2 years); river and stream floods Aug-Oct (about every 4 years); crop pests every rainy season; conflict and insecurity | SS04: Dry spells and late season start about every 2 years (May-Jun); crop pests Jun-Dec; livestock disease; cross-border conflict; price spikes,"SS01: Land cultivated (poor about 0.8 ha, hand tools; better-off 2-4 ha with hired labor and tractors), crop types grown in both seasons, productive assets | SS04: Land size, farming tools and labor (poor hand tools, short of labor; better-off ox-plows, bicycles, timber and bamboo)","SS01: Border markets Nabiapai and Bazi (DRC, Kenya, Uganda); Yambio, Yei, Ikotos, Nimule, Namaku, Koliko; surplus maize sold to traders and WFP (P4P); roads to Juba; several currencies in use | SS04: Raja, Aroyo, Kuarjena, Mapel, Kangi, Bar Mayen, Aweil, Namatina, Duma, Nagero; Wau; South Darfur (Sudan)","SS01: Own crops normally last poor households about 9 months (Jul-Mar), now 4-7 months; market purchase of maize, sorghum and other foods for remaining months; wild food consumption peaks in rains; better-off largely self-sufficient | SS04: Own cereal normally 9 months (Sep-May), now 4-6 months; poor buy sorghum Jun-Aug with few income sources in those months; cassava year-round and in-kind labor cushion shortfalls","SS01: Poor: bush product sales, labor, brewing; better-off: food and cash crop (coffee) sales, retail trade; livestock sales peak in dry season | SS04: Poor: groundnut sales, natural products (charcoal, bamboo, honey, shea); better-off: groundnut, sesame, cassava, sorghum, tobacco, timber; school fees Mar-Apr",SS01: Poor road maintenance and seasonal flooding make some roads impassable in the rains; insecurity; long distances; inflation; displacement to Uganda and IDP camps | SS04: Seasonal flooding and poor roads; LRA insecurity in neighboring CAR; staple prices up 6-10 times at Wau market since 2016 while labor wages rose 2 times,"SS01: Wild foods, bush product and charcoal sales, labor migration, remittances, livestock sales | SS04: Groundnut sales; natural product sales (charcoal, grass, bamboo, honey, shea); sorghum in-kind labor","FEWS NET South Sudan Livelihood Zone Map and Descriptions, Aug 2018; zone shares from FEWS NET 2018 shapefile overlaid on county boundaries"
Western Equatoria,Tambura,2,SS04 Western plains groundnuts sesame and sorghum (84%); SS01 Equatorial maize and cassava (16%),SS04 Western plains groundnuts sesame and sorghum,"SS04: Subsistence rain-fed farming with forest products, seasonal fishing and small livestock; formerly a surplus area | SS01: Highly productive surplus rain-fed farming with some livestock, fishing, hunting and forest products; good cross-border markets","SS04: Groundnuts and sesame (cash), sorghum, maize, cassava, cowpeas, pumpkins, vegetables | SS01: Maize, sorghum, groundnuts, soya, cassava, sweet potatoes, rice, vegetables; Robusta coffee as cash crop","SS04: Rainy season Apr-Oct; land preparation Feb-Apr; planting May to mid-Jun; weeding mid-Jun to Jul; green harvest from Sep; sorghum and sesame harvested in March | SS01: Two rainy seasons (Mar-Jun, Aug-Nov); land preparation Jan-Mar; planting mid-Mar to May; cereal harvest Jul-Aug and Nov-Dec","SS04: Not stated; green harvest from Sep, sorghum and sesame harvested in Mar | SS01: Dry-season stocks decline from about Apr; lean season ends late Jun when green maize is eaten","SS04: Seasonal flooding limits market access; floods along rivers and low-lying areas are periodic | SS01: River and stream floods Aug-Oct, about every 4 years; seasonal flooding makes some roads impassable in the rains",SS04: Dry spells and late season start about every 2 years (May-Jun); crop pests Jun-Dec; livestock disease; cross-border conflict; price spikes | SS01: Dry spells May-Jul (about every 2 years); river and stream floods Aug-Oct (about every 4 years); crop pests every rainy season; conflict and insecurity,"SS04: Land size, farming tools and labor (poor hand tools, short of labor; better-off ox-plows, bicycles, timber and bamboo) | SS01: Land cultivated (poor about 0.8 ha, hand tools; better-off 2-4 ha with hired labor and tractors), crop types grown in both seasons, productive assets","SS04: Raja, Aroyo, Kuarjena, Mapel, Kangi, Bar Mayen, Aweil, Namatina, Duma, Nagero; Wau; South Darfur (Sudan) | SS01: Border markets Nabiapai and Bazi (DRC, Kenya, Uganda); Yambio, Yei, Ikotos, Nimule, Namaku, Koliko; surplus maize sold to traders and WFP (P4P); roads to Juba; several currencies in use","SS04: Own cereal normally 9 months (Sep-May), now 4-6 months; poor buy sorghum Jun-Aug with few income sources in those months; cassava year-round and in-kind labor cushion shortfalls | SS01: Own crops normally last poor households about 9 months (Jul-Mar), now 4-7 months; market purchase of maize, sorghum and other foods for remaining months; wild food consumption peaks in rains; better-off largely self-sufficient","SS04: Poor: groundnut sales, natural products (charcoal, bamboo, honey, shea); better-off: groundnut, sesame, cassava, sorghum, tobacco, timber; school fees Mar-Apr | SS01: Poor: bush product sales, labor, brewing; better-off: food and cash crop (coffee) sales, retail trade; livestock sales peak in dry season",SS04: Seasonal flooding and poor roads; LRA insecurity in neighboring CAR; staple prices up 6-10 times at Wau market since 2016 while labor wages rose 2 times | SS01: Poor road maintenance and seasonal flooding make some roads impassable in the rains; insecurity; long distances; inflation; displacement to Uganda and IDP camps,"SS04: Groundnut sales; natural product sales (charcoal, grass, bamboo, honey, shea); sorghum in-kind labor | SS01: Wild foods, bush product and charcoal sales, labor migration, remittances, livestock sales","FEWS NET South Sudan Livelihood Zone Map and Descriptions, Aug 2018; zone shares from FEWS NET 2018 shapefile overlaid on county boundaries"
Western Equatoria,Yambio,2,SS01 Equatorial maize and cassava (77%); SS04 Western plains groundnuts sesame and sorghum (23%),SS01 Equatorial maize and cassava,"SS01: Highly productive surplus rain-fed farming with some livestock, fishing, hunting and forest products; good cross-border markets | SS04: Subsistence rain-fed farming with forest products, seasonal fishing and small livestock; formerly a surplus area","SS01: Maize, sorghum, groundnuts, soya, cassava, sweet potatoes, rice, vegetables; Robusta coffee as cash crop | SS04: Groundnuts and sesame (cash), sorghum, maize, cassava, cowpeas, pumpkins, vegetables","SS01: Two rainy seasons (Mar-Jun, Aug-Nov); land preparation Jan-Mar; planting mid-Mar to May; cereal harvest Jul-Aug and Nov-Dec | SS04: Rainy season Apr-Oct; land preparation Feb-Apr; planting May to mid-Jun; weeding mid-Jun to Jul; green harvest from Sep; sorghum and sesame harvested in March","SS01: Dry-season stocks decline from about Apr; lean season ends late Jun when green maize is eaten | SS04: Not stated; green harvest from Sep, sorghum and sesame harvested in Mar","SS01: River and stream floods Aug-Oct, about every 4 years; seasonal flooding makes some roads impassable in the rains | SS04: Seasonal flooding limits market access; floods along rivers and low-lying areas are periodic",SS01: Dry spells May-Jul (about every 2 years); river and stream floods Aug-Oct (about every 4 years); crop pests every rainy season; conflict and insecurity | SS04: Dry spells and late season start about every 2 years (May-Jun); crop pests Jun-Dec; livestock disease; cross-border conflict; price spikes,"SS01: Land cultivated (poor about 0.8 ha, hand tools; better-off 2-4 ha with hired labor and tractors), crop types grown in both seasons, productive assets | SS04: Land size, farming tools and labor (poor hand tools, short of labor; better-off ox-plows, bicycles, timber and bamboo)","SS01: Border markets Nabiapai and Bazi (DRC, Kenya, Uganda); Yambio, Yei, Ikotos, Nimule, Namaku, Koliko; surplus maize sold to traders and WFP (P4P); roads to Juba; several currencies in use | SS04: Raja, Aroyo, Kuarjena, Mapel, Kangi, Bar Mayen, Aweil, Namatina, Duma, Nagero; Wau; South Darfur (Sudan)","SS01: Own crops normally last poor households about 9 months (Jul-Mar), now 4-7 months; market purchase of maize, sorghum and other foods for remaining months; wild food consumption peaks in rains; better-off largely self-sufficient | SS04: Own cereal normally 9 months (Sep-May), now 4-6 months; poor buy sorghum Jun-Aug with few income sources in those months; cassava year-round and in-kind labor cushion shortfalls","SS01: Poor: bush product sales, labor, brewing; better-off: food and cash crop (coffee) sales, retail trade; livestock sales peak in dry season | SS04: Poor: groundnut sales, natural products (charcoal, bamboo, honey, shea); better-off: groundnut, sesame, cassava, sorghum, tobacco, timber; school fees Mar-Apr",SS01: Poor road maintenance and seasonal flooding make some roads impassable in the rains; insecurity; long distances; inflation; displacement to Uganda and IDP camps | SS04: Seasonal flooding and poor roads; LRA insecurity in neighboring CAR; staple prices up 6-10 times at Wau market since 2016 while labor wages rose 2 times,"SS01: Wild foods, bush product and charcoal sales, labor migration, remittances, livestock sales | SS04: Groundnut sales; natural product sales (charcoal, grass, bamboo, honey, shea); sorghum in-kind labor","FEWS NET South Sudan Livelihood Zone Map and Descriptions, Aug 2018; zone shares from FEWS NET 2018 shapefile overlaid on county boundaries"
